OID_,PEDON_ID,DRAINAGE,PM1_MD_DEP,PM1_PHYS,PM1_LIT_MD,PM1_CHEM,PM1_WEATHR,PM2_MD_DEP,PM2_PHYS,PM2_LIT_MD,PM2_CHEM,PM2_WEATHR,HUMUS_FORM,TABLE_KIND,TABLE_DPTH,ROCK_DPTH,CACO3_DPTH
1,0020118,moderately well drained,morainal till,fine loamy and fine silty,sedementary - siltstone and mudstone, ,unspecified, , , , , ,terrestrial, , , , 
2,0020120,moderately well drained,morainal till,fine loamy and fine silty,sedementary - siltstone and mudstone, ,unspecified, , , , , ,terrestrial, , , , 
3,0020294,well drained,morainal till,fine loamy and fine silty,mixed,moderately to very strongly calcareous,chemical and physical, , , , , , , , , , 
4,0020295,poorly drained,lacustrine,clayey,sedementary - siltstone and mudstone,weakly calcareous,chemical and physical,lacustrine,clayey, ,moderately to very strongly calcareous,chemical and physical, , , , , 
5,0020297,well drained, ,fine loamy and fine silty,sedementary - siltstone and mudstone,moderately to very strongly calcareous,chemical and physical, , , , , , , , , , 
6,0020300,well drained,morainal till,fine loamy and fine silty,sedementary - siltstone and mudstone,moderately to very strongly calcareous,chemical and physical, , , , , , , , , , 
7,0020301,well drained,morainal till,fine loamy and fine silty,undifferentiated,moderately to very strongly calcareous,chemical and physical, , , , , , , , , , 
8,0020302,well drained,morainal till,fine loamy and fine silty,undifferentiated,moderately to very strongly calcareous,chemical and physical, , , , , , , , , , 
9,0020303,well drained,morainal till,fine loamy and fine silty,mixed,moderately to very strongly calcareous,chemical and physical, , , , , , , , , , 
10,0020305,well drained,morainal till,fine loamy and fine silty,sedementary - siltstone and mudstone,moderately to very strongly calcareous,chemical and physical, , , , , , , , , , 
11,0020306,well drained,fluvial,coarse loamy and coarse silty,undifferentiated,weakly calcareous,unspecified, , , , , , , , , , 
12,0020307,well drained,fluvio-lacustrine,fine loamy and fine silty,undifferentiated,moderately to very strongly calcareous,unspecified,morainal till,fine loamy and fine silty, ,moderately to very strongly calcareous,unspecified, , , , , 
13,0020308,well drained,fluvio-lacustrine,fine loamy and fine silty,undifferentiated,weakly calcareous,unspecified,morainal till,fine loamy and fine silty, ,moderately to very strongly calcareous,unspecified, , , , , 
14,0020310,moderately well drained,fluvio-lacustrine,fine loamy and fine silty,sedementary - siltstone and mudstone,moderately to very strongly calcareous,chemical and physical, , , , , , ,perched, , , 
15,0020311,well drained,morainal till,fine loamy and fine silty,undifferentiated,moderately to very strongly calcareous,chemical and physical, , , , , , , , , , 
16,0020398,well drained,lacustrine,fine loamy and fine silty,undifferentiated,moderately to very strongly calcareous,unspecified,morainal till,clayey, ,weakly calcareous,unspecified, , , , , 
17,0020401,well drained,morainal till,fine loamy and fine silty,mixed,moderately to very strongly calcareous,chemical and physical, , , , , , , , , , 
18,0020403,well drained,fluvial,skeletal,mixed,moderately to very strongly calcareous,chemical and physical, , , , , , , , , , 
19,0020485,well drained,morainal till, ,undifferentiated, , , , , , , , , , , , 
20,0020496,well drained,morainal till, ,undifferentiated, , , , , , , , , , , , 
21,0020507,well drained,glacio-fluvial, ,undifferentiated, , ,morainal till, ,undifferentiated, , , , , , , 
22,0020540, ,morainal till, ,undifferentiated, , , , , , , , , , , , 
23,0020551,well drained,morainal till, ,undifferentiated, , , , , , , , , , , , 
24,0020605,well drained,morainal till, ,undifferentiated, , , , , , , , , , , , 
25,0020611,well drained,morainal till, ,undifferentiated, , , , , , , , , , , , 
26,0020612,well drained,morainal till, ,undifferentiated, , , , , , , , , , , , 
27,0020625, ,glacio-fluvial, ,sedementary - siltstone and mudstone, , , , , , , , , , , , 
28,0020626, ,lacustrine, ,undifferentiated, , , , , , , , , , , , 
29,0020627, ,fluvial, ,undifferentiated, , , , , , , , , , , , 
30,0020631,well drained,fluvial, ,undifferentiated, , , , , , , , , , , , 
31,0020632,well drained,lacustrine, ,undifferentiated, , , , , , , , , , , , 
32,0020633,well drained,residual, ,undifferentiated, , , , , , , , , , , , 
33,0020653,well drained,lacustrine, ,undifferentiated, , , , , , , , , , , , 
34,0020656,well drained,glacio-fluvial, ,undifferentiated, , , , , , , , , , , , 
35,0020657,rapidly drained,eolian, ,undifferentiated, , , , , , , , , , , , 
36,0020658,well drained,eolian, ,undifferentiated, , , , , , , , , , , , 
37,0020659,well drained,fluvial, ,undifferentiated, , , , , , , , , , , , 
38,0020660,well drained,morainal till, ,undifferentiated, , , , , , , , , , , , 
39,0020661,well drained,morainal till, ,undifferentiated, , , , , , , , , , , , 
40,0020665,well drained,fluvial, ,undifferentiated, , ,morainal till, ,undifferentiated, , , , , , , 
41,0020666,moderately well drained,eolian, ,undifferentiated, , ,morainal till, ,undifferentiated, , , , , , , 
42,0020669,well drained,morainal till, ,undifferentiated, , , , , , , , , , , , 
43,0020671,well drained,fluvial, ,undifferentiated, , ,lacustrine, ,undifferentiated, , , , , , , 
44,0020672,moderately well drained,lacustrine, ,undifferentiated, , , , , , , , , , , , 
45,0020673,well drained,lacustrine, ,undifferentiated, , ,fluvial, ,undifferentiated, , , , , , , 
46,0020675,well drained,fluvio-lacustrine, ,undifferentiated, , , , , , , , , , , , 
47,0020681,well drained,morainal till, ,undifferentiated, , , , , , , , , , , , 
48,0020687,well drained,morainal till, ,undifferentiated, , , , , , , , , , , , 
49,0020690,well drained,fluvio-lacustrine, ,undifferentiated, , , , , , , , , , , , 
50,0020700,well drained,morainal till, ,undifferentiated, , , , , , , , , , , , 
51,0020702,well drained,morainal till, ,undifferentiated, , , , , , , , , , , , 
52,0020703,well drained,glacio-fluvial, ,undifferentiated, , , , , , , , , , , , 
53,0020707,moderately well drained,morainal till, ,undifferentiated, , , , , , , , , , , , 
54,0020710,poorly drained,lacustrine, ,undifferentiated, , ,fluvial, ,undifferentiated, , , , , , , 
55,0020711,moderately well drained,eolian, ,undifferentiated, , , , , , , , , ,1.4, , 
56,0020713,well drained,eolian, ,undifferentiated, , , , , , , , , , , , 
57,0020715,poorly drained,morainal till, ,undifferentiated, , , , , , , , , , , , 
58,0020716,poorly drained,lacustrine, ,undifferentiated, , ,fluvial, ,undifferentiated, , , , , , , 
59,0020719, ,morainal till, ,undifferentiated, , , , , , , , , , , , 
60,0020723,well drained,morainal till, ,undifferentiated, , , , , , , , , , , , 
61,0020725,moderately well drained,lacustrine, ,undifferentiated, , , , , , , , , , , , 
62,0020726,well drained,morainal till, ,undifferentiated, , , , , , , , , , , , 
63,0020727,moderately well drained,morainal till, ,undifferentiated, , , , , , , , , , , , 
64,0020729,well drained,fluvial, ,undifferentiated, , , , , , , , , , , , 
65,0020732,poorly drained,lacustrine, ,undifferentiated, , ,morainal till, ,undifferentiated, , , , , , , 
66,0020733,well drained,glacio-fluvial, ,undifferentiated, , , , , , , , , , , , 
67,0020736,well drained,morainal till, ,undifferentiated, , , , , , , , , , , , 
68,0020737,well drained,fluvial, ,undifferentiated, , , , , , , , , , , , 
69,0020738,well drained,lacustrine, ,undifferentiated, , , , , , , , , , , , 
70,0020748,well drained,morainal till, ,undifferentiated, , , , , , , , , , , , 
71,0020749,moderately well drained,lacustrine, ,undifferentiated, , , , , , , , , , , , 
72,0020750,moderately well drained,lacustrine, ,undifferentiated, , , , , , , , , , , , 
73,0020751,poorly drained,lacustrine, ,undifferentiated, , , , , , , , , , , , 
74,0020752,well drained,morainal till, ,undifferentiated, , , , , , , , , , , , 
75,0020753,well drained,morainal till, ,undifferentiated, , , , , , , , , , , , 
76,0020754,well drained,lacustrine, ,undifferentiated, , , , , , , , , , , , 
77,0020755,well drained,lacustrine, ,undifferentiated, , , , , , , , , , , , 
78,0020757,well drained,lacustrine, ,undifferentiated, ,unspecified, , , , , , , , , , 
79,0020758,well drained,lacustrine, ,undifferentiated, , ,morainal till, ,undifferentiated, , , , , , , 
80,0020760,well drained,fluvial, ,undifferentiated, , , , , , , , , , , , 
81,0020761,well drained,residual, ,sedementary - siltstone and mudstone, , , , , , , , , , , , 
82,0020762,well drained,lacustro-till, ,undifferentiated, , , , , , , , , , , , 
83,0020763,well drained,lacustrine, ,undifferentiated, , , , , , , , , , , , 
84,0020765,well drained,lacustro-till, ,undifferentiated, , , , , , , , , , , , 
85,0020766,well drained,lacustrine, ,undifferentiated, , ,morainal till, ,undifferentiated, , , , , , , 
86,0020767,well drained,morainal till, ,undifferentiated, , , , , , , , , , , , 
87,0020769,moderately well drained,fluvial, ,sedementary - siltstone and mudstone, , , , , , , , , , , , 
88,0020771,well drained,morainal till, ,undifferentiated, , , , , , , , , , , , 
89,0020772,well drained,morainal till, ,undifferentiated, , , , , , , , , , , , 
90,0020773,well drained,lacustrine, ,undifferentiated, , , , , , , , , , , , 
91,0020774,well drained,morainal till, ,undifferentiated, , , , , , , , , , , , 
92,0020775,well drained,lacustrine, ,undifferentiated, , , , , , , , , , , , 
93,0020776,well drained,fluvio-lacustrine, ,undifferentiated, , , , , , , , , , , , 
94,0020777,well drained,morainal till, ,undifferentiated, , , , , , , , , , , , 
95,0020778,well drained,morainal till, ,undifferentiated, , , , , , , , , , , , 
96,0020779,well drained,morainal till, ,undifferentiated, , ,residual, , , , , , , , , 
97,0020781,well drained,glacio-fluvial, ,undifferentiated, , , , , , , , , , , , 
98,0020785,moderately well drained,morainal till, ,undifferentiated, , , , , , , , , , , , 
99,0020788,moderately well drained, ,fine loamy and fine silty,sedementary - siltstone and mudstone, , , , , , , , , , , , 
100,0020790,well drained,morainal till, ,undifferentiated, , , , , , , , , , , , 
101,0020791,well drained,morainal till, ,undifferentiated, , , , , , , , , , , , 
102,0020795,well drained,morainal till, ,undifferentiated, , , , , , , , , , , , 
103,0020798,well drained,fluvio-lacustrine, ,undifferentiated, , , , , , , , , , , , 
104,0020801,well drained,morainal till, ,undifferentiated, , , , , , , , , , , , 
105,0020803,well drained,morainal till, ,undifferentiated, , , , , , , , , , , , 
106,0020805,well drained,glacio-fluvial,sandy,undifferentiated, , , , , , , , , , , , 
107,0020816, ,morainal till, ,undifferentiated, , , , , , , , , , , , 
108,0020818,well drained,morainal till, ,undifferentiated, , , , , , , , , , , , 
109,0020823,well drained,morainal till, ,undifferentiated, , , , , , , , , , , , 
110,0020824,moderately well drained,morainal till, ,undifferentiated, , , , , , , , , , , , 
111,0020825,well drained,morainal till, ,undifferentiated, , , , , , , , , , , , 
112,0020830,well drained,morainal till, ,undifferentiated, , , , , , , , , , , , 
113,0020831,well drained,morainal till, ,undifferentiated, , , , , , , , , , , , 
114,0020832, ,morainal till, ,undifferentiated, , , , , , , , , , , , 
115,0020833,well drained,morainal till, ,undifferentiated, , , , , , , , , , , , 
116,0020842,well drained,lacustrine, ,undifferentiated, , , , , , , , , , , , 
117,0020843,well drained,glacio-fluvial, ,undifferentiated, , , , , , , , , , , , 
118,0020844,well drained,morainal till, ,undifferentiated, , , , , , , , , , , , 
119,0020851,well drained,morainal till, ,undifferentiated, , , , , , , , , , , , 
120,0020856,moderately well drained,morainal till, ,undifferentiated, , , , , , , , , , , , 
121,0020857,well drained,fluvial, ,undifferentiated, , ,fluvial, ,undifferentiated, , , , , , , 
122,0020858,moderately well drained,fluvial, ,undifferentiated, , ,morainal till, ,undifferentiated, , , , , , , 
123,0020859,moderately well drained,eolian,sandy,undifferentiated, , , , , , , , , , , , 
124,0020862,well drained,morainal till, ,undifferentiated, , , , ,undifferentiated, , , , , , , 
125,0020865,moderately well drained,eolian, ,undifferentiated, , ,fluvial, ,undifferentiated, , , , , , , 
126,0020871,well drained,lacustrine, ,undifferentiated, , , , , , , , , , , , 
127,0020875,well drained,lacustro-till,clayey,undifferentiated,moderately to very strongly calcareous, , , , , , , , , , , 
128,0020878,moderately well drained,fluvial, ,undifferentiated, , , , , , , , , , , , 
129,0020880,well drained,lacustrine, ,undifferentiated, , , , , , , , , , , , 
130,0020900,moderately well drained,eolian, ,undifferentiated, , ,morainal till, ,undifferentiated, , , , , , , 
131,0020901,well drained,morainal till, ,undifferentiated, , , , , , , , , , , , 
132,0020902, ,morainal till,fine loamy and fine silty,sedementary - siltstone and mudstone,weakly calcareous, , , , , , , , , , , 
133,0020903, ,morainal till,fine loamy and fine silty,sedementary - siltstone and mudstone,weakly calcareous, , , , , , , , , , , 
134,0020904, ,morainal till,fine loamy and fine silty,sedementary - siltstone and mudstone,weakly calcareous, , , , , , , , , , , 
135,0020905,poorly drained,lacustrine,clayey,undifferentiated,moderately acidic to neutral, , , , , , , , , , , 
136,0020906,well drained,residual, ,undifferentiated,moderately acidic to neutral, , , , , , , , , , , 
137,0020907,poorly drained,morainal till, ,undifferentiated,moderately acidic to neutral, , , , , , , , , , , 
138,0020908,well drained,lacustrine,clayey,undifferentiated,weakly calcareous, , , , , , , , , , , 
139,0020910,very poorly drained,morainal till,fine loamy and fine silty,undifferentiated,moderately acidic to neutral, , , , , , , , , , , 
140,0020916,moderately well drained,lacustrine,clayey,undifferentiated,moderately acidic to neutral, , , , , , , , , , , 
141,0020917,moderately well drained,morainal till, ,undifferentiated, , , , , , , , , , , , 
142,0020918,well drained,morainal till, ,undifferentiated, , , , , , , , , , , , 
143,0020920, , , ,undifferentiated, , , , , , , , , , , , 
144,0020921,moderately well drained,morainal till,fine loamy and fine silty,sedementary - siltstone and mudstone,weakly calcareous,unspecified, , , , , ,terrestrial, , , , 
145,0020922,well drained,fluvial,fine loamy and fine silty,sedementary - siltstone and mudstone,extremely to strongly acidic,unspecified, , , , , ,terrestrial, , , , 
146,0020923,moderately well drained,lacustro-till,clayey,sedementary - siltstone and mudstone,moderately to very strongly calcareous,unspecified, , , , , ,terrestrial, , , , 
147,0020924,well drained,eolian,sandy,undifferentiated,moderately acidic to neutral, , , , , , , , , , , 
148,0020925,well drained,fluvio-eolian,sandy,undifferentiated,moderately acidic to neutral, , , , , , , , , , , 
149,0020926,well drained,morainal till, ,undifferentiated, , , , , , , , , , , , 
150,0020928,well drained,morainal till,fine loamy and fine silty,undifferentiated,extremely to strongly acidic, , , , , , , , , , , 
151,0020929,imperfectly drained,morainal till, ,undifferentiated, , , , , , , , , , , , 
152,0020930,poorly drained,fluvial, ,undifferentiated, , , , , , , , , , , , 
153,0020934,well drained,eolian, ,undifferentiated, , , , , , , , , , , , 
154,0020937,rapidly drained,fluvio-eolian,sandy,sedementary - siltstone and mudstone,moderately acidic to neutral,unspecified,morainal till,coarse loamy and coarse silty, ,extremely to strongly acidic,unspecified,terrestrial, , , , 
155,0020938,well drained,fluvial, ,undifferentiated, , , , , , , , , , , , 
156,0020939,moderately well drained,fluvial, ,undifferentiated, , , , , , , , , , , , 
157,0020940,well drained,morainal till,coarse loamy and coarse silty,undifferentiated,weakly calcareous, , , , , , , , , , , 
158,0020941,well drained,fluvial, ,undifferentiated, , , , , , , , , , , , 
159,0020942,well drained,morainal till, ,undifferentiated, , , , , , , , , , , , 
160,0020943,well drained,fluvial,sandy,sedementary - siltstone and mudstone,moderately acidic to neutral,unspecified,morainal till,fine loamy and fine silty, ,extremely to strongly acidic,unspecified,terrestrial, , , , 
161,0020944,moderately well drained,fluvio-lacustrine,fine loamy and fine silty,sedementary - siltstone and mudstone,weakly calcareous,unspecified, , , , , ,terrestrial, , , , 
162,0020945,well drained,morainal till, ,undifferentiated, , , , , , , , , , , , 
163,0020948,poorly drained,morainal till, ,undifferentiated, , , , , , , , , , , , 
164,0020949,poorly drained,morainal till, ,undifferentiated, , , , , , , , , , , , 
165,0020954,well drained,glacio-fluvial,coarse loamy and coarse silty,sedementary - siltstone and mudstone,weakly calcareous,chemical and physical, , , , , , , , , , 
166,0020955,moderately well drained,morainal till, ,undifferentiated, , , , , , , , , , , , 
167,0020956,moderately well drained,morainal till,fine loamy and fine silty,undifferentiated, , , , , , , , , , , , 
168,0020957,moderately well drained,morainal till, ,undifferentiated, , , , , , , , , , , , 
169,0020958,moderately well drained,morainal till, ,undifferentiated, , , , , , , , , , , , 
170,0020959,rapidly drained,fluvial,sandy,sedementary - siltstone and mudstone,moderately acidic to neutral, , , , , , , , , , , 
171,0020960,well drained,fluvial, ,undifferentiated, , , , , , , , , , , , 
172,0020964,well drained,eolian,sandy,undifferentiated,moderately acidic to neutral, , , , , , , , , , , 
173,0020965,well drained,eolian, ,undifferentiated, , ,morainal till, ,undifferentiated, , , , , , , 
174,0020966,well drained,eolian, ,undifferentiated, , ,morainal till, ,undifferentiated, , , , , , , 
175,0020967,well drained,eolian, ,undifferentiated, , ,morainal till, ,undifferentiated, , , , , , , 
176,0020968,well drained,eolian, ,undifferentiated, , ,morainal till, ,undifferentiated, , , , , , , 
177,0020969,well drained,eolian, ,undifferentiated, , ,fluvio-marine, , , , , , , , , 
178,0020970,well drained,eolian, ,undifferentiated, , ,morainal till, , , , , , , , , 
179,0020971,well drained,eolian, ,undifferentiated, , ,morainal till, ,undifferentiated, , , , , , , 
180,0020972,well drained,eolian, ,undifferentiated, , , , , , , , , , , , 
181,0020973,well drained,eolian, ,undifferentiated, , , , ,undifferentiated, , , , , , , 
182,0020974,well drained,eolian, ,undifferentiated, , ,morainal till, ,undifferentiated, , , , , , , 
183,0020975,well drained,eolian, ,undifferentiated, , ,fluvio-marine, ,undifferentiated, , , , , , , 
184,0020976,well drained,eolian, ,undifferentiated, , ,morainal till, ,undifferentiated, , , , , , , 
185,0020977,well drained,eolian, ,undifferentiated, , ,fluvio-marine, ,undifferentiated, , , , , , , 
186,0020978,well drained,eolian, ,undifferentiated, , ,fluvio-marine, ,undifferentiated, , , , , , , 
187,0020979,well drained,eolian, ,sedementary - siltstone and mudstone, , ,fluvio-marine, , , , , , , , , 
188,0020986,well drained,fluvial, ,undifferentiated, , , , , , , , , , , , 
189,0020987,well drained,lacustrine, ,undifferentiated,moderately acidic to neutral, ,morainal till,fine loamy and fine silty,undifferentiated,moderately acidic to neutral, , , , , , 
190,0020988,well drained,fluvial, ,undifferentiated, , ,morainal till, ,undifferentiated, , , , , , , 
191,0020989,well drained,morainal till, ,undifferentiated, , , , , , , , , , , , 
192,0020990,well drained,eolian, ,undifferentiated, , ,morainal till, ,undifferentiated, , , , , , , 
193,0020991,well drained,morainal till, ,undifferentiated, , , , , , , , , , , , 
194,0020992,moderately well drained,morainal till, ,undifferentiated, , , , , , , , , , , , 
195,0020993, ,fluvial,coarse loamy and coarse silty,undifferentiated, , , , , , , , , , , , 
196,0020998,rapidly drained,eolian, ,sedementary - siltstone and mudstone, , , , , , , , , , , , 
197,0020999,well drained,lacustrine,clayey,sedementary - siltstone and mudstone,moderately acidic to neutral, , , , , , , , , , , 
198,0021000,well drained,morainal till,fine loamy and fine silty,undifferentiated, , , , , , , , , , , , 
199,0021001,well drained,fluvial,sandy,sedementary - siltstone and mudstone, , ,lacustrine,coarse loamy and coarse silty, , , , , , , , 
200,0021004,well drained,morainal till, ,undifferentiated, , , , , , , , , , , , 
201,0021005,well drained,morainal till,fine loamy and fine silty,undifferentiated,moderately to very strongly calcareous, , , , , , , , , , , 
202,0021006,rapidly drained,fluvial,sandy,sedementary - siltstone and mudstone,moderately acidic to neutral, ,lacustrine, , , , , , , , , 
203,0021007,imperfectly drained,morainal till,fine loamy and fine silty,undifferentiated,moderately acidic to neutral, , , , , , , , , , , 
204,0021008,moderately well drained,lacustro-till, ,undifferentiated, , , , , , , , , , , , 
205,0021009,moderately well drained,morainal till,fine loamy and fine silty,undifferentiated,moderately acidic to neutral, , , , , , , , , , , 
206,0021011,moderately well drained,eolian, ,sedementary - siltstone and mudstone, , ,morainal till, ,undifferentiated, , , , , , , 
207,0021012,moderately well drained,eolian, ,sedementary - siltstone and mudstone, , ,morainal till,coarse loamy and coarse silty,undifferentiated, , , , , , , 
208,0021014,well drained,morainal till, ,sedementary - siltstone and mudstone, , , , , , , , , , , , 
209,0021015,moderately well drained,morainal till,fine loamy and fine silty,undifferentiated,moderately acidic to neutral, , , , , , , , , , , 
210,0021016,rapidly drained,fluvial, ,undifferentiated, , , , , , , , , , , , 
211,0021017,moderately well drained,fluvial,coarse loamy and coarse silty,undifferentiated, , , , , , , , , , , , 
212,0021018,well drained,fluvial,coarse loamy and coarse silty,undifferentiated,moderately to very strongly calcareous, , , , , , , , , , , 
213,0021019,well drained,eolian, ,undifferentiated, , , , , , , , , , , , 
214,0021020,moderately well drained,morainal till,fine loamy and fine silty,undifferentiated,moderately acidic to neutral, , , , , , , , , , , 
215,0021021,moderately well drained,morainal till,coarse loamy and coarse silty,undifferentiated,moderately acidic to neutral, , , , , , , , , , , 
216,0021024,well drained,residual, ,undifferentiated, , , , , , , , , , , , 
217,0021025,moderately well drained,morainal till, ,undifferentiated,extremely to strongly acidic, , , , , , , , , , , 
218,0021026,well drained,morainal till,coarse loamy and coarse silty,undifferentiated,extremely to strongly acidic, ,residual,sandy,undifferentiated,moderately acidic to neutral, , , , , , 
219,0021029,rapidly drained,residual,coarse loamy and coarse silty,undifferentiated, , , , , , , , , , , , 
220,0021030,rapidly drained,residual, ,undifferentiated, , , , , , , , , , , , 
221,0021031,moderately well drained,morainal till, ,undifferentiated, , , , , , , , , , , , 
222,0021032,moderately well drained,morainal till, ,undifferentiated, , , , , , , , , , , , 
223,0021033,well drained,residual, ,undifferentiated, , , , , , , , , , , , 
224,0021034,moderately well drained,morainal till, ,undifferentiated, , , , , , , , , , , , 
225,0021035,moderately well drained,morainal till, ,undifferentiated, , , , , , , , , , , , 
226,0021036,moderately well drained,fluvial, ,undifferentiated, , , , , , , , , , , , 
227,0021037,rapidly drained,morainal till, ,undifferentiated, , ,residual, ,undifferentiated, , , , , , , 
228,0021038,moderately well drained,fluvial, ,undifferentiated, , , , , , , , , , , , 
229,0021039,rapidly drained,fluvial, ,undifferentiated, , , , , , , , , , , , 
230,0021040,rapidly drained,fluvial, ,undifferentiated, , , , , , , , , , , , 
231,0021041,poorly drained,eolian, ,undifferentiated, , , , , , , , , , , , 
232,0021042,moderately well drained,morainal till, ,undifferentiated, , , , , , , , , , , , 
233,0021043,moderately well drained,morainal till, ,undifferentiated, , , , , , , , , , , , 
234,0021044,moderately well drained,lacustrine,fine loamy and fine silty,undifferentiated, , , , , , , , , , , , 
235,0021045,well drained,lacustrine,clayey,undifferentiated, , , , , , , , , , , , 
236,0021046,moderately well drained,morainal till, ,undifferentiated, , ,residual,fine loamy and fine silty,undifferentiated, , , , , , , 
237,0021047,moderately well drained,lacustrine,fine loamy and fine silty,undifferentiated, , , , , , , , , , , , 
238,0021048,moderately well drained,lacustrine, ,undifferentiated,moderately acidic to neutral, , , , , , , , , , , 
239,0021049,moderately well drained,morainal till,fine loamy and fine silty,undifferentiated,extremely to strongly acidic, , , , , , , , , , , 
240,0021050,moderately well drained,morainal till, ,undifferentiated,extremely to strongly acidic, , , , , , , , , , , 
241,0021052,moderately well drained,lacustrine, ,undifferentiated, , , , , , , , , , , , 
242,0021053,moderately well drained,fluvial, ,undifferentiated, , , , , , , , , , , , 
243,0021054,well drained,residual, ,undifferentiated, , , , , , , , , , , , 
244,0021055,moderately well drained,lacustrine, ,undifferentiated, , ,residual, ,undifferentiated, , , , , , , 
245,0021056,moderately well drained,fluvial, ,undifferentiated, , , , , , , , , , , , 
246,0021057,moderately well drained,morainal till, ,undifferentiated, , , , , , , , , , , , 
247,0021058,well drained,morainal till,fine loamy and fine silty,undifferentiated, , , , , , , , , , , , 
248,0021059,well drained,lacustrine,fine loamy and fine silty,sedementary - siltstone and mudstone,moderately to very strongly calcareous,unspecified,morainal till,fine loamy and fine silty, ,weakly calcareous,unspecified, , , , , 
249,0021060,moderately well drained,morainal till,fine loamy and fine silty,sedementary - siltstone and mudstone,weakly calcareous,unspecified, , , , , , , , , , 
250,0021061,moderately well drained,fluvio-lacustrine,fine loamy and fine silty,sedementary - siltstone and mudstone,weakly calcareous,unspecified, , , , , , , , , , 
251,0021062,well drained,morainal till,fine loamy and fine silty,sedementary - siltstone and mudstone,weakly calcareous,unspecified, , , , , , , , , , 
252,0021063,well drained,fluvio-lacustrine,fine loamy and fine silty,sedementary - siltstone and mudstone,weakly calcareous,unspecified,morainal till, , , , , , , , , 
253,0021064,well drained,morainal till,fine loamy and fine silty,sedementary - siltstone and mudstone,weakly calcareous,unspecified, , , , , , , , , , 
254,0021065,moderately well drained,morainal till,fine loamy and fine silty,sedementary - siltstone and mudstone,weakly calcareous,unspecified, , , , , , , , , , 
255,0021066,well drained,morainal till,fine loamy and fine silty,sedementary - siltstone and mudstone,weakly calcareous,unspecified, , , , , , , , , , 
256,0021067,well drained,morainal till,fine loamy and fine silty,sedementary - siltstone and mudstone,weakly calcareous,unspecified, , , , , ,terrestrial, , , , 
257,0021069,moderately well drained,morainal till,fine loamy and fine silty,sedementary - siltstone and mudstone,weakly calcareous,unspecified, , , , , , , , , , 
258,0021070,well drained,morainal till,fine loamy and fine silty,sedementary - siltstone and mudstone,weakly calcareous,unspecified, , , , , , , , , , 
259,0021071,moderately well drained,fluvio-lacustrine,fine loamy and fine silty,sedementary - siltstone and mudstone, ,unspecified, , , , , , , , , , 
260,0021072,imperfectly drained,morainal till,fine loamy and fine silty,sedementary - siltstone and mudstone,weakly calcareous,unspecified, , , , , , , , , , 
261,0021073,well drained,morainal till,fine loamy and fine silty,sedementary - siltstone and mudstone,weakly calcareous,unspecified, , , , , , , , , , 
262,0021074,well drained,morainal till,fine loamy and fine silty,sedementary - siltstone and mudstone,weakly calcareous,unspecified, , , , , , , , , , 
263,0021075,moderately well drained,morainal till,fine loamy and fine silty,undifferentiated,weakly calcareous,unspecified, , , , , , , , , , 
264,0021076,moderately well drained,morainal till,fine loamy and fine silty,undifferentiated,weakly calcareous,unspecified, , , , , , , , , , 
265,0021077,moderately well drained,morainal till,fine loamy and fine silty,undifferentiated,weakly calcareous,unspecified, , , , , , , , , , 
266,0021078,imperfectly drained,glacio-fluvial,sandy,sedementary - siltstone and mudstone,moderately acidic to neutral,unspecified, , , , , ,terrestrial,apparent,0.7, , 
267,0021079, ,morainal till, ,sedementary - siltstone and mudstone, , , , , , , , , , , , 
268,0021081,moderately well drained,lacustrine,undifferentiated,undifferentiated,weakly calcareous, , , , , , , , , , , 
269,0021082,well drained,morainal till,fine loamy and fine silty,undifferentiated,moderately to very strongly calcareous,unspecified, , , , , , , , , , 
270,0021083,well drained,morainal till,fine loamy and fine silty,undifferentiated,weakly calcareous,unspecified, , , , , , , , , , 
271,0021084,well drained,morainal till,fine loamy and fine silty,undifferentiated,weakly calcareous, , , , , , , , , , , 
272,0021085,moderately well drained,morainal till,fine loamy and fine silty,undifferentiated,weakly calcareous, , , , , , , , , , , 
273,0021086,well drained,morainal till,fine loamy and fine silty,undifferentiated,moderately to very strongly calcareous, , , , , , , , , , , 
274,0021087,well drained,lacustrine,fine loamy and fine silty,sedementary - siltstone and mudstone,moderately to very strongly calcareous, ,morainal till, , , , , , , , , 
275,0021088,moderately well drained,morainal till,fine loamy and fine silty,undifferentiated,weakly calcareous, , , , , , , , , , , 
276,0021089,well drained,fluvial,sandy,undifferentiated,moderately acidic to neutral, ,morainal till,fine loamy and fine silty, ,weakly calcareous, , , , , , 
277,0021090,well drained,fluvial, ,sedementary - siltstone and mudstone,moderately to very strongly calcareous, , , , , , , , , , , 
278,0021091,imperfectly drained,fluvial,sandy,undifferentiated, , ,morainal till,fine loamy and fine silty,undifferentiated,moderately acidic to neutral, , , , , , 
279,0021092,well drained,lacustrine,fine loamy and fine silty,sedementary - siltstone and mudstone,moderately to very strongly calcareous,unspecified, , , , , ,terrestrial, , , , 
280,0021093,well drained,fluvial,fine loamy and fine silty,undifferentiated,moderately to very strongly calcareous, , , , , , , , , , , 
281,0021094, ,fluvial,coarse loamy and coarse silty,sedementary - siltstone and mudstone, ,unspecified, , , , , ,terrestrial, , , , 
282,0021098,very rapidly drained,lacustrine,coarse loamy and coarse silty,sedementary - siltstone and mudstone,moderately acidic to neutral,unspecified, , , , , ,terrestrial, , , , 
283,0021099,well drained,fluvio-lacustrine,coarse loamy and coarse silty,sedementary - siltstone and mudstone,moderately acidic to neutral,unspecified,fluvio-lacustrine,coarse loamy and coarse silty, ,weakly calcareous,unspecified,terrestrial, , , , 
284,0021102,moderately well drained,morainal till,fine loamy and fine silty,sedementary - sandstone,extremely to strongly acidic,unspecified, , , , , ,terrestrial, , , , 
285,0021105,rapidly drained,fluvial,coarse loamy and coarse silty,sedementary - siltstone and mudstone,moderately acidic to neutral,unspecified, , , , , ,terrestrial, , , , 
286,0021106,well drained,morainal till,coarse loamy and coarse silty,sedementary - siltstone and mudstone,extremely to strongly acidic,unspecified, , , , , ,terrestrial, , , , 
287,0021111,very rapidly drained,lacustrine,coarse loamy and coarse silty,sedementary - siltstone and mudstone,extremely to strongly acidic,unspecified, , , , , ,terrestrial, , , , 
288,0021112,well drained,morainal till, ,undifferentiated, , , , , , , , , , , , 
289,0021113,rapidly drained,morainal till,fine loamy and fine silty,sedementary - siltstone and mudstone,weakly calcareous,unspecified, , , , , , , , , , 
290,0021114,well drained,morainal till,fine loamy and fine silty,sedementary - siltstone and mudstone,weakly calcareous,unspecified, , , , , , , , , , 
291,0021138,moderately well drained,morainal till,fine loamy and fine silty,sedementary - siltstone and mudstone,weakly calcareous,unspecified, , , , , ,terrestrial, , , , 
292,0021139,imperfectly drained,eolian,sandy,sedementary - siltstone and mudstone,moderately acidic to neutral,unspecified,morainal till,coarse loamy and coarse silty, ,weakly calcareous,unspecified, , , , , 
293,0021140,moderately well drained,morainal till,fine loamy and fine silty,sedementary - siltstone and mudstone,moderately to very strongly calcareous,unspecified, , , , , ,terrestrial, , , , 
294,0021141,poorly drained,eolian,sandy,sedementary - siltstone and mudstone, ,unspecified, , , , , , ,apparent,1, , 
295,0021142,moderately well drained,morainal till,fine loamy and fine silty,sedementary - siltstone and mudstone, ,unspecified, , , , , , , , , , 
296,0021143,imperfectly drained,glacio-fluvial,skeletal,sedementary - siltstone and mudstone, ,unspecified, , , , , , , , , , 
297,0021144,moderately well drained,morainal till,fine loamy and fine silty,sedementary - siltstone and mudstone,weakly calcareous,unspecified, , , , , , , , , , 
298,0021145,moderately well drained,eolian,coarse loamy and coarse silty,sedementary - siltstone and mudstone,moderately acidic to neutral,unspecified,residual,clayey, , ,unspecified, , , , , 
299,0021146,well drained,morainal till,fine loamy and fine silty,sedementary - siltstone and mudstone,weakly calcareous,unspecified, , , , , , , , , , 
300,0021149,well drained,eolian,sandy,sedementary - siltstone and mudstone,moderately acidic to neutral,unspecified, , , , , , , , , , 
301,0021150,moderately well drained,morainal till,fine loamy and fine silty,sedementary - siltstone and mudstone,weakly calcareous,unspecified, , , , , ,terrestrial, , , , 
302,0021152,poorly drained,morainal till,coarse loamy and coarse silty,sedementary - siltstone and mudstone,moderately to very strongly calcareous,unspecified,glacio-fluvial,coarse loamy and coarse silty, , ,unspecified, , , , , 
303,0021153,well drained,morainal till,fine loamy and fine silty,sedementary - siltstone and mudstone,weakly calcareous,unspecified, , , , , , , , , , 
304,0021154,well drained,morainal till,coarse loamy and coarse silty,sedementary - siltstone and mudstone,moderately to very strongly calcareous,unspecified, , , , , ,terrestrial, , , , 
305,0021156,well drained,fluvio-lacustrine,fine loamy and fine silty,sedementary - siltstone and mudstone,moderately to very strongly calcareous,unspecified, , , , , ,terrestrial, , , , 
306,0021158,rapidly drained,morainal till,fine loamy and fine silty,sedementary - siltstone and mudstone,weakly calcareous,unspecified, , , , , , , , , , 
307,0021159,well drained,morainal till,fine loamy and fine silty,sedementary - shale,weakly calcareous,unspecified, , , , , ,terrestrial, , , , 
308,0021160,well drained,morainal till,fine loamy and fine silty,sedementary - siltstone and mudstone,weakly calcareous,unspecified, , , , , , , , , , 
309,0021164,moderately well drained,lacustrine,clayey,sedementary - siltstone and mudstone,weakly calcareous,unspecified, , , , , , , , , , 
310,0021165,well drained,morainal till,fine loamy and fine silty,sedementary - siltstone and mudstone,weakly calcareous,unspecified, , , , , , , , , , 
311,0021166,moderately well drained,morainal till,fine loamy and fine silty,sedementary - siltstone and mudstone,weakly calcareous,unspecified, , , , , , , , , , 
312,0021167,well drained,morainal till,fine loamy and fine silty,sedementary - siltstone and mudstone,weakly calcareous,unspecified, , , , , , , , , , 
313,0021168,well drained,morainal till,fine loamy and fine silty,sedementary - siltstone and mudstone,moderately to very strongly calcareous,unspecified, , , , , , , , , , 
314,0021169,well drained,fluvio-lacustrine,fine loamy and fine silty,sedementary - siltstone and mudstone,moderately to very strongly calcareous,unspecified,morainal till,fine loamy and fine silty, ,weakly calcareous,unspecified, , , , , 
315,0021170,moderately well drained,morainal till,fine loamy and fine silty,sedementary - siltstone and mudstone,weakly calcareous,unspecified, , , , , , , , , , 
316,0021171,well drained,lacustrine,fine loamy and fine silty,sedementary - siltstone and mudstone,moderately to very strongly calcareous,unspecified, , , , , ,terrestrial, , , , 
317,0021172,well drained,morainal till,fine loamy and fine silty,sedementary - siltstone and mudstone,moderately acidic to neutral,unspecified, , , , , ,terrestrial, , , , 
318,0021192, ,organic, ,sedementary - siltstone and mudstone,moderately acidic to neutral,unspecified,fluvio-lacustrine,coarse loamy and coarse silty, ,moderately acidic to neutral,unspecified, , , , , 
319,0021193,very poorly drained,organic, ,sedementary - siltstone and mudstone,moderately acidic to neutral,unspecified,fluvio-lacustrine,fine loamy and fine silty, ,moderately acidic to neutral,unspecified, , , , , 
320,0021194,poorly drained,organic, ,sedementary - siltstone and mudstone,moderately acidic to neutral,unspecified,fluvio-lacustrine,fine loamy and fine silty, ,moderately acidic to neutral,unspecified, , , , , 
321,0021195,very poorly drained,organic, ,sedementary - siltstone and mudstone,moderately acidic to neutral,unspecified,morainal till,fine loamy and fine silty, , ,unspecified, , , , , 
322,0021196,poorly drained,organic, ,organic material - unspecified type,moderately acidic to neutral,unspecified,fluvio-lacustrine,fine loamy and fine silty, ,moderately acidic to neutral,unspecified, , , , , 
323,0021213,poorly drained,fluvial,fine loamy and fine silty,sedementary - siltstone and mudstone,weakly calcareous,unspecified, , , , , ,terrestrial, , , , 
324,0021214,well drained,eolian,sandy,sedementary - siltstone and mudstone,weakly calcareous,unspecified, , , , , ,terrestrial, , , , 
325,0021215,well drained,eolian,sandy,sedementary - siltstone and mudstone,moderately acidic to neutral,unspecified, , , , , ,terrestrial, , , , 
326,0021225,well drained,fluvio-lacustrine,fine loamy and fine silty,sedementary - siltstone and mudstone,moderately to very strongly calcareous,unspecified, , , , , ,terrestrial, , , , 
327,0021226,well drained,glacio-fluvial,coarse loamy and coarse silty,sedementary - siltstone and mudstone,weakly calcareous,unspecified, , , , , ,terrestrial, , , , 
328,0021227,well drained,morainal till,fine loamy and fine silty,sedementary - siltstone and mudstone,moderately to very strongly calcareous,unspecified, , , , , ,terrestrial, , , , 
329,0021228,poorly drained,fluvial,fine loamy and fine silty,sedementary - siltstone and mudstone,weakly calcareous,unspecified, , , , , ,terrestrial, , , , 
330,0021229,well drained,fluvio-eolian,sandy,sedementary - siltstone and mudstone,weakly calcareous,unspecified, , , , , ,terrestrial, , , , 
331,0021230,moderately well drained,morainal till,fine loamy and fine silty,sedementary - siltstone and mudstone,weakly calcareous,unspecified, , , , , ,terrestrial, , , , 
332,0021231,very poorly drained,organic, ,organic material - unspecified type,weakly calcareous,unspecified,fluvio-lacustrine,coarse loamy and coarse silty, , ,unspecified, , , , , 
333,0021232,very poorly drained,organic, ,organic material - unspecified type,moderately acidic to neutral,unspecified,fluvio-lacustrine,coarse loamy and coarse silty, , ,unspecified, , , , , 
334,0021233,poorly drained,organic, ,organic material - unspecified type,moderately acidic to neutral,unspecified,fluvio-lacustrine,fine loamy and fine silty, ,weakly calcareous,unspecified, ,apparent,0.5, , 
335,0021234,poorly drained,organic, ,sedementary - siltstone and mudstone,moderately acidic to neutral,unspecified,fluvio-lacustrine,fine loamy and fine silty, , ,unspecified, , , , , 
336,0021235,poorly drained,organic, ,sedementary - siltstone and mudstone,moderately acidic to neutral,unspecified, , , , , , ,apparent,0, , 
337,0021236,poorly drained,organic, ,sedementary - siltstone and mudstone,moderately acidic to neutral,unspecified,fluvial,coarse loamy and coarse silty, , ,unspecified, ,apparent,0.7, , 
338,0021237,poorly drained,organic, ,sedementary - siltstone and mudstone,moderately acidic to neutral,unspecified, , , , , , ,apparent,0, , 
339,0021238,poorly drained,organic, ,sedementary - siltstone and mudstone,moderately acidic to neutral,unspecified,fluvio-lacustrine,fine loamy and fine silty, ,weakly calcareous,unspecified, ,apparent,0, , 
340,0021239, ,organic, ,sedementary - siltstone and mudstone,moderately acidic to neutral,unspecified, , , , , , ,apparent,1.2, , 
341,0021240,poorly drained,organic, ,organic material - sphagnum peat,extremely to strongly acidic,unspecified, , , , , , ,apparent,0.3, , 
342,0021241, ,organic, ,organic material - unspecified type,extremely to strongly acidic,unspecified,fluvio-lacustrine,fine loamy and fine silty, , ,unspecified, ,apparent,0.2, , 
343,0021242,well drained,fluvial,sandy,sedementary - siltstone and mudstone, ,unspecified, , , , , , , , , , 
344,0021243,well drained,fluvial,sandy,sedementary - siltstone and mudstone,moderately acidic to neutral,unspecified, , , , , ,terrestrial, , , , 
345,0021244,moderately well drained,morainal till,fine loamy and fine silty,sedementary - siltstone and mudstone, ,unspecified, , , , , ,terrestrial, , , , 
346,0021245,moderately well drained,morainal till,fine loamy and fine silty,sedementary - siltstone and mudstone,moderately to very strongly calcareous,unspecified, , , , , ,terrestrial, , , , 
347,0021246,moderately well drained,morainal till,fine loamy and fine silty,sedementary - siltstone and mudstone,moderately to very strongly calcareous,unspecified, , , , , ,terrestrial, , , , 
348,0021247,rapidly drained,glacio-fluvial,coarse loamy and coarse silty,sedementary - siltstone and mudstone, ,unspecified, , , , , , , , , , 
349,0021248,moderately well drained,morainal till,fine loamy and fine silty,sedementary - siltstone and mudstone,weakly calcareous,unspecified, , , , , ,terrestrial, , , , 
350,0021249,well drained,fluvial,coarse loamy and coarse silty,sedementary - siltstone and mudstone,moderately acidic to neutral,unspecified, , , , , ,terrestrial, , , , 
351,0021250,moderately well drained,glacio-fluvial,fragmental,sedementary - siltstone and mudstone,moderately acidic to neutral,unspecified, , , , , ,terrestrial, , , , 
352,0021251,well drained,fluvial,coarse loamy and coarse silty,sedementary - siltstone and mudstone,moderately acidic to neutral,unspecified, , , , , ,terrestrial, , , , 
353,0021252,well drained,fluvial,coarse loamy and coarse silty,sedementary - siltstone and mudstone,moderately acidic to neutral,unspecified, , , , , ,terrestrial, , , , 
354,0021253,moderately well drained,fluvial,coarse loamy and coarse silty,sedementary - siltstone and mudstone,weakly calcareous,unspecified, , , , , , , , , , 
355,0021254,moderately well drained,morainal till,fine loamy and fine silty,sedementary - siltstone and mudstone,moderately to very strongly calcareous,unspecified, , , , , ,terrestrial, , , , 
356,0021256,moderately well drained, ,fine loamy and fine silty,sedementary - siltstone and mudstone, ,unspecified, , , , , ,terrestrial, , , , 
357,0021258,moderately well drained,morainal till,fine loamy and fine silty,sedementary - siltstone and mudstone,moderately to very strongly calcareous,unspecified, , , , , ,terrestrial, , , , 
358,0021259, ,organic, ,organic material - unspecified type,moderately acidic to neutral,unspecified,fluvio-lacustrine,coarse loamy and coarse silty, , ,unspecified, ,apparent,0.7, , 
359,0021260,well drained, ,coarse loamy and coarse silty,sedementary - siltstone and mudstone,moderately acidic to neutral,unspecified, , , , , ,terrestrial, , , , 
360,0021261,moderately well drained, ,fine loamy and fine silty,sedementary - siltstone and mudstone,moderately acidic to neutral,unspecified, , , , , ,terrestrial, , , , 
361,0021263,moderately well drained, ,clayey,sedementary - siltstone and mudstone,moderately acidic to neutral,unspecified, , , , , ,terrestrial, , , , 
362,0021264,moderately well drained, ,fine loamy and fine silty,sedementary - siltstone and mudstone, ,unspecified, , , , , ,terrestrial, , , , 
363,0021265,moderately well drained,morainal till,fine loamy and fine silty,sedementary - siltstone and mudstone,moderately acidic to neutral,unspecified, , , , , ,terrestrial, , , , 
364,0021266,moderately well drained,morainal till,clayey,sedementary - siltstone and mudstone,moderately acidic to neutral,unspecified, , , , , ,terrestrial, , , , 
365,0021267,moderately well drained,morainal till,fine loamy and fine silty,sedementary - siltstone and mudstone,moderately acidic to neutral,unspecified, , , , , , , , , , 
366,0021269,moderately well drained,fluvio-lacustrine,fine loamy and fine silty,sedementary - siltstone and mudstone,moderately to very strongly calcareous,unspecified, , , , , ,terrestrial, , , , 
367,0021271,moderately well drained, ,clayey,sedementary - siltstone and mudstone, ,unspecified, , , , , ,terrestrial, , , , 
368,0021272,well drained,fluvio-lacustrine,coarse loamy and coarse silty,sedementary - siltstone and mudstone,moderately acidic to neutral,unspecified, , , , , , , , , , 
369,0021273,moderately well drained,fluvial,coarse loamy and coarse silty,sedementary - siltstone and mudstone,moderately acidic to neutral,unspecified,morainal till,fine loamy and fine silty, ,weakly calcareous, ,terrestrial, , , , 
370,0021274,moderately well drained, ,fine loamy and fine silty,sedementary - siltstone and mudstone, ,unspecified, , , , , , , , , , 
371,0021275,moderately well drained,fluvio-lacustrine,coarse loamy and coarse silty,sedementary - siltstone and mudstone,moderately acidic to neutral,unspecified, , , , , , , , , , 
372,0021276,imperfectly drained,morainal till,fine loamy and fine silty,sedementary - siltstone and mudstone,moderately to very strongly calcareous,unspecified, , , , , , , , , , 
373,0021277,moderately well drained,morainal till,fine loamy and fine silty,sedementary - siltstone and mudstone,weakly calcareous,unspecified, , , , , , , , , , 
374,0021278,rapidly drained,glacio-fluvial,coarse loamy and coarse silty,sedementary - siltstone and mudstone,weakly calcareous,unspecified, , , , , , , , , , 
375,0021279,rapidly drained,fluvio-eolian,sandy,sedementary - siltstone and mudstone, ,unspecified, , , , , ,terrestrial, , , , 
376,0021280,moderately well drained,lacustrine,fine loamy and fine silty,sedementary - siltstone and mudstone, ,unspecified, , , , , ,terrestrial, , , , 
377,0021281,well drained,glacio-fluvial,sandy,sedementary - siltstone and mudstone,moderately acidic to neutral,unspecified, , , , , ,terrestrial, , , , 
378,0021282,poorly drained,fluvial,clayey,sedementary - siltstone and mudstone,moderately acidic to neutral,unspecified, , , , , , ,apparent,1.5, , 
379,0021283,very poorly drained,fluvial,coarse loamy and coarse silty,sedementary - siltstone and mudstone, ,unspecified, , , , , , ,apparent,0.9, , 
380,0021284,moderately well drained, ,fine loamy and fine silty,sedementary - siltstone and mudstone, ,unspecified,morainal till, , ,weakly calcareous, ,terrestrial, , , , 
381,0021285,rapidly drained,morainal till,coarse loamy and coarse silty,sedementary - siltstone and mudstone,moderately acidic to neutral,unspecified, , , , , ,terrestrial, , , , 
382,0021286,moderately well drained, ,coarse loamy and coarse silty,sedementary - siltstone and mudstone,moderately acidic to neutral,unspecified, , , , , , , , , , 
383,0021287,rapidly drained,fluvial,sandy,sedementary - siltstone and mudstone,moderately acidic to neutral,unspecified, , , , , , , , , , 
384,0021288,rapidly drained,glacio-fluvial,coarse loamy and coarse silty,sedementary - siltstone and mudstone,moderately acidic to neutral,unspecified, , , , , , , , , , 
385,0021289,imperfectly drained,morainal till,fine loamy and fine silty,sedementary - siltstone and mudstone, ,unspecified, , , , , ,terrestrial, , , , 
386,0021290,well drained,fluvial,coarse loamy and coarse silty,sedementary - siltstone and mudstone,weakly calcareous,unspecified, , , , , ,terrestrial, , , , 
387,0021291,rapidly drained,fluvial,coarse loamy and coarse silty,sedementary - siltstone and mudstone,moderately acidic to neutral,unspecified, , , , , , , , , , 
388,0021292,imperfectly drained,morainal till,fine loamy and fine silty,sedementary - siltstone and mudstone, ,unspecified, , , , , ,terrestrial, , , , 
389,0021293,poorly drained,morainal till,fine loamy and fine silty,sedementary - siltstone and mudstone, ,unspecified, , , , , ,terrestrial, , , , 
390,0021294,moderately well drained,fluvio-lacustrine,fine loamy and fine silty,sedementary - siltstone and mudstone,weakly calcareous,unspecified, , , , , ,terrestrial, , , , 
391,0021295,moderately well drained,residual,fine loamy and fine silty,sedementary - siltstone and mudstone, ,unspecified, , , , , , , , , , 
392,0021296,well drained,morainal till,coarse loamy and coarse silty,sedementary - siltstone and mudstone,moderately acidic to neutral,unspecified, , , , , ,terrestrial, , , , 
393,0021297,moderately well drained,morainal till,fine loamy and fine silty,sedementary - siltstone and mudstone, ,unspecified, , , , , ,terrestrial, , , , 
394,0021298,well drained,glacio-fluvial,coarse loamy and coarse silty,sedementary - siltstone and mudstone,moderately acidic to neutral,unspecified, , , , , ,terrestrial, , , , 
395,0021300,poorly drained,morainal till,clayey,sedementary - siltstone and mudstone, ,unspecified, , , , , ,terrestrial, , , , 
396,0021301,moderately well drained,glacio-fluvial,coarse loamy and coarse silty,sedementary - siltstone and mudstone,moderately acidic to neutral,unspecified, , , , , , , , , , 
397,0021302,moderately well drained,morainal till,fine loamy and fine silty,sedementary - siltstone and mudstone,moderately acidic to neutral,unspecified, , , , , ,terrestrial, , , , 
398,0021303,moderately well drained,fluvial,fine loamy and fine silty,sedementary - siltstone and mudstone, ,unspecified, , , , , ,terrestrial, , , , 
399,0021304,well drained,morainal till,fine loamy and fine silty,sedementary - shale,weakly calcareous, , , , , , ,terrestrial, , , , 
400,0021305,well drained,morainal till,fine loamy and fine silty,sedementary - siltstone and mudstone,weakly calcareous,unspecified, , , , , ,terrestrial, , , , 
401,0021306,well drained,morainal till,fine loamy and fine silty,sedementary - siltstone and mudstone,moderately to very strongly calcareous,unspecified, , , , , ,terrestrial, , , , 
402,0021395,moderately well drained,lacustro-till,clayey,sedementary - shale,calcareous and saline,weak chemical,morainal till,fine loamy and fine silty,sedementary - sandstone,calcareous and saline,weak chemical, , , , , 
403,0021396,imperfectly drained,lacustrine,clayey,sedementary - shale,calcareous and saline,weak chemical,morainal till,fine loamy and fine silty,sedementary - sandstone,calcareous and saline,weak chemical,terrestrial, , , , 
404,0021404,imperfectly drained,glaciolacustrine, ,sedementary - siltstone and mudstone,weakly calcareous,chemical and physical, , , , , , , , , , 
405,0021406,rapidly drained,morainal till,fine loamy and fine silty,sedementary - siltstone and mudstone, ,unspecified, , , , , ,terrestrial, , , , 
406,0021407,well drained,lacustrine,clayey,sedementary - siltstone and mudstone, ,unspecified, , , , , ,terrestrial, , , , 
407,0021408,well drained,fluvio-lacustrine,fine loamy and fine silty,sedementary - siltstone and mudstone, ,unspecified, , , , , ,terrestrial, , , , 
408,0021409, ,fluvio-lacustrine,fine loamy and fine silty,sedementary - siltstone and mudstone, ,unspecified,morainal till, , , ,unspecified,terrestrial, , , , 
409,0021410, ,fluvial,sandy,sedementary - siltstone and mudstone, ,unspecified, , , , , ,terrestrial, , , , 
410,0021412, ,fluvio-lacustrine,fine loamy and fine silty,sedementary - siltstone and mudstone, ,unspecified, , , , , ,terrestrial, , , , 
411,0021419,moderately well drained,lacustrine,clayey,sedementary - shale,moderately to very strongly calcareous,weak chemical, , , , , , , , , , 
412,0042708,imperfectly drained,fluvial, ,sedementary - siltstone and mudstone, ,unspecified, , , , , , , , , , 
413,0042709,imperfectly drained,fluvial, ,sedementary - siltstone and mudstone, ,unspecified, , , , , , , ,2, , 
414,0042710,imperfectly drained,fluvial, ,sedementary - siltstone and mudstone, ,unspecified, , , , , , , ,2, , 
415,0042711,poorly drained,fluvial, ,sedementary - siltstone and mudstone, ,unspecified, , , , , , , , , , 
416,0042712,imperfectly drained,fluvial, ,undifferentiated, ,unspecified, , , , , , , ,1.2, , 
417,0042713,moderately well drained,eolian, ,sedementary - siltstone and mudstone, ,unspecified, , , , , , , , , , 
418,0042714,moderately well drained,morainal till, ,undifferentiated, ,unspecified, , , , , , , , , , 
419,0042716,imperfectly drained,lacustrine, ,sedementary - shale, ,unspecified,morainal till, , , ,unspecified, , , , , 
420,0042717,imperfectly drained,lacustrine, ,sedementary - shale, ,unspecified,morainal till, ,undifferentiated, ,unspecified, , , , , 
421,0042718,imperfectly drained,fluvio-lacustrine, ,sedementary - siltstone and mudstone, ,unspecified, , , , , , , , , , 
422,0042719,moderately well drained,morainal till, ,undifferentiated, ,unspecified, , , , , , , , , , 
423,0042720,rapidly drained,fluvio-lacustrine, ,sedementary - siltstone and mudstone, ,unspecified,morainal till, , , , , , , , , 
424,0042721,imperfectly drained,lacustrine, ,sedementary - siltstone and mudstone, ,unspecified,morainal till, ,sedementary - shale, ,unspecified, , , , , 
425,0042722,moderately well drained,fluvio-lacustrine, ,sedementary - siltstone and mudstone, ,unspecified, , , , , , , , , , 
426,0042723,moderately well drained,fluvio-lacustrine, ,sedementary - siltstone and mudstone, ,unspecified, , , , , , , , , , 
427,0042724,moderately well drained,eolian, ,sedementary - siltstone and mudstone, ,unspecified, , , , , , , , , , 
428,0042725,imperfectly drained,fluvial, ,undifferentiated, ,unspecified, , , , , , , , , , 
429,0042726,imperfectly drained,fluvial, ,undifferentiated, ,unspecified, , , , , , , , , , 
430,0042727,moderately well drained,fluvial, ,undifferentiated, ,unspecified, , , , , , , , , , 
431,0042728,imperfectly drained,fluvial, ,undifferentiated, ,unspecified, , , , , , , , , , 
432,0042729,moderately well drained,morainal till, ,undifferentiated, ,unspecified, , , , , , , , , , 
433,0042731,imperfectly drained,lacustrine, ,sedementary - siltstone and mudstone, ,unspecified,lacustrine, , , , , , , , , 
434,0042732,imperfectly drained,fluvial, ,sedementary - siltstone and mudstone, ,unspecified,morainal till, ,undifferentiated, ,unspecified, , , , , 
435,0042733,imperfectly drained,lacustrine, ,undifferentiated, ,unspecified,morainal till, ,undifferentiated, ,unspecified, , , , , 
436,0042734,very poorly drained,lacustrine, ,undifferentiated, ,unspecified, , , , , , , , , , 
437,0042735,moderately well drained,morainal till, ,undifferentiated, ,unspecified, , , , , , , , , , 
438,0042736,imperfectly drained,lacustrine, ,sedementary - siltstone and mudstone, , , , , , , , , , , , 
439,0042737,imperfectly drained,lacustrine, ,undifferentiated, ,unspecified, , , , , , , , , , 
440,0042738,imperfectly drained,morainal till, ,sedementary - siltstone and mudstone, ,unspecified, , , , , , , , , , 
441,0042739,imperfectly drained,glaciolacustrine, ,sedementary - siltstone and mudstone, ,unspecified, , , , , , , , , , 
442,0042740,very poorly drained,fluvial, ,sedementary - siltstone and mudstone, ,unspecified, , , , , , , , , , 
443,0042741,imperfectly drained,fluvial, ,sedementary - siltstone and mudstone, ,unspecified, , , , , , , , , , 
444,0042742,imperfectly drained,morainal till, ,undifferentiated, ,unspecified, , , , , , , , , , 
445,0042743,imperfectly drained,lacustrine, ,undifferentiated, ,unspecified, , , , , , , , , , 
446,0042744,imperfectly drained,fluvial, ,sedementary - siltstone and mudstone, ,unspecified, , , , , , , , , , 
447,0042745,imperfectly drained,fluvial, ,sedementary - siltstone and mudstone, ,unspecified, , , , , , , , , , 
448,0042746,moderately well drained,morainal till, ,undifferentiated, ,unspecified, , , , , , , , , , 
449,0042747,moderately well drained,morainal till, ,undifferentiated, ,unspecified, , , , , , , , , , 
450,0042748,poorly drained,fluvial, ,sedementary - siltstone and mudstone, ,unspecified, , , , , , , , , , 
451,0042749,imperfectly drained,fluvial, ,sedementary - siltstone and mudstone, ,unspecified, , , , , , , , , , 
452,0042750,imperfectly drained,glacio-fluvial, ,sedementary - siltstone and mudstone, ,unspecified, , , , , , , , , , 
453,0042751,imperfectly drained,glaciolacustrine, ,sedementary - siltstone and mudstone, ,unspecified,morainal till, , , ,unspecified, , , , , 
454,0042752,poorly drained,fluvial, ,sedementary - siltstone and mudstone, ,unspecified, , , , , , , , , , 
455,0042753,moderately well drained,fluvial, ,sedementary - siltstone and mudstone, ,unspecified, , , , , , , , , , 
456,0042754,imperfectly drained,lacustrine, ,sedementary - siltstone and mudstone, ,unspecified, , , , , , , , , , 
457,0042755,imperfectly drained,fluvial, ,sedementary - siltstone and mudstone, ,unspecified, , , , , , , , , , 
458,0042756,moderately well drained,lacustrine, ,sedementary - siltstone and mudstone, ,unspecified, , , , , , , , , , 
459,0042757,well drained,fluvial, ,sedementary - siltstone and mudstone, ,unspecified, , , , , , , , , , 
460,0042758,well drained,fluvial, ,sedementary - siltstone and mudstone, ,unspecified,morainal till, , , ,unspecified, , , , , 
461,0042759,moderately well drained,lacustrine, ,sedementary - siltstone and mudstone, ,unspecified, , , , , , , , , , 
462,0042761,moderately well drained,fluvial, ,sedementary - siltstone and mudstone, ,unspecified, , , , , , , , , , 
463,0042762,well drained,fluvial, ,sedementary - siltstone and mudstone, ,unspecified, , , , , , , , , , 
464,0042763,well drained,glacio-fluvial, ,sedementary - siltstone and mudstone, ,unspecified, , , , , , , , , , 
465,0042765,moderately well drained,fluvial, ,sedementary - siltstone and mudstone, ,unspecified, , , , , , , , , , 
466,0042766,well drained,fluvial, ,sedementary - siltstone and mudstone, ,unspecified, , , , , , , , , , 
467,0042767,well drained,lacustrine, ,sedementary - siltstone and mudstone, ,unspecified,morainal till, , , ,unspecified, , , , , 
468,0042768,moderately well drained,lacustrine, ,sedementary - siltstone and mudstone, ,unspecified,morainal till, , , ,unspecified, , ,0.3, , 
469,0042769,moderately well drained,lacustrine, ,sedementary - siltstone and mudstone, ,unspecified, , , , , , , , , , 
470,0042770,moderately well drained,lacustrine, ,sedementary - siltstone and mudstone, ,unspecified,fluvial, , , ,unspecified, , , , , 
471,0042771,imperfectly drained,lacustrine, ,sedementary - siltstone and mudstone, ,unspecified,fluvial, , , ,unspecified, , , , , 
472,0042772,moderately well drained,fluvial, ,sedementary - siltstone and mudstone, ,unspecified, , , , , , , , , , 
473,0042774,moderately well drained,lacustrine, ,sedementary - siltstone and mudstone, ,unspecified, , , , , , , , , , 
474,0042775,imperfectly drained,fluvial, ,sedementary - siltstone and mudstone, ,unspecified, , , , , , , , , , 
475,0042776,imperfectly drained,morainal till, ,sedementary - siltstone and mudstone, ,unspecified, , , , , , , , , , 
476,0042777,moderately well drained,morainal till, ,sedementary - siltstone and mudstone, ,unspecified, , , , , , , , , , 
477,0042778,well drained,lacustrine, ,sedementary - siltstone and mudstone, ,unspecified,fluvial, , , , , , , , , 
478,0042779,imperfectly drained,lacustrine, ,sedementary - siltstone and mudstone, ,unspecified,morainal till, , , ,unspecified, , , , , 
479,0042780,well drained,lacustrine, ,sedementary - siltstone and mudstone, ,unspecified, , , , , , , , , , 
480,0042781,imperfectly drained,lacustrine, ,sedementary - siltstone and mudstone, ,unspecified,morainal till, , , ,unspecified, , , , , 
481,0042782,imperfectly drained,lacustrine, ,sedementary - siltstone and mudstone, ,unspecified,morainal till, , , ,unspecified, , , , , 
482,0042783,imperfectly drained,lacustrine, ,sedementary - siltstone and mudstone, ,unspecified, , , , , , , , , , 
483,0042784,moderately well drained,lacustrine, ,sedementary - siltstone and mudstone, ,unspecified, , , , , , , , , , 
484,0042785,well drained,lacustrine, ,sedementary - siltstone and mudstone, ,unspecified, , , , , , , , , , 
485,0042786,poorly drained,lacustrine, ,sedementary - siltstone and mudstone, ,unspecified, , , , , , , , , , 
486,0042787,well drained,lacustrine, ,sedementary - siltstone and mudstone, ,unspecified,fluvial, , , ,unspecified, , , , , 
487,0042788,well drained,glacio-fluvial, ,sedementary - siltstone and mudstone, ,unspecified,morainal till, , , ,unspecified, , , , , 
488,0042789,moderately well drained,lacustrine, ,sedementary - siltstone and mudstone, ,unspecified, , , , , , , , , , 
489,0042790,well drained,lacustrine, ,sedementary - siltstone and mudstone, ,unspecified, , , , , , , , , , 
490,0042791,imperfectly drained,lacustrine, ,sedementary - siltstone and mudstone, ,unspecified,fluvial, , , ,unspecified, , , , , 
491,0042792,moderately well drained,lacustrine, ,sedementary - siltstone and mudstone, ,unspecified, , , , , , , , , , 
492,0042793,well drained,lacustrine, ,sedementary - siltstone and mudstone, ,unspecified, , , , , , , , , , 
493,0042794,moderately well drained,lacustrine, ,sedementary - siltstone and mudstone, ,unspecified, , , , , , , , , , 
494,0042795,moderately well drained,lacustrine, ,sedementary - siltstone and mudstone, ,unspecified, , , , , , , , , , 
495,0042796,imperfectly drained,lacustrine, ,sedementary - siltstone and mudstone, ,unspecified, , , , , , , , , , 
496,0042798,imperfectly drained,morainal till, ,sedementary - siltstone and mudstone, ,unspecified, , , , , , , , , , 
497,0042799,moderately well drained,fluvial, ,sedementary - siltstone and mudstone, ,unspecified, , , , , , , , , , 
498,0042800,moderately well drained,fluvial, ,sedementary - siltstone and mudstone, ,unspecified, , , , , , , , , , 
499,0042801,moderately well drained,lacustrine, ,sedementary - siltstone and mudstone, ,unspecified,glacio-fluvial, , , ,unspecified, , , , , 
500,0042802,well drained,lacustrine, ,sedementary - siltstone and mudstone, ,unspecified,morainal till, , , ,unspecified, , , , , 
501,0042804,imperfectly drained,fluvial, ,sedementary - siltstone and mudstone, ,unspecified, , , , , , , , , , 
502,0042805,moderately well drained,fluvial, ,sedementary - siltstone and mudstone, ,unspecified, , , , , , , , , , 
503,0042806,imperfectly drained,fluvial, ,sedementary - siltstone and mudstone, ,unspecified, , , , , , , , , , 
504,0042807,imperfectly drained,morainal till, ,sedementary - siltstone and mudstone, ,unspecified, , , , , , , , , , 
505,0042809,imperfectly drained,morainal till, ,sedementary - siltstone and mudstone, ,unspecified, , , , , , , , , , 
506,0042810,well drained,morainal till, ,sedementary - siltstone and mudstone, ,unspecified, , , , , , , , , , 
507,0042811,well drained,morainal till, ,sedementary - siltstone and mudstone, ,unspecified, , , , , , , , , , 
508,0042812,moderately well drained,morainal till, ,sedementary - siltstone and mudstone, ,unspecified, , , , , , , ,0.1, , 
509,0042813,moderately well drained,morainal till, ,sedementary - siltstone and mudstone, ,unspecified, , , , , , , , , , 
510,0042814,well drained,morainal till, ,sedementary - siltstone and mudstone, ,unspecified, , , , , , , , , , 
511,0042815,well drained,morainal till, ,sedementary - siltstone and mudstone, ,unspecified, , , , , , , , , , 
512,0042816,moderately well drained,lacustrine, ,sedementary - siltstone and mudstone, ,unspecified, , , , , , , , , , 
513,0042817,moderately well drained,lacustrine, ,sedementary - siltstone and mudstone, ,unspecified, , , , , , , , , , 
514,0042818,imperfectly drained,lacustrine, ,sedementary - siltstone and mudstone, ,unspecified, , , , , , , , , , 
515,0042819,well drained,fluvial, ,sedementary - siltstone and mudstone, ,unspecified, , , , , , , , , , 
516,0042820,well drained,fluvial, ,sedementary - siltstone and mudstone, ,unspecified, , , , , , , , , , 
517,0042821,imperfectly drained,lacustrine, ,sedementary - siltstone and mudstone, ,unspecified, , , , , , , , , , 
518,0042822,well drained,morainal till, ,sedementary - siltstone and mudstone, ,unspecified, , , , , , , , , , 
519,0042823, ,morainal till, ,sedementary - siltstone and mudstone, ,unspecified, , , , , , , , , , 
520,0042825,poorly drained,morainal till, ,sedementary - siltstone and mudstone, ,unspecified, , , , , , , , , , 
521,0042826,poorly drained,morainal till, ,sedementary - siltstone and mudstone, ,unspecified, , , , , , , , , , 
522,0042827,imperfectly drained,lacustrine, ,undifferentiated, ,unspecified, , , , , , , , , , 
523,0042828,imperfectly drained,fluvial, ,sedementary - siltstone and mudstone, ,unspecified, , , , , , , ,1, , 
524,0042829,imperfectly drained,lacustrine, ,sedementary - siltstone and mudstone, ,unspecified, , , , , , , , , , 
525,0042830,imperfectly drained,morainal till, ,undifferentiated, ,unspecified, , , , , , , , , , 
526,0042831,imperfectly drained,morainal till, ,sedementary - siltstone and mudstone, ,unspecified, , , , , , , , , , 
527,0042832,moderately well drained,lacustrine, ,sedementary - siltstone and mudstone, ,unspecified,morainal till, , , ,unspecified, , , , , 
528,0042833,well drained,morainal till, ,undifferentiated, ,unspecified, , , , , , , ,1.5, , 
529,0042834,well drained,lacustrine, ,sedementary - siltstone and mudstone, ,unspecified, , , , , , , , , , 
530,0042835,imperfectly drained,organic, ,sedementary - siltstone and mudstone, ,unspecified,lacustrine, ,undifferentiated, ,unspecified, , ,0.5, , 
531,0042836,rapidly drained,morainal till, ,undifferentiated, ,unspecified, , , , , , , , , , 
532,0042837,well drained,morainal till, ,undifferentiated, ,unspecified, , , , , , , , , , 
533,0042838,well drained,lacustrine, ,sedementary - siltstone and mudstone, ,unspecified, , , , , , , , , , 
534,0042839,moderately well drained,lacustrine, ,undifferentiated, ,unspecified, , , , , , , , , , 
535,0042840,poorly drained,lacustrine, ,undifferentiated, ,unspecified, , , , , , , , , , 
536,0042841,poorly drained,lacustrine, ,undifferentiated, ,unspecified, , , , , ,terrestrial, ,0.8, , 
537,0042842,well drained,morainal till, ,undifferentiated, ,unspecified, , , , , , , , , , 
538,0042843,well drained,morainal till, ,undifferentiated, ,unspecified, , , , , , , ,1.5, , 
539,0042844,moderately well drained,lacustrine, ,undifferentiated, ,unspecified, , , , , , , , , , 
540,0042845,well drained,morainal till, ,undifferentiated, ,unspecified, , , , , , , ,1.5, , 
541,0042846,well drained,glacio-fluvial, ,sedementary - siltstone and mudstone, ,unspecified, , , , , , , , , , 
542,0042848,moderately well drained,morainal till, ,undifferentiated, ,unspecified, , , , , , , , , , 
543,0042849,moderately well drained,lacustrine, ,undifferentiated, ,unspecified, , , , , , , , , , 
544,0042850,imperfectly drained, , ,sedementary - siltstone and mudstone, ,unspecified,morainal till, ,undifferentiated, , , , , , , 
545,0042851,imperfectly drained,morainal till, ,undifferentiated, ,unspecified, , , , , , , , , , 
546,0042853,moderately well drained,morainal till, ,undifferentiated, ,unspecified, , , , , , , , , , 
547,0042854,well drained,morainal till, ,undifferentiated, ,unspecified, , , , , , , , , , 
548,0042855,well drained,morainal till, ,undifferentiated, ,unspecified, , , , , , , , , , 
549,0042856,imperfectly drained,morainal till, ,undifferentiated, ,unspecified, , , , , , , , , , 
550,0042857,imperfectly drained,morainal till, ,undifferentiated, ,unspecified, , , , , , , , , , 
551,0042858,moderately well drained,morainal till, ,undifferentiated, ,unspecified, , , , , , , , , , 
552,0042860,well drained,lacustrine, ,sedementary - siltstone and mudstone, ,unspecified, , , , , , , , , , 
553,0042861,very poorly drained,organic, ,sedementary - siltstone and mudstone, ,unspecified,lacustrine, , , ,unspecified, , , , , 
554,0042862,imperfectly drained,morainal till, ,undifferentiated, ,unspecified, , , , , , , , , , 
555,0042863,well drained,morainal till, ,undifferentiated, ,unspecified, , , , , , , ,1.5, , 
556,0042864,moderately well drained,morainal till, ,undifferentiated, ,unspecified, , , , , , , , , , 
557,0042865,imperfectly drained,morainal till, ,undifferentiated, ,unspecified, , , , , , , , , , 
558,0042866,well drained,morainal till, ,undifferentiated, ,unspecified, , , , , , , , , , 
559,0042867,imperfectly drained,lacustrine, ,undifferentiated, ,unspecified, , , , , , , , , , 
560,0042869,poorly drained,lacustrine, ,sedementary - siltstone and mudstone, ,unspecified, , , , , , , , , , 
561,0042870,moderately well drained,lacustrine, ,undifferentiated, ,unspecified, , , , , , , , , , 
562,0042871,well drained,morainal till, ,undifferentiated, ,unspecified, , , , , , , , , , 
563,0042872,imperfectly drained,lacustrine, ,undifferentiated, ,unspecified, , , , , , , , , , 
564,0042874,imperfectly drained,lacustrine, ,undifferentiated, ,unspecified, , , , , , , , , , 
565,0042875,moderately well drained,lacustrine, ,undifferentiated, ,unspecified, , , , , , , , , , 
566,0042877,imperfectly drained,fluvial, ,undifferentiated, ,unspecified, , , , , , , , , , 
567,0042881,moderately well drained,morainal till, ,undifferentiated, ,unspecified, , , , , , , ,0.9, , 
568,0042882,imperfectly drained,lacustrine, ,undifferentiated, ,unspecified, , , , , , , , , , 
569,0042883,moderately well drained,morainal till, ,undifferentiated, ,unspecified, , , , , , , , , , 
570,0042884,well drained,morainal till, ,sedementary - siltstone and mudstone, ,unspecified, , , , , , , , , , 
571,0042885,imperfectly drained,lacustrine, ,undifferentiated, ,unspecified,morainal till, , , ,unspecified, , , , , 
572,0042886,poorly drained,lacustrine, ,undifferentiated, ,unspecified, , , , , , , ,0.6, , 
573,0042887,rapidly drained,fluvial, ,sedementary - siltstone and mudstone, ,unspecified,morainal till, ,undifferentiated, ,unspecified, , , , , 
574,0042888,well drained,lacustrine, ,sedementary - siltstone and mudstone, ,unspecified,morainal till, ,undifferentiated, ,unspecified, , , , , 
575,0042889,imperfectly drained,lacustrine, ,undifferentiated, ,unspecified, , , , , , , , , , 
576,0042890,poorly drained,lacustrine, ,undifferentiated, ,unspecified, , , , , , , , , , 
577,0042891,imperfectly drained,lacustrine, ,sedementary - siltstone and mudstone, ,unspecified,lacustrine, , , ,unspecified, , , , , 
578,0042892,poorly drained,lacustrine, ,undifferentiated, ,unspecified, , , , , , , , , , 
579,0042893,moderately well drained,fluvial, ,undifferentiated, ,unspecified, , , , , , , , , , 
580,0042894,well drained,lacustrine, ,undifferentiated, ,unspecified, , , , , , , , , , 
581,0042896,poorly drained,lacustrine, ,undifferentiated, ,unspecified, , , , , , , , , , 
582,0042897,moderately well drained, , ,sedementary - siltstone and mudstone, ,unspecified,morainal till, ,undifferentiated, , , , , , , 
583,0042898,well drained,fluvial, ,sedementary - siltstone and mudstone, ,unspecified, , , , , , , , , , 
584,0042899,poorly drained,lacustrine, ,undifferentiated, ,unspecified, , , , , , , ,0.8, , 
585,0042900,imperfectly drained,morainal till, ,undifferentiated, ,unspecified, , , , , , , , , , 
586,0042901,imperfectly drained,morainal till, ,sedementary - siltstone and mudstone, ,unspecified, , , , , , , , , , 
587,0042904,imperfectly drained,morainal till, ,sedementary - siltstone and mudstone,extremely calcareous,unspecified, , , , , , , , , , 
588,0042905,moderately well drained,lacustrine, ,sedementary - siltstone and mudstone, ,unspecified,morainal till, , , ,unspecified, , , , , 
589,0042908,poorly drained,morainal till, ,undifferentiated, ,unspecified, , , , , , , , , , 
590,0042909,poorly drained,morainal till, ,undifferentiated, ,unspecified, , , , , , , ,0.6, , 
591,0042910,poorly drained,morainal till, ,undifferentiated, ,unspecified, , , , , , , ,0.9, , 
592,0042911,poorly drained,morainal till, ,undifferentiated, ,unspecified, , , , , , , , , , 
593,0042912,well drained,morainal till, ,undifferentiated, ,unspecified, , , , , , , , , , 
594,0042913,imperfectly drained,morainal till, ,undifferentiated, ,unspecified, , , , , , , , , , 
595,0042914,imperfectly drained,morainal till, ,undifferentiated, ,unspecified, , , , , , , , , , 
596,0042915,well drained,morainal till, ,undifferentiated, ,unspecified, , , , , , , , , , 
597,0042916,well drained,morainal till, ,undifferentiated, ,unspecified, , , , , , , , , , 
598,0042917,poorly drained,lacustrine, ,undifferentiated, ,unspecified,morainal till, ,undifferentiated, ,unspecified, , , , , 
599,0042919,rapidly drained,fluvial, ,undifferentiated, ,unspecified,morainal till, , , ,unspecified, , , , , 
600,0042920,poorly drained,fluvial, ,undifferentiated, ,unspecified,morainal till, ,undifferentiated, ,unspecified, , ,0.7, , 
601,0042921,well drained,morainal till, ,undifferentiated, ,unspecified, , , , , , , , , , 
602,0042922,moderately well drained,morainal till, ,undifferentiated, ,unspecified, , , , , , , , , , 
603,0042923,moderately well drained,morainal till, ,undifferentiated, ,unspecified, , , , , , , , , , 
604,0042924,very poorly drained,organic, ,sedementary - siltstone and mudstone, ,unspecified,morainal till, ,undifferentiated, ,unspecified, , ,0.5, , 
605,0042925,moderately well drained,morainal till, ,undifferentiated, ,unspecified, , , , , , , , , , 
606,0042926,poorly drained,fluvial, ,undifferentiated, ,unspecified, , , , , , , ,0.6, , 
607,0042927,moderately well drained,fluvial, ,undifferentiated, ,unspecified, , , , , , , ,0.2, , 
608,0042928,well drained,morainal till, ,undifferentiated, ,unspecified,morainal till, ,undifferentiated, ,unspecified, , , , , 
609,0042929,moderately well drained,morainal till, ,undifferentiated, ,unspecified, , , , , , , , , , 
610,0042930,moderately well drained,fluvial, ,undifferentiated, ,unspecified, , , , , , , ,0.9, , 
611,0042931,moderately well drained,fluvial, ,undifferentiated, ,unspecified, , , , , , , ,0.7, , 
612,0042932,imperfectly drained,morainal till, ,undifferentiated, ,unspecified, , , , , , , , , , 
613,0042933,well drained,morainal till, ,undifferentiated, ,unspecified, , , , , , , , , , 
614,0042934,poorly drained,fluvial, ,sedementary - siltstone and mudstone, ,unspecified,morainal till, ,undifferentiated, ,unspecified, , , , , 
615,0042936,moderately well drained,fluvial, ,sedementary - siltstone and mudstone, ,unspecified, , , , , , , , , , 
616,0042937,imperfectly drained,morainal till, ,undifferentiated, ,unspecified, , , , , , , , , , 
617,0042938,well drained,fluvial, ,sedementary - siltstone and mudstone, ,unspecified, , , , , , , ,2.7, , 
618,0042939,well drained,morainal till,fragmental,sedementary - siltstone and mudstone,extremely calcareous,unspecified, , , , , , , , , , 
619,0042940,imperfectly drained,fluvial, ,sedementary - siltstone and mudstone, ,unspecified, , , , , , , ,2.7, , 
620,0042941,poorly drained,fluvial, ,sedementary - siltstone and mudstone, ,unspecified, , , , , , , , , , 
621,0042942,well drained,lacustrine, ,sedementary - siltstone and mudstone, ,unspecified, , , , , , , , , , 
622,0042943,imperfectly drained,fluvial, ,sedementary - siltstone and mudstone, ,unspecified, , , , , , , , , , 
623,0042944,imperfectly drained,lacustrine, ,sedementary - siltstone and mudstone, ,unspecified,fluvial, , , ,unspecified, , ,1.5, , 
624,0042945,imperfectly drained,fluvial, ,sedementary - siltstone and mudstone, ,unspecified, , , , , , , , , , 
625,0042946,well drained,lacustrine, ,sedementary - siltstone and mudstone, ,unspecified,fluvial, , , ,unspecified, , , , , 
626,0042947,well drained,lacustrine, ,sedementary - siltstone and mudstone, ,unspecified, , , , , , , , , , 
627,0042948,poorly drained,fluvial, ,sedementary - siltstone and mudstone, ,unspecified, , , , , , , , , , 
628,0042949,imperfectly drained,lacustrine, ,sedementary - siltstone and mudstone, ,unspecified, , , , , , , , , , 
629,0042950,imperfectly drained,fluvial, ,sedementary - siltstone and mudstone, ,unspecified, , , , , , , , , , 
630,0042951,poorly drained,fluvial, ,sedementary - siltstone and mudstone, ,unspecified, , , , , , , , , , 
631,0042952,imperfectly drained,fluvial, ,sedementary - siltstone and mudstone, ,unspecified,lacustrine, , , ,unspecified, , ,2.1, , 
632,0042953,imperfectly drained,lacustrine, ,sedementary - siltstone and mudstone, ,unspecified, , , , , , , ,3, , 
633,0042954,imperfectly drained,organic, ,sedementary - siltstone and mudstone, ,unspecified,morainal till, , , ,unspecified, , ,0.5, , 
634,0042955,moderately well drained,organic, ,sedementary - siltstone and mudstone, ,unspecified, , , , , , , , , , 
635,0042956,well drained,fluvial, ,sedementary - siltstone and mudstone, ,unspecified, , , , , , , , , , 
636,0042957,imperfectly drained,lacustrine, ,sedementary - siltstone and mudstone, ,unspecified, , , , , , , , , , 
637,0042958,moderately well drained,lacustrine, ,sedementary - siltstone and mudstone, ,unspecified, , , , , , , , , , 
638,0042959,imperfectly drained,lacustrine, ,sedementary - siltstone and mudstone, ,unspecified, , , , , , , , , , 
639,0042960,imperfectly drained,lacustrine, ,sedementary - siltstone and mudstone, ,unspecified, , , , , , , , , , 
640,0042961,imperfectly drained,morainal till, ,sedementary - siltstone and mudstone, ,unspecified, , , , , , , , , , 
641,0042962,moderately well drained, , ,sedementary - siltstone and mudstone, , , , , , , , , , , , 
642,0042963,moderately well drained,lacustrine, ,sedementary - siltstone and mudstone, , , , , , , , , , , , 
643,0042964,well drained,morainal till, ,sedementary - siltstone and mudstone, ,unspecified, , , , , , , , , , 
644,0042965,poorly drained,lacustrine, ,sedementary - siltstone and mudstone, ,unspecified, , , , , , , , , , 
645,0042966, , , ,sedementary - siltstone and mudstone, , , , , , , , , , , , 
646,0042967,well drained,lacustrine, ,sedementary - siltstone and mudstone, ,unspecified,morainal till, , , ,unspecified, , , , , 
647,0042968, , , ,sedementary - siltstone and mudstone, , , , , , , , , , , , 
648,0042969,well drained,morainal till, ,sedementary - siltstone and mudstone, ,unspecified, , , , , , , , , , 
649,0042970,well drained,morainal till, ,sedementary - siltstone and mudstone, ,unspecified, , , , , , , , , , 
650,0042971,imperfectly drained,lacustrine, ,sedementary - siltstone and mudstone, ,unspecified, , , , , , , , , , 
651,0042972,well drained,fluvial, ,sedementary - siltstone and mudstone, ,unspecified, , , , , , , , , , 
652,0042973, , , ,sedementary - siltstone and mudstone, , , , , , , , , , , , 
653,0042974, , , ,sedementary - siltstone and mudstone, , , , , , , , , , , , 
654,0042975, ,organic, ,sedementary - siltstone and mudstone, ,unspecified, , , , , , , , , , 
655,0042976,poorly drained,organic, ,sedementary - siltstone and mudstone, ,unspecified,lacustrine, ,undifferentiated, ,unspecified, , ,0.6, , 
656,0042977,imperfectly drained,morainal till, ,sedementary - siltstone and mudstone,moderately to very strongly calcareous,unspecified, , , , , , , ,1.2, , 
657,0042978,well drained,glacio-fluvial, ,sedementary - siltstone and mudstone,moderately acidic to neutral,unspecified, , , , , , , , , , 
658,0042979,well drained,morainal till, ,sedementary - siltstone and mudstone,moderately to very strongly calcareous,unspecified, , , , , , , ,1.5, , 
659,0042980,well drained,fluvial, ,sedementary - siltstone and mudstone, ,unspecified, , , , , , , , , , 
660,0042981,well drained,glacio-fluvial, ,sedementary - siltstone and mudstone, ,unspecified, , , , , , , , , , 
661,0042984, ,organic, ,sedementary - siltstone and mudstone, ,unspecified, , , , , , , , , , 
662,0042985,moderately well drained,morainal till, ,sedementary - siltstone and mudstone,moderately to very strongly calcareous,unspecified, , , , , , , , , , 
663,0042986,imperfectly drained,morainal till, ,sedementary - siltstone and mudstone,moderately to very strongly calcareous,unspecified, , , , , , , , , , 
664,0042987,well drained,morainal till, ,sedementary - dolomite, ,unspecified, , , , , , , , , , 
665,0042988,moderately well drained,morainal till, ,sedementary - siltstone and mudstone,moderately to very strongly calcareous,unspecified, , , , , , , , , , 
666,0042989,imperfectly drained,morainal till, ,sedementary - siltstone and mudstone,extremely calcareous,unspecified, , , , , , , , , , 
667,0042990,well drained,morainal till, ,sedementary - siltstone and mudstone,moderately to very strongly calcareous,unspecified, , , , , , , , , , 
668,0042991,well drained,glacio-fluvial, ,sedementary - siltstone and mudstone,moderately to very strongly calcareous,unspecified, , , , , , , , , , 
669,0042993,moderately well drained,lacustrine, ,sedementary - siltstone and mudstone,moderately to very strongly calcareous,unspecified,morainal till, , ,extremely calcareous,unspecified, , , , , 
670,0042995,well drained,glacio-fluvial,sandy,sedementary - siltstone and mudstone,moderately acidic to neutral,unspecified, , , , , , , , , , 
671,0042997,imperfectly drained,fluvial,coarse loamy and coarse silty,sedementary - siltstone and mudstone,extremely calcareous,unspecified, , , , , , , , , , 
672,0042998,imperfectly drained,morainal till, ,undifferentiated, ,unspecified, , , , , , , , , , 
673,0042999,imperfectly drained,lacustrine, ,undifferentiated, ,unspecified, , , , , , , , , , 
674,0043000,imperfectly drained,lacustrine, ,sedementary - siltstone and mudstone, ,unspecified,morainal till, ,undifferentiated, ,unspecified, , , , , 
675,0043001,moderately well drained,morainal till, ,undifferentiated, ,unspecified,residual, , , ,unspecified, , , , , 
676,0043002,moderately well drained,lacustrine, ,sedementary - siltstone and mudstone, ,unspecified, , , , , , , , , , 
677,0043003,moderately well drained,morainal till, ,undifferentiated, ,unspecified, , , , , , , , , , 
678,0043004,poorly drained,organic, ,sedementary - siltstone and mudstone, ,unspecified,lacustrine, ,undifferentiated,weakly calcareous,unspecified, , ,0.7, , 
679,0043005,imperfectly drained,organic, ,sedementary - siltstone and mudstone, ,unspecified,lacustrine, ,undifferentiated,moderately to very strongly calcareous,unspecified, , ,0.9, , 
680,0043006,poorly drained,organic, ,sedementary - siltstone and mudstone, ,unspecified,lacustrine, ,undifferentiated, ,unspecified, , ,0.1, , 
681,0043007,poorly drained,organic, ,sedementary - siltstone and mudstone, ,unspecified,lacustrine, ,undifferentiated, , , , ,0.8, , 
682,0043008,imperfectly drained,organic, ,sedementary - siltstone and mudstone, ,unspecified,lacustrine, , , ,unspecified, , ,0.5, , 
683,0043009,poorly drained,organic, ,sedementary - siltstone and mudstone, ,unspecified,lacustrine, , , ,unspecified, , , , , 
684,0043010,imperfectly drained,organic, ,sedementary - siltstone and mudstone, ,unspecified,lacustrine, , , ,unspecified, , ,0.3, , 
685,0043011,poorly drained,organic, ,sedementary - siltstone and mudstone, ,unspecified,lacustrine, ,undifferentiated, , , , ,0.7, , 
686,0043012,poorly drained,organic, ,sedementary - siltstone and mudstone, ,unspecified,lacustrine, ,undifferentiated, , , , ,1.8, , 
687,0043014,poorly drained,organic, ,sedementary - siltstone and mudstone, ,unspecified,lacustrine, ,undifferentiated, , , , ,0.6, , 
688,0043015,well drained,fluvial, ,sedementary - siltstone and mudstone, ,unspecified, , , , , , , , , , 
689,0043016,poorly drained,fluvial, ,sedementary - siltstone and mudstone, ,unspecified, , , , , , , ,0.1, , 
690,0043017,moderately well drained,lacustrine, ,undifferentiated, ,unspecified, , , , , , , , , , 
691,0043018,imperfectly drained,fluvial, ,undifferentiated, ,unspecified, , , , , , , , , , 
692,0043019,moderately well drained,fluvial, ,sedementary - siltstone and mudstone, ,unspecified, , , , , , , ,1.2, , 
693,0043020,moderately well drained,lacustrine, ,sedementary - siltstone and mudstone, ,unspecified,morainal till, , , ,unspecified, , ,1.2, , 
694,0043021,moderately well drained,morainal till, ,undifferentiated, ,unspecified, , , , , , , ,0.6, , 
695,0043022,poorly drained,fluvial, ,sedementary - siltstone and mudstone, ,unspecified, , , , , , , ,0.5, , 
696,0043023,well drained,fluvial, ,sedementary - siltstone and mudstone, ,unspecified, , , , , , , ,1.5, , 
697,0043024,well drained,lacustrine, ,sedementary - siltstone and mudstone, ,unspecified,morainal till, , , ,unspecified, , , , , 
698,0043025,well drained,eolian, ,sedementary - siltstone and mudstone, ,unspecified, , , , , , , , , , 
699,0043026,imperfectly drained,lacustrine, ,sedementary - siltstone and mudstone, ,unspecified, , , , , , , , , , 
700,0043027,poorly drained,lacustrine, ,sedementary - siltstone and mudstone, ,unspecified, , , , , , , , , , 
701,0043031,well drained,lacustrine, ,sedementary - siltstone and mudstone, ,unspecified, , , , , , , , , , 
702,0043032,imperfectly drained,lacustrine, ,sedementary - siltstone and mudstone, ,unspecified, , , , , , , , , , 
703,0043033,imperfectly drained,lacustrine, ,sedementary - siltstone and mudstone, ,unspecified, , , , , , , , , , 
704,0043038,moderately well drained,lacustrine, ,undifferentiated, ,unspecified, , , , , , , , , , 
705,0043039,imperfectly drained,lacustrine, ,sedementary - siltstone and mudstone, ,unspecified, , , , ,unspecified, , , , , 
706,0043040,imperfectly drained,lacustrine, ,sedementary - siltstone and mudstone, ,unspecified,morainal till, ,undifferentiated, ,unspecified, , , , , 
707,0043041,moderately well drained,lacustrine, ,undifferentiated, ,unspecified,morainal till, ,undifferentiated, ,unspecified, , , , , 
708,0043042,well drained,glacio-fluvial, ,sedementary - siltstone and mudstone, ,unspecified, , , , , , , , , , 
709,0043043,well drained,fluvio-marine, ,sedementary - siltstone and mudstone, ,unspecified, , , , , , , , , , 
710,0043044,well drained,fluvio-marine, ,sedementary - siltstone and mudstone, ,unspecified, , , , , , , , , , 
711,0043045,poorly drained,fluvial, ,sedementary - siltstone and mudstone, ,unspecified, , , , , , , , , , 
712,0043046,poorly drained,fluvial, ,sedementary - siltstone and mudstone, ,unspecified, , , , , , , , , , 
713,0043047,moderately well drained,lacustrine, ,sedementary - siltstone and mudstone, ,unspecified, , , , , , , , , , 
714,0043048,moderately well drained,lacustrine, ,sedementary - siltstone and mudstone, ,unspecified, , , , , , , , , , 
715,0043049,poorly drained,lacustrine, ,sedementary - siltstone and mudstone, ,unspecified, , , , , , , , , , 
716,0043050,well drained,fluvial, ,sedementary - siltstone and mudstone, ,unspecified, , , , , , , , , , 
717,0043051,well drained,fluvial,sandy,sedementary - siltstone and mudstone, ,unspecified, , , , , , , , , , 
718,0043052,poorly drained,fluvial, ,sedementary - siltstone and mudstone, ,unspecified, , , , , , , , , , 
719,0043053,imperfectly drained,lacustrine, ,sedementary - siltstone and mudstone, ,unspecified,glacio-fluvial, , , ,unspecified, , , , , 
720,0043054,moderately well drained,fluvial,sandy,sedementary - siltstone and mudstone, ,unspecified,morainal till, , , ,unspecified, , , , , 
721,0043055,imperfectly drained,fluvial, ,sedementary - siltstone and mudstone, ,unspecified, , , , , , , , , , 
722,0043056,imperfectly drained,fluvial, ,sedementary - siltstone and mudstone,moderately to very strongly calcareous,unspecified, , , , , , , , , , 
723,0043058,imperfectly drained,fluvial,sandy,sedementary - siltstone and mudstone, ,unspecified,morainal till, , , ,unspecified, , ,0.7, , 
724,0043059,rapidly drained,eolian,sandy,sedementary - siltstone and mudstone, ,unspecified, , , , , , , , , , 
725,0043060,imperfectly drained,fluvio-lacustrine, ,sedementary - shale, ,unspecified, , , , , , , , , , 
726,0043061,poorly drained,morainal till, ,sedementary - siltstone and mudstone,extremely calcareous,unspecified, , , , , , , ,0.6, , 
727,0043062,imperfectly drained,fluvio-lacustrine, ,sedementary - shale, ,unspecified, , , , , , , ,0.6, , 
728,0043063,imperfectly drained,fluvial,sandy,sedementary - siltstone and mudstone,moderately to very strongly calcareous,unspecified, , , , , , , , , , 
729,0043064,imperfectly drained,fluvial, ,sedementary - siltstone and mudstone,moderately to very strongly calcareous,unspecified,fluvial,sandy, , ,unspecified, , , , , 
730,0043065, ,organic, ,sedementary - siltstone and mudstone, ,unspecified,fluvial, , , ,unspecified, , ,0.5, , 
731,0043066,moderately well drained,morainal till, ,sedementary - siltstone and mudstone,extremely calcareous,unspecified, , , , , , , , , , 
732,0043067,moderately well drained,morainal till, ,sedementary - siltstone and mudstone,extremely calcareous,unspecified, , , , , , , , , , 
733,0043068,imperfectly drained,fluvial, ,sedementary - siltstone and mudstone, ,unspecified,fluvio-lacustrine,sandy, , ,unspecified, , , , , 
734,0043069,very poorly drained,organic, ,sedementary - siltstone and mudstone, ,unspecified,lacustrine, , ,extremely calcareous,unspecified, ,other,0.6, , 
735,0043070,well drained,morainal till,coarse loamy and coarse silty,sedementary - siltstone and mudstone, ,unspecified, , , , , , , , , , 
736,0043071,well drained,morainal till, ,sedementary - siltstone and mudstone,moderately to very strongly calcareous,unspecified, , , , , , , , , , 
737,0043072,well drained,fluvial, ,sedementary - siltstone and mudstone, ,unspecified, , , , , , , , , , 
738,0043073,very poorly drained,lacustrine,sandy,sedementary - siltstone and mudstone, ,unspecified, , , , , , , ,0.6, , 
739,0043075,imperfectly drained,fluvial,sandy,sedementary - siltstone and mudstone, ,unspecified, , , , , , , ,1.2, , 
740,0043076,poorly drained,fluvial,sandy,sedementary - siltstone and mudstone, ,unspecified, , , , , , , ,0.5, , 
741,0043078,well drained,fluvial,sandy,sedementary - siltstone and mudstone, ,unspecified,eolian, , , ,unspecified, , , , , 
742,0043079,very poorly drained,organic, ,sedementary - siltstone and mudstone, ,unspecified,lacustrine, ,undifferentiated, ,unspecified, , , , , 
743,0043081,imperfectly drained,lacustrine,fine loamy and fine silty,sedementary - siltstone and mudstone, ,unspecified, , , , , , , , , , 
744,0043082,rapidly drained,morainal till,fine loamy and fine silty,mixed,moderately to very strongly calcareous,unspecified, , , , , , , , , , 
745,0043084,well drained, , ,sedementary - siltstone and mudstone, , , , , , , , , , , , 
746,0043085,imperfectly drained,lacustrine,fine loamy and fine silty,sedementary - siltstone and mudstone, ,unspecified, , , , , , , , , , 
747,0043086, , , ,sedementary - siltstone and mudstone, , , , , , , , , , , , 
748,0043087,well drained,morainal till, ,sedementary - siltstone and mudstone, ,unspecified, , , , , , , , , , 
749,0043088,moderately well drained,morainal till, ,sedementary - siltstone and mudstone, ,unspecified, , , , , , , , , , 
750,0043090,well drained,morainal till, ,sedementary - siltstone and mudstone, ,unspecified, , , , , , , , , , 
751,0043091,imperfectly drained,lacustrine, ,sedementary - siltstone and mudstone, ,unspecified,morainal till, , , ,unspecified, , , , , 
752,0043092,poorly drained,lacustrine,clayey,sedementary - siltstone and mudstone, ,unspecified,morainal till, , , ,unspecified, , , , , 
753,0043093,imperfectly drained,lacustrine, ,sedementary - siltstone and mudstone, ,unspecified,morainal till, , , ,unspecified, , , , , 
754,0043095,well drained, , ,sedementary - siltstone and mudstone, ,unspecified, , , , , , , , , , 
755,0043096,well drained, , ,sedementary - siltstone and mudstone, ,unspecified, , , , , , , , , , 
756,0043098,imperfectly drained,lacustrine,fine loamy and fine silty,sedementary - siltstone and mudstone, ,unspecified, , , , , , , , , , 
757,0043101,well drained,fluvial,sandy,undifferentiated, ,unspecified,morainal till, ,undifferentiated, ,unspecified, , , , , 
758,0043106,rapidly drained,lacustrine,clayey,undifferentiated, ,unspecified,morainal till, ,undifferentiated, ,unspecified, , , , , 
759,0043107,well drained,fluvio-marine,sandy,sedementary - siltstone and mudstone, ,unspecified, , , , , , , , , , 
760,0043108,well drained,fluvio-marine,sandy,sedementary - siltstone and mudstone, ,unspecified, , , , , , , , , , 
761,0043109,imperfectly drained,lacustrine,coarse loamy and coarse silty,sedementary - siltstone and mudstone, ,unspecified,morainal till, , , ,unspecified, , , , , 
762,0043110,rapidly drained,fluvial,sandy,sedementary - siltstone and mudstone, ,unspecified, , , , , , , , , , 
763,0043111,well drained,lacustrine,fine loamy and fine silty,sedementary - siltstone and mudstone, ,unspecified,morainal till, , , ,unspecified, , , , , 
764,0043112,moderately well drained,morainal till,coarse loamy and coarse silty,sedementary - siltstone and mudstone, ,unspecified, , , , , , , , , , 
765,0043113,moderately well drained,lacustrine,coarse loamy and coarse silty,sedementary - siltstone and mudstone, ,unspecified,morainal till, , , ,unspecified, , , , , 
766,0043114,imperfectly drained,morainal till, ,sedementary - siltstone and mudstone, ,unspecified, , , , , , , , , , 
767,0043115,moderately well drained,lacustrine,clayey,sedementary - siltstone and mudstone, ,unspecified, , , , , , , , , , 
768,0043116,imperfectly drained,lacustrine,fine loamy and fine silty,sedementary - siltstone and mudstone, ,unspecified, , , , , , , , , , 
769,0043118,moderately well drained,lacustrine, ,sedementary - siltstone and mudstone, ,unspecified, , , , , , , , , , 
770,0043119,imperfectly drained,lacustrine,sandy,sedementary - siltstone and mudstone, ,unspecified, , , , , , , , , , 
771,0043120,imperfectly drained,lacustrine,sandy,sedementary - siltstone and mudstone, ,unspecified, , , , , , , , , , 
772,0043121,well drained,lacustrine, ,sedementary - siltstone and mudstone, ,unspecified,fluvial,sandy, , ,unspecified, , , , , 
773,0043122,poorly drained,morainal till, ,sedementary - siltstone and mudstone, ,unspecified, , , , , , , , , , 
774,0043123,well drained,lacustrine,coarse loamy and coarse silty,sedementary - siltstone and mudstone, ,unspecified, , , , , , , , , , 
775,0043124,imperfectly drained,lacustrine,fine loamy and fine silty,sedementary - siltstone and mudstone, ,unspecified, , , , , , , , , , 
776,0043125,well drained,morainal till,coarse loamy and coarse silty,sedementary - siltstone and mudstone, ,unspecified, , , , , , , , , , 
777,0043126,imperfectly drained,morainal till,fine loamy and fine silty,sedementary - siltstone and mudstone, ,unspecified, , , , , , , , , , 
778,0043127,poorly drained,lacustrine, ,sedementary - siltstone and mudstone, ,unspecified, , , , , , , , , , 
779,0043128,imperfectly drained,fluvial, ,sedementary - siltstone and mudstone, ,unspecified, , , , , , , , , , 
780,0043129,well drained,lacustrine,coarse loamy and coarse silty,sedementary - siltstone and mudstone, ,unspecified, , , , , , , , , , 
781,0043130,well drained,lacustrine, ,sedementary - siltstone and mudstone, ,unspecified, , , , ,unspecified, , , , , 
782,0043131,well drained,lacustrine,sandy,sedementary - siltstone and mudstone, ,unspecified,morainal till, , , ,unspecified, , , , , 
783,0043132,imperfectly drained,eolian, ,sedementary - siltstone and mudstone, ,unspecified,morainal till, , , ,unspecified, , , , , 
784,0043133,moderately well drained,lacustrine,fine loamy and fine silty,sedementary - siltstone and mudstone, ,unspecified,morainal till, , , ,unspecified, , , , , 
785,0043134,imperfectly drained,fluvial,sandy,sedementary - siltstone and mudstone, ,unspecified, , , , , , , , , , 
786,0043135,poorly drained,lacustrine,sandy,sedementary - siltstone and mudstone, ,unspecified, , , , , , , , , , 
787,0043136,moderately well drained,lacustrine, ,sedementary - siltstone and mudstone, ,unspecified, , , , , , , , , , 
788,0043137,poorly drained,lacustrine,sandy,sedementary - siltstone and mudstone, ,unspecified, , , , , , , , , , 
789,0043138,poorly drained,lacustrine,sandy,sedementary - siltstone and mudstone, ,unspecified, , , , , , , , , , 
790,0043139,poorly drained,lacustrine,clayey,sedementary - siltstone and mudstone, ,unspecified, , , , , , , ,0, , 
791,0043140,imperfectly drained,morainal till, ,sedementary - siltstone and mudstone, ,unspecified, , , , , , , , , , 
792,0043141,well drained,morainal till, ,sedementary - siltstone and mudstone, ,unspecified, , , , , , , , , , 
793,0043142,well drained,morainal till, ,sedementary - siltstone and mudstone, ,unspecified, , , , , , , , , , 
794,0043143,poorly drained,morainal till,fine loamy and fine silty,sedementary - siltstone and mudstone, ,unspecified, , , , , , , , , , 
795,0043144,poorly drained,morainal till,fine loamy and fine silty,sedementary - siltstone and mudstone, ,unspecified, , , , , , , , , , 
796,0043145,imperfectly drained,lacustrine, ,sedementary - siltstone and mudstone, ,unspecified,morainal till, , , ,unspecified, , , , , 
797,0043146,imperfectly drained,lacustrine, ,sedementary - siltstone and mudstone, ,unspecified,morainal till, , , ,unspecified, , , , , 
798,0043147,imperfectly drained,morainal till, ,sedementary - siltstone and mudstone, ,unspecified, , , , , , , , , , 
799,0043148,imperfectly drained,lacustrine,coarse loamy and coarse silty,sedementary - siltstone and mudstone, ,unspecified, , , , , , , , , , 
800,0043149,well drained,lacustrine, ,sedementary - siltstone and mudstone, ,unspecified,morainal till, , , ,unspecified, , , , , 
801,0043150,imperfectly drained,lacustrine,fine loamy and fine silty,sedementary - siltstone and mudstone, ,unspecified, , , , , , , , , , 
802,0043151,imperfectly drained,fluvial,coarse loamy and coarse silty,undifferentiated, ,unspecified, , , , , , , , , , 
803,0043152,imperfectly drained,lacustrine, ,undifferentiated, ,unspecified, , , , , , , , , , 
804,0043153,imperfectly drained,lacustrine,sandy,undifferentiated, ,unspecified,morainal till, ,undifferentiated, ,unspecified, , , , , 
805,0043154,imperfectly drained,lacustrine,coarse loamy and coarse silty,undifferentiated, ,unspecified, , , , , , , , , , 
806,0043155,moderately well drained,morainal till,fine loamy and fine silty,undifferentiated, ,unspecified, , , , , , , , , , 
807,0043156,imperfectly drained,morainal till, ,undifferentiated, ,unspecified, , , , , , , , , , 
808,0043157,imperfectly drained,lacustrine,coarse loamy and coarse silty,undifferentiated, ,unspecified, , , , , , , , , , 
809,0043159,imperfectly drained,lacustrine,sandy,undifferentiated, ,unspecified,morainal till, ,undifferentiated, ,unspecified, , , , , 
810,0043160,imperfectly drained,lacustrine, ,undifferentiated, ,unspecified,morainal till, ,undifferentiated, ,unspecified, , , , , 
811,0043161, ,organic, ,sedementary - siltstone and mudstone, ,unspecified,lacustrine, , , ,unspecified, , ,0.6, , 
812,0043162,moderately well drained,fluvial,clayey,sedementary - siltstone and mudstone,moderately to very strongly calcareous,weak chemical, , , , , , , , , , 
813,0043163,imperfectly drained,lacustrine,clayey,sedementary - siltstone and mudstone,moderately to very strongly calcareous,weak chemical,morainal till, , ,moderately to very strongly calcareous, , , , , , 
814,0043164,very poorly drained,organic, ,organic material - sphagnum peat, , ,lacustrine,clayey, ,moderately to very strongly calcareous, , ,apparent,0.1, , 
815,0043165,well drained,lacustrine,stratified - mineral,sedementary - siltstone and mudstone,moderately to very strongly calcareous, , , , , , , , , , , 
816,0043166,well drained,morainal till,coarse loamy and coarse silty,sedementary - limestone,extremely calcareous,weak chemical, , , , , , , , , , 
817,0043167,moderately well drained,lacustrine,clayey,mixed, ,unspecified, , , , , , , , , , 
818,0043168,moderately well drained,lacustrine,clayey,mixed, ,unspecified, , , , , , , , , , 
819,0043169,very rapidly drained,fluvial,sandy,mixed,extremely calcareous,unspecified, , , , , , , , , , 
820,0043170,moderately well drained,fluvial,coarse loamy and coarse silty,mixed,moderately to very strongly calcareous,unspecified, , , , , , , , , , 
821,0043171,well drained,morainal till,coarse loamy and coarse silty,sedementary - siltstone and mudstone,extremely calcareous,unspecified, , , , , , , , , , 
822,0043173,poorly drained, , ,organic material - sphagnum peat, , ,morainal till,fine loamy and fine silty, ,moderately to very strongly calcareous,unspecified, , , , , 
823,0043174,poorly drained,fluvial,coarse loamy and coarse silty,mixed,moderately to very strongly calcareous,unspecified, , , , , , , , , , 
824,0043175,poorly drained,lacustrine,coarse loamy and coarse silty,sedementary - siltstone and mudstone, ,unspecified,fluvial,coarse loamy and coarse silty, , ,unspecified, , , , , 
825,0043176,poorly drained,glacio-fluvial,undifferentiated,mixed, ,unspecified, , , , , , , ,0.5, , 
826,0043177,moderately well drained,lacustrine,clayey,mixed, ,unspecified,lacustro-till, , , , , , , , , 
827,0043178,imperfectly drained,lacustrine,fine loamy and fine silty,mixed, ,unspecified, , , , , , , , , , 
828,0043179,moderately well drained,morainal till,fine loamy and fine silty,mixed, ,unspecified, , , , , , , , , , 
829,0043180,moderately well drained,fluvial,fine loamy and fine silty,mixed,moderately to very strongly calcareous,unspecified, , , , , , , ,1, , 
830,0043181,poorly drained,lacustrine,fine loamy and fine silty,mixed, ,unspecified, , , , , , , , , , 
831,0043182,imperfectly drained,fluvial,fine loamy and fine silty,mixed,moderately to very strongly calcareous,unspecified, , , , , , , ,1, , 
832,0043183,moderately well drained,fluvial,coarse loamy and coarse silty,mixed,moderately to very strongly calcareous,unspecified, , , , , , , ,1, , 
833,0043184,imperfectly drained,fluvial,fine loamy and fine silty,mixed,moderately to very strongly calcareous,unspecified, , , , , , , , , , 
834,0043185,imperfectly drained,fluvial,fine loamy and fine silty,mixed,moderately to very strongly calcareous,unspecified, , , , , , , , , , 
835,0043186,very poorly drained, , ,sedementary - siltstone and mudstone, , ,fluvial,sandy,mixed, ,unspecified, , , , , 
836,0043187,poorly drained,fluvial,sandy,sedementary - siltstone and mudstone, ,unspecified,lacustro-till,fine loamy and fine silty,mixed,moderately to very strongly calcareous,unspecified, , ,0.4, , 
837,0043188,rapidly drained,fluvial,undifferentiated,mixed, ,unspecified, , , , , , , , , , 
838,0043189,imperfectly drained,lacustro-till,clayey,mixed, ,unspecified, , , , , , , , , , 
839,0043190,poorly drained,morainal till,fine loamy and fine silty,sedementary - siltstone and mudstone,moderately to very strongly calcareous,unspecified, , , , , , , , , , 
840,0043191,poorly drained,fluvial,fine loamy and fine silty,sedementary - siltstone and mudstone, ,unspecified, , , , , , , , , , 
841,0043192,poorly drained,lacustrine,clayey,mixed,moderately to very strongly calcareous,unspecified,lacustro-till,clayey, , ,unspecified, , , , , 
842,0043193,imperfectly drained,lacustrine,undifferentiated,sedementary - siltstone and mudstone,moderately to very strongly calcareous,unspecified, , , , , , , , , , 
843,0043194,imperfectly drained,morainal till, ,undifferentiated, ,unspecified, , , , , , , , , , 
844,0043195,imperfectly drained,morainal till, ,undifferentiated, ,unspecified, , , , , , , , , , 
845,0043196,well drained,lacustrine, ,undifferentiated, ,unspecified,morainal till, ,undifferentiated, ,unspecified, , , , , 
846,0043197,moderately well drained,morainal till, ,sedementary - shale, ,unspecified, , , , , , , , , , 
847,0043198,very poorly drained,organic, ,sedementary - siltstone and mudstone, ,unspecified, , , , , , , ,0.4, , 
848,0043199, ,organic, ,sedementary - siltstone and mudstone, ,unspecified,morainal till, , , ,unspecified, , , , , 
849,0043200, ,morainal till, ,sedementary - siltstone and mudstone, ,unspecified, , , , , , , , , , 
850,0043201,moderately well drained,lacustrine, ,sedementary - siltstone and mudstone, ,unspecified, , , , , , , , , , 
851,0043202,well drained,morainal till, ,undifferentiated, ,unspecified, , , , , , , , , , 
852,0043203,well drained,lacustrine,coarse loamy and coarse silty,undifferentiated, ,unspecified, , , , , , , , , , 
853,0043204,moderately well drained,morainal till, ,sedementary - siltstone and mudstone, ,unspecified, , , , , , , , , , 
854,0043205,imperfectly drained,morainal till, ,sedementary - siltstone and mudstone, ,unspecified, , , , , , , , , , 
855,0043211,very poorly drained,organic, ,sedementary - siltstone and mudstone, ,unspecified,lacustrine, , , ,unspecified, , , , , 
856,0043213,imperfectly drained,lacustrine, ,sedementary - siltstone and mudstone, ,unspecified, , , , , , , , , , 
857,0043218,very poorly drained,organic, ,sedementary - siltstone and mudstone, ,unspecified, , , , , , , , , , 
858,0043223,poorly drained,morainal till,fine loamy and fine silty,mixed, ,unspecified, , , , , , , , , , 
859,0043224, ,organic, ,organic material - unspecified type, ,unspecified, , , , , , , ,0.3, , 
860,0043225, ,lacustrine, ,organic material - unspecified type, ,unspecified, , , , , , , ,0.2, , 
861,0043226, ,organic, ,sedementary - siltstone and mudstone, ,unspecified,morainal till, , , ,unspecified, , ,0.2, , 
862,0043227,moderately well drained,morainal till,coarse loamy and coarse silty,mixed,extremely calcareous,unspecified, , , , , , , , , , 
863,0043228, ,organic, ,organic material - unspecified type, ,unspecified,morainal till, , , ,unspecified, , ,0.5, , 
864,0043229,imperfectly drained,fluvial,fine loamy and fine silty,mixed, ,unspecified, , , , , , , , , , 
865,0043230,poorly drained,organic, ,organic material - unspecified type, ,unspecified,lacustrine, , , ,unspecified, , , , , 
866,0043231,poorly drained,organic, ,organic material - unspecified type, ,unspecified,lacustrine,clayey, , ,unspecified, , , , , 
867,0043232,well drained,lacustrine,coarse loamy and coarse silty,mixed, ,unspecified, , , , , , , , , , 
868,0043233,imperfectly drained,lacustro-till,fine loamy and fine silty,mixed,extremely calcareous,unspecified, , , , , , , , , , 
869,0043234,well drained,lacustrine,clayey,sedementary - siltstone and mudstone,moderately to very strongly calcareous,unspecified, , , , , , , , , , 
870,0043235,well drained,morainal till,sandy,sedementary - siltstone and mudstone,moderately acidic to neutral, , , , , , , , , , , 
871,0043236,poorly drained,organic, ,organic material - forest peat, ,unspecified,lacustrine,clayey, , ,unspecified, , , , , 
872,0043237,well drained,morainal till,coarse loamy and coarse silty,sedementary - siltstone and mudstone,moderately to very strongly calcareous,unspecified, , , , , , , , , , 
873,0043238,well drained,morainal till,undifferentiated,sedementary - siltstone and mudstone,moderately to very strongly calcareous,unspecified, , , , , , , , , , 
874,0043239,well drained,lacustrine,undifferentiated,sedementary - siltstone and mudstone,moderately to very strongly calcareous,unspecified, , , , , , , , , , 
875,0043240,well drained,lacustrine,fine loamy and fine silty,sedementary - siltstone and mudstone,moderately to very strongly calcareous,unspecified, ,sandy, , , , , , , , 
876,0043241,well drained,lacustrine,fine loamy and fine silty,sedementary - siltstone and mudstone,moderately to very strongly calcareous,unspecified,morainal till,fine loamy and fine silty, ,moderately to very strongly calcareous,unspecified, , , , , 
877,0043245,poorly drained,morainal till,fine loamy and fine silty,sedementary - siltstone and mudstone,moderately to very strongly calcareous,unspecified, , , , , , , ,1.3, , 
878,0043248,well drained,lacustrine,coarse loamy and coarse silty,mixed,moderately to very strongly calcareous,unspecified,lacustrine,sandy,mixed,moderately to very strongly calcareous,unspecified, , , , , 
879,0043249,rapidly drained,lacustro-till,undifferentiated,sedementary - siltstone and mudstone,moderately to very strongly calcareous,unspecified, , , , , , , , , , 
880,0043250,well drained,morainal till,fine loamy and fine silty,sedementary - siltstone and mudstone,moderately to very strongly calcareous,unspecified, , , , , , , , , , 
881,0043251,well drained,morainal till,fine loamy and fine silty,sedementary - limestone,extremely calcareous,unspecified, , , , , , , , , , 
882,0043252,imperfectly drained,fluvial,undifferentiated,sedementary - siltstone and mudstone,weakly calcareous,unspecified, , , , , , , , , , 
883,0043253,poorly drained,organic,undifferentiated,sedementary - siltstone and mudstone, ,unspecified,lacustrine,undifferentiated, , ,unspecified, , , , , 
884,0043254,poorly drained,organic,undifferentiated,sedementary - siltstone and mudstone, ,unspecified,lacustrine,undifferentiated, , ,unspecified, , , , , 
885,0043255,very poorly drained,organic,undifferentiated,sedementary - siltstone and mudstone, ,unspecified, ,undifferentiated, , ,unspecified, , , , , 
886,0043256,very poorly drained,organic,undifferentiated,sedementary - siltstone and mudstone, ,unspecified,lacustrine,undifferentiated, , ,unspecified, , , , , 
887,0043257,poorly drained,organic,undifferentiated,sedementary - siltstone and mudstone, ,unspecified,lacustrine,undifferentiated, , ,unspecified, , , , , 
888,0043258,very poorly drained,organic,undifferentiated,sedementary - siltstone and mudstone, ,unspecified,lacustrine,undifferentiated, , ,unspecified, , , , , 
889,0043261,imperfectly drained,lacustrine,undifferentiated,sedementary - siltstone and mudstone, ,unspecified,lacustro-till, , ,moderately to very strongly calcareous, , , , , , 
890,0043262,imperfectly drained,fluvial,undifferentiated,sedementary - siltstone and mudstone,moderately to very strongly calcareous,unspecified, , , , , , , , , , 
891,0043263,very poorly drained,organic, ,organic material - sphagnum peat, , ,organic, ,organic material - fen peat, , , ,apparent, , , 
892,0043279,well drained,lacustrine, ,sedementary - siltstone and mudstone, ,unspecified, , , , , , , , , , 
893,0043280,poorly drained,lacustrine, ,sedementary - siltstone and mudstone, ,unspecified, , , , , , , , , , 
894,0043281,well drained,lacustrine, ,sedementary - siltstone and mudstone, ,unspecified, , , , , , , , , , 
895,0043282,well drained,glacio-fluvial, ,sedementary - siltstone and mudstone, ,unspecified, , , , , , , , , , 
896,0043283,poorly drained,lacustrine, ,sedementary - siltstone and mudstone, ,unspecified, , , , , , , , , , 
897,0043284,moderately well drained,lacustrine, ,sedementary - siltstone and mudstone, ,unspecified,morainal till, , , ,unspecified, , , , , 
898,0043285,rapidly drained,lacustrine, ,sedementary - siltstone and mudstone, ,unspecified, , , , , , , , , , 
899,0043286,moderately well drained,fluvial, ,sedementary - siltstone and mudstone, ,unspecified, , , , , , , , , , 
900,0043287,imperfectly drained,lacustrine, ,sedementary - siltstone and mudstone, ,unspecified, , , , , , , , , , 
901,0043288,moderately well drained,lacustrine, ,sedementary - siltstone and mudstone, ,unspecified, , , , , , , , , , 
902,0043289,moderately well drained,lacustrine, ,sedementary - siltstone and mudstone, ,unspecified, , , , , , , , , , 
903,0043290,well drained,lacustrine, ,sedementary - siltstone and mudstone, ,unspecified, , , , , , , , , , 
904,0043291,well drained,fluvio-marine, ,sedementary - siltstone and mudstone, ,unspecified, , , , , , , , , , 
905,0043292,imperfectly drained,lacustrine, ,sedementary - siltstone and mudstone, ,unspecified, , , , , , , , , , 
906,0043293,rapidly drained,lacustrine, ,sedementary - siltstone and mudstone, ,unspecified, , , , , , , , , , 
907,0043294,well drained,fluvial, ,sedementary - siltstone and mudstone, ,unspecified, , , , , , , , , , 
908,0043295,moderately well drained,lacustrine, ,sedementary - siltstone and mudstone, ,unspecified, , , , , , , , , , 
909,0043296,poorly drained,lacustrine, ,sedementary - siltstone and mudstone, ,unspecified, , , , , , , , , , 
910,0043297,moderately well drained,lacustrine, ,sedementary - siltstone and mudstone, ,unspecified, , , , , , , , , , 
911,0043298, , , ,sedementary - siltstone and mudstone, , , , , , , , , , , , 
912,0043299,imperfectly drained,organic, ,sedementary - siltstone and mudstone, , ,lacustrine, , , ,unspecified, , , , , 
913,0043300,imperfectly drained,lacustrine, ,sedementary - siltstone and mudstone, ,unspecified,lacustrine, , , ,unspecified, , , , , 
914,0043301,rapidly drained,fluvio-marine, ,sedementary - siltstone and mudstone, ,unspecified, , , , , , , , , , 
915,0043302,imperfectly drained,lacustrine, ,sedementary - siltstone and mudstone, ,unspecified, , , , , , , , , , 
916,0043303,well drained,lacustrine, ,sedementary - siltstone and mudstone, ,unspecified, , , , , , , , , , 
917,0043304,rapidly drained,glacio-fluvial, ,sedementary - siltstone and mudstone, ,unspecified, , , , , , , , , , 
918,0043305,moderately well drained,organic, ,organic material - sphagnum peat,extremely to strongly acidic,unspecified, , , , ,unspecified, , , , , 
919,0043306,well drained,lacustrine, ,sedementary - siltstone and mudstone, ,unspecified, , , , , , , , , , 
920,0043307,well drained,glacio-fluvial, ,sedementary - siltstone and mudstone, ,unspecified, , , , , , , ,0.9, , 
921,0043308,moderately well drained,lacustrine,fine loamy and fine silty,sedementary - siltstone and mudstone,moderately to very strongly calcareous,unspecified,morainal till, , , ,unspecified, , ,0.9, , 
922,0043310,imperfectly drained,lacustrine,clayey,sedementary - siltstone and mudstone,moderately to very strongly calcareous,unspecified, ,fine loamy and fine silty, ,moderately to very strongly calcareous,unspecified, , , , , 
923,0043311,moderately well drained,lacustrine,clayey,sedementary - siltstone and mudstone,moderately to very strongly calcareous,unspecified, , , , , , , , , , 
924,0043312,moderately well drained,lacustrine, ,sedementary - siltstone and mudstone, ,unspecified, , , , , , , , , , 
925,0043313,well drained,lacustrine,clayey,sedementary - siltstone and mudstone,moderately to very strongly calcareous,unspecified, , , , , , , , , , 
926,0043314,well drained,lacustrine,clayey,sedementary - siltstone and mudstone, ,unspecified, , , , , , , , , , 
927,0043315,well drained, ,sandy,sedementary - siltstone and mudstone,moderately acidic to neutral,unspecified, , , , , , , , , , 
928,0043316, ,organic, ,sedementary - siltstone and mudstone, ,unspecified, , , , , , , ,0.3, , 
929,0043317,well drained,morainal till,coarse loamy and coarse silty,sedementary - siltstone and mudstone, ,unspecified, , , , ,unspecified, , , , , 
930,0043318,well drained,lacustrine, ,sedementary - siltstone and mudstone, ,unspecified,fluvio-marine, , , ,unspecified, , , , , 
931,0043320,well drained,lacustrine,stratified - mineral,sedementary - siltstone and mudstone,moderately to very strongly calcareous,unspecified, , , , , , , , , , 
932,0043321,rapidly drained,glacio-fluvial,sandy,mixed,weakly calcareous,unspecified, , , , , , , , , , 
933,0043322,moderately well drained,colluvial,sandy,sedementary - siltstone and mudstone, ,unspecified,morainal till,sandy, ,moderately acidic to neutral,unspecified, , , , , 
934,0043323,imperfectly drained,lacustrine,clayey,sedementary - siltstone and mudstone,moderately to very strongly calcareous, , , , , , , , , , , 
935,0043324,moderately well drained,lacustrine,fine loamy and fine silty,sedementary - siltstone and mudstone,moderately to very strongly calcareous,unspecified, , , , ,unspecified, , , , , 
936,0043325,moderately well drained,lacustrine, ,sedementary - siltstone and mudstone, ,unspecified, , , , , , , , , , 
937,0043327,well drained,lacustrine,fine loamy and fine silty,sedementary - siltstone and mudstone,extremely calcareous,unspecified, , , , ,unspecified, , , , , 
938,0043328,well drained,lacustrine,fine loamy and fine silty,sedementary - siltstone and mudstone,extremely calcareous,unspecified, , , , ,unspecified, , , , , 
939,0043329,imperfectly drained,organic, ,sedementary - siltstone and mudstone, ,unspecified,lacustrine, , , ,unspecified, , , , , 
940,0043331,moderately well drained,lacustrine,fine loamy and fine silty,sedementary - siltstone and mudstone,moderately to very strongly calcareous,unspecified, , , , , , , , , , 
941,0043332,moderately well drained,lacustrine,fine loamy and fine silty,sedementary - siltstone and mudstone,moderately to very strongly calcareous,unspecified, , , , , , , , , , 
942,0043333,poorly drained,lacustrine, ,igneous - fine acidic, ,unspecified, , , , , , , , , , 
943,0043334, ,organic, ,sedementary - siltstone and mudstone, ,unspecified, , , , , , , , , , 
944,0043335, ,lacustrine,fine loamy and fine silty,sedementary - siltstone and mudstone,moderately to very strongly calcareous, , , , , , , , , , , 
945,0043336,well drained,lacustrine,coarse loamy and coarse silty,sedementary - siltstone and mudstone,moderately to very strongly calcareous,unspecified, , , , , , , , , , 
946,0043337, ,organic, ,sedementary - siltstone and mudstone, ,unspecified,lacustrine, , , ,unspecified, , , , , 
947,0043338,well drained,glacio-fluvial,sandy,sedementary - siltstone and mudstone,moderately acidic to neutral,unspecified, , , , , , , , , , 
948,0043340,well drained,lacustrine,stratified - mineral,sedementary - siltstone and mudstone,moderately to very strongly calcareous,unspecified, , , , , , , , , , 
949,0043341,moderately well drained,lacustrine,clayey,sedementary - siltstone and mudstone,moderately to very strongly calcareous,unspecified, , , , , , , , , , 
950,0043343,imperfectly drained,organic, ,sedementary - siltstone and mudstone, ,unspecified, , , , , , , , , , 
951,0043344,poorly drained,lacustrine,clayey,sedementary - siltstone and mudstone,moderately to very strongly calcareous,unspecified, , , , , , , , , , 
952,0043345,moderately well drained,lacustrine,clayey,sedementary - siltstone and mudstone,moderately to very strongly calcareous,unspecified, , , , , , , , , , 
953,0043346,moderately well drained,lacustrine,clayey,sedementary - siltstone and mudstone,moderately to very strongly calcareous,unspecified, , , , , , , , , , 
954,0043347, ,organic,clayey,sedementary - siltstone and mudstone,moderately to very strongly calcareous,unspecified,lacustrine, , , ,unspecified, , , , , 
955,0043348,well drained,lacustrine,clayey,sedementary - siltstone and mudstone,moderately to very strongly calcareous,unspecified, , , , , , , , , , 
956,0043349,imperfectly drained,lacustrine,clayey,sedementary - siltstone and mudstone,moderately to very strongly calcareous,unspecified, , , , , , , , , , 
957,0043350,moderately well drained,lacustrine,clayey,sedementary - siltstone and mudstone,moderately to very strongly calcareous,unspecified, , , , , , , , , , 
958,0043354,well drained,lacustrine,stratified - mineral,sedementary - siltstone and mudstone,moderately to very strongly calcareous,unspecified, , , , ,unspecified, , , , , 
959,0043355,rapidly drained,lacustrine,stratified - mineral,sedementary - siltstone and mudstone,moderately to very strongly calcareous,unspecified, , , , , , , , , , 
960,0043356,moderately well drained,lacustrine,stratified - mineral,sedementary - siltstone and mudstone,moderately to very strongly calcareous,unspecified, , , , , , , , , , 
961,0043358, ,organic, ,sedementary - siltstone and mudstone, ,unspecified, , , , , , , , , , 
962,0043359,well drained,lacustrine,coarse loamy and coarse silty,sedementary - siltstone and mudstone,moderately to very strongly calcareous,unspecified,morainal till,coarse loamy and coarse silty, ,moderately acidic to neutral,unspecified, , , , , 
963,0043361,well drained,morainal till, ,sedementary - siltstone and mudstone, ,unspecified, , , , , , , , , , 
964,0043362,moderately well drained,morainal till, ,sedementary - siltstone and mudstone, ,unspecified, , , , , , , ,2, , 
965,0043363,well drained,lacustrine, ,sedementary - siltstone and mudstone, ,unspecified, , , , , , , , , , 
966,0043364,poorly drained,organic, ,sedementary - siltstone and mudstone, ,unspecified, , , , , , , , , , 
967,0043366,moderately well drained,morainal till, ,sedementary - siltstone and mudstone, ,unspecified, , , , , , , ,1, , 
968,0043367,imperfectly drained,lacustrine, ,sedementary - siltstone and mudstone, ,unspecified,morainal till, , , ,unspecified, , ,1, , 
969,0043368,imperfectly drained,lacustrine, ,sedementary - siltstone and mudstone, ,unspecified, , , , , , , , , , 
970,0043369,imperfectly drained,lacustrine, ,sedementary - siltstone and mudstone, ,unspecified, , , , , , , , , , 
971,0043371,poorly drained,organic, ,sedementary - siltstone and mudstone, ,unspecified, , , , , , , , , , 
972,0043372,imperfectly drained,lacustrine, ,sedementary - siltstone and mudstone, ,unspecified, , , , , , , , , , 
973,0043374,well drained,morainal till, ,sedementary - siltstone and mudstone, ,unspecified, , , , , , , , , , 
974,0043375,well drained,morainal till, ,sedementary - siltstone and mudstone, ,unspecified, , , , , , , , , , 
975,0043377,poorly drained,organic, ,sedementary - siltstone and mudstone, ,unspecified, , , , , , , , , , 
976,0043378,very poorly drained,organic, ,sedementary - siltstone and mudstone, ,unspecified,lacustrine, , , ,unspecified, , , , , 
977,0043379,well drained, , ,sedementary - siltstone and mudstone, , , , , , , , , , , , 
978,0043380,poorly drained,organic, ,sedementary - siltstone and mudstone, ,unspecified, , , , , , , , , , 
979,0043381,very poorly drained,organic, ,sedementary - siltstone and mudstone, ,unspecified, , , , , , , , , , 
980,0043382,very poorly drained,organic, ,sedementary - siltstone and mudstone, ,unspecified, , , , , , , ,1, , 
981,0043383,very poorly drained,organic, ,sedementary - siltstone and mudstone, ,unspecified, , , , , , , , , , 
982,0043385,very poorly drained,organic, ,sedementary - siltstone and mudstone, ,unspecified, , , , , , , , , , 
983,0043386,very poorly drained,organic, ,sedementary - siltstone and mudstone, ,unspecified, , , , , , , , , , 
984,0043387,very poorly drained,organic, ,sedementary - siltstone and mudstone, ,unspecified, , , , , , , , , , 
985,0043388, ,organic, ,sedementary - siltstone and mudstone, ,unspecified, , , , , , , , , , 
986,0043389,well drained,morainal till, ,sedementary - siltstone and mudstone, ,unspecified, , , , , , , , , , 
987,0043390,well drained,lacustrine, ,sedementary - siltstone and mudstone, ,unspecified,fluvial, , , ,unspecified, , , , , 
988,0043391,well drained,morainal till, ,sedementary - siltstone and mudstone, ,unspecified, , , , , , , , , , 
989,0043392,imperfectly drained,lacustrine, ,sedementary - siltstone and mudstone, ,unspecified,fluvial, , , ,unspecified, , , , , 
990,0043393,very poorly drained,organic, ,sedementary - siltstone and mudstone, ,unspecified, , , , , , , , , , 
991,0043394,well drained,morainal till, ,sedementary - siltstone and mudstone, ,unspecified, , , , , , , , , , 
992,0043395,very poorly drained,organic, ,sedementary - siltstone and mudstone, ,unspecified, , , , , , , , , , 
993,0043396,poorly drained,lacustrine, ,sedementary - siltstone and mudstone, ,unspecified, , , , , , , , , , 
994,0043397,well drained,morainal till, ,sedementary - siltstone and mudstone, ,unspecified, , , , , , , , , , 
995,0043399, ,lacustro-till,clayey,sedementary - siltstone and mudstone,weakly calcareous,unspecified,morainal till,fine loamy and fine silty, ,extremely calcareous,unspecified, , , , , 
996,0043400,moderately well drained,fluvial,stratified - mineral,sedementary - siltstone and mudstone,weakly calcareous,unspecified, , , , , , , , , , 
997,0043401,moderately well drained,morainal till,fine loamy and fine silty,sedementary - siltstone and mudstone,extremely calcareous,unspecified, , , , , , , ,1.3, , 
998,0043402,poorly drained,lacustrine,coarse loamy and coarse silty,mixed,moderately to very strongly calcareous,unspecified,lacustrine,clayey,mixed,moderately to very strongly calcareous,unspecified, , , , , 
999,0043403,imperfectly drained,lacustrine,sandy,mixed,weakly calcareous,unspecified,morainal till,fine loamy and fine silty,mixed,moderately to very strongly calcareous,unspecified, , , , , 
1000,0043404,imperfectly drained,lacustrine,clayey,mixed,moderately to very strongly calcareous,unspecified, , , , , , ,apparent,1, , 
1001,0043405,imperfectly drained,lacustrine,coarse loamy and coarse silty,mixed,moderately to very strongly calcareous,unspecified, , , , , , ,apparent,2, , 
1002,0043406,moderately well drained,lacustrine,coarse loamy and coarse silty,mixed,weakly calcareous,chemical and physical,morainal till,clayey, ,extremely calcareous,unspecified, , , , , 
1003,0043407,moderately well drained,lacustrine,sandy,mixed,weakly calcareous,unspecified,lacustro-till,coarse loamy and coarse silty, ,moderately to very strongly calcareous,unspecified, , , , , 
1004,0043408,moderately well drained,lacustrine,clayey,mixed,weakly calcareous,moderate chemical,morainal till,fine loamy and fine silty, ,extremely calcareous,unspecified, ,apparent,1.5, , 
1005,0043409,moderately well drained,morainal till,coarse loamy and coarse silty,mixed,extremely calcareous,unspecified, , , , , , , , , , 
1006,0043410,imperfectly drained,lacustrine,coarse loamy and coarse silty,mixed,moderately to very strongly calcareous,unspecified,lacustrine,sandy,mixed,moderately to very strongly calcareous,unspecified, ,apparent,1.8, , 
1007,0043411,poorly drained,lacustrine,clayey,mixed,moderately to very strongly calcareous,unspecified,morainal till,coarse loamy and coarse silty,mixed,extremely calcareous,unspecified, , ,1.5, , 
1008,0043412, , , ,sedementary - siltstone and mudstone, , , , , , , , , , , , 
1009,0043413,well drained,lacustro-till,undifferentiated,sedementary - siltstone and mudstone,moderately to very strongly calcareous,unspecified, , , , , , , ,0, , 
1010,0043416,moderately well drained,lacustrine,clayey,sedementary - unspecified type,weakly calcareous,weak chemical, , , ,moderately to very strongly calcareous, , , , , , 
1011,0043417, ,organic, ,organic material - fen peat,extremely to strongly acidic,chemical and physical, , , , , , ,apparent,0.1, , 
1012,0043418, ,organic, ,sedementary - siltstone and mudstone,extremely to strongly acidic,chemical and physical, , , , , , , , , , 
1013,0043419, ,organic, ,sedementary - siltstone and mudstone, ,chemical and physical,marine, ,mixed,moderately acidic to neutral,unspecified, , , , , 
1014,0043420, ,organic, ,organic material - sphagnum peat, ,chemical and physical, ,fine loamy and fine silty,mixed,moderately to very strongly calcareous,unspecified, , , , , 
1015,0043422,poorly drained,morainal till,coarse loamy and coarse silty,mixed,moderately to very strongly calcareous,unspecified, , , , , , , ,0.3, , 
1016,0043424, ,organic, ,sedementary - siltstone and mudstone,extremely to strongly acidic,chemical and physical, , , , , , , ,0.4, , 
1017,0043425,poorly drained,organic, ,sedementary - siltstone and mudstone,extremely to strongly acidic,chemical and physical,marine,coarse loamy and coarse silty,mixed,moderately to very strongly calcareous,unspecified, ,apparent,0.3, , 
1018,0043427,well drained,marine,coarse loamy and coarse silty,mixed,weakly calcareous,unspecified, , , , , , , , , , 
1019,0043429,well drained,marine,coarse loamy and coarse silty,mixed,moderately to very strongly calcareous,unspecified, , , , , , , , , , 
1020,0043430, ,marine,coarse loamy and coarse silty,mixed,moderately to very strongly calcareous,unspecified,morainal till,fine loamy and fine silty,mixed,moderately to very strongly calcareous,unspecified, , , , , 
1021,0043431,well drained, ,coarse loamy and coarse silty,mixed,moderately to very strongly calcareous,unspecified, , , , , , , , , , 
1022,0043432, ,organic, ,sedementary - siltstone and mudstone,extremely to strongly acidic,chemical and physical,morainal till,fine loamy and fine silty,mixed, ,unspecified, ,apparent,0.3, , 
1023,0043433, ,organic, ,organic material - sphagnum peat,extremely to strongly acidic,chemical and physical, , , , , , , , , , 
1024,0043434,poorly drained,organic, ,sedementary - siltstone and mudstone,extremely to strongly acidic,chemical and physical,morainal till,coarse loamy and coarse silty,mixed,moderately to very strongly calcareous,unspecified, , , , , 
1025,0043435,well drained,marine,coarse loamy and coarse silty,mixed,moderately to very strongly calcareous,unspecified, , , , , , , , , , 
1026,0043436, ,organic, ,sedementary - siltstone and mudstone,moderately acidic to neutral,chemical and physical, , , , , , , ,0.3, , 
1027,0043438,well drained,morainal till,coarse loamy and coarse silty,mixed,moderately to very strongly calcareous,unspecified, , , , , , , , , , 
1028,0043439,imperfectly drained, ,fine loamy and fine silty,mixed,moderately to very strongly calcareous,unspecified, , , , , , , , , , 
1029,0043441, ,organic, ,organic material - sphagnum peat,extremely to strongly acidic,chemical and physical, ,coarse loamy and coarse silty,mixed,moderately to very strongly calcareous,unspecified, , , , , 
1030,0043442,poorly drained,organic, ,organic material - fen peat,moderately acidic to neutral,chemical and physical,morainal till,fine loamy and fine silty,mixed,moderately to very strongly calcareous,unspecified, ,apparent,0.2, , 
1031,0043444,poorly drained,organic, ,organic material - sphagnum peat,moderately acidic to neutral,chemical and physical,marine,coarse loamy and coarse silty,mixed,extremely calcareous,unspecified, , , , , 
1032,0043445, ,organic, ,organic material - fen peat,moderately acidic to neutral,chemical and physical,morainal till,coarse loamy and coarse silty,mixed,moderately to very strongly calcareous,unspecified, , , , , 
1033,0043446,poorly drained,organic, ,organic material - sphagnum peat, ,chemical and physical, , , , , , , , , , 
1034,0043447, ,organic, ,organic material - sphagnum peat,extremely to strongly acidic,chemical and physical,marine,coarse loamy and coarse silty,mixed,moderately to very strongly calcareous,unspecified, , , , , 
1035,0043449, ,organic, ,organic material - sphagnum peat, ,chemical and physical,morainal till,coarse loamy and coarse silty,mixed,moderately to very strongly calcareous,unspecified, , , , , 
1036,0043450, ,organic, ,organic material - sphagnum peat,moderately acidic to neutral,chemical and physical,marine,fine loamy and fine silty,mixed,moderately to very strongly calcareous,unspecified, , , , , 
1037,0043451,poorly drained,organic, ,organic material - forest peat,extremely to strongly acidic,chemical and physical, , , , , , , , , , 
1038,0043453,imperfectly drained,organic, ,organic material - sphagnum peat, ,chemical and physical, , ,organic material - sphagnum peat, , , , , , , 
1039,0043454,poorly drained,organic, ,organic material - fen peat,extremely to strongly acidic,chemical and physical, ,fine loamy and fine silty,mixed,moderately to very strongly calcareous,unspecified, , , , , 
1040,0043455,imperfectly drained,organic, ,organic material - sphagnum peat,extremely to strongly acidic,chemical and physical, , , , , , , , , , 
1041,0043456,poorly drained,organic, ,organic material - sphagnum peat,moderately acidic to neutral,chemical and physical, ,coarse loamy and coarse silty,mixed,moderately to very strongly calcareous,unspecified, , , , , 
1042,0043458,imperfectly drained,organic, ,organic material - sphagnum peat,extremely to strongly acidic,chemical and physical,morainal till,fine loamy and fine silty,mixed,moderately to very strongly calcareous,unspecified, , , , , 
1043,0043459,very poorly drained,organic, ,organic material - fen peat,moderately acidic to neutral,chemical and physical, ,fine loamy and fine silty,mixed,moderately to very strongly calcareous,unspecified, , , , , 
1044,0043460,imperfectly drained,organic, ,organic material - forest peat, ,chemical and physical,marine,fine loamy and fine silty,mixed,moderately to very strongly calcareous,unspecified, , , , , 
1045,0043461, , ,sandy,sedementary - siltstone and mudstone,moderately to very strongly calcareous,unspecified, , , , , , , , , , 
1046,0043462,very rapidly drained, ,sandy,mixed,moderately to very strongly calcareous,unspecified, , , , , , ,apparent,2.1, , 
1047,0043465,well drained,marine,coarse loamy and coarse silty,mixed,moderately to very strongly calcareous,unspecified, , , , , , , , , , 
1048,0043466,poorly drained,organic, ,organic material - sphagnum peat,extremely to strongly acidic,chemical and physical, ,fine loamy and fine silty,mixed, ,unspecified, , , , , 
1049,0043467, ,organic, ,organic material - sphagnum peat,extremely to strongly acidic,chemical and physical, ,coarse loamy and coarse silty,mixed, ,unspecified, , , , , 
1050,0043469, ,organic, ,organic material - sphagnum peat,extremely to strongly acidic,chemical and physical, ,fine loamy and fine silty,mixed,moderately to very strongly calcareous,unspecified, , , , , 
1051,0043470, ,organic, ,organic material - sphagnum peat,extremely to strongly acidic,chemical and physical, ,fine loamy and fine silty,mixed,weakly calcareous,unspecified, ,apparent,0.3, , 
1052,0043471, ,organic, ,organic material - sphagnum peat, ,chemical and physical, ,fine loamy and fine silty,mixed, ,unspecified, , , , , 
1053,0043472, ,organic, ,organic material - sphagnum peat,extremely to strongly acidic,chemical and physical,marine,fine loamy and fine silty,mixed,moderately to very strongly calcareous,unspecified, , , , , 
1054,0043475, ,organic, ,organic material - sphagnum peat,extremely to strongly acidic,chemical and physical, , , , , , , , , , 
1055,0043476,well drained,glacio-fluvial,coarse loamy and coarse silty,mixed,moderately to very strongly calcareous,unspecified, , , , , , , , , , 
1056,0043477,poorly drained,organic,stratified - mineral and organic,organic material - fen peat,moderately acidic to neutral,unspecified, ,undifferentiated,mixed, ,unspecified, , , , , 
1057,0043479,imperfectly drained, ,coarse loamy and coarse silty,mixed,moderately to very strongly calcareous,unspecified, , , , , , ,apparent,0.6, , 
1058,0043481,well drained,morainal till,coarse loamy and coarse silty,mixed,moderately to very strongly calcareous,unspecified, , , , , , , , , , 
1059,0043484,well drained,morainal till,coarse loamy and coarse silty,sedementary - siltstone and mudstone,moderately to very strongly calcareous,unspecified, , , , , , , , , , 
1060,0043491,imperfectly drained,lacustrine,clayey,mixed,moderately to very strongly calcareous,unspecified, , , , , , , , , , 
1061,0043492, ,organic,stratified - mineral and organic,mixed, ,chemical and physical,lacustrine,clayey,mixed, ,unspecified, , , , , 
1062,0043493, , ,fine loamy and fine silty,mixed,moderately to very strongly calcareous,unspecified, , , , , , , , , , 
1063,0043495,well drained,morainal till,coarse loamy and coarse silty,mixed,moderately to very strongly calcareous,unspecified, , , , , , , , , , 
1064,0043496,moderately well drained,morainal till,coarse loamy and coarse silty,mixed,moderately to very strongly calcareous,unspecified, , , , , , , , , , 
1065,0043499,well drained,organic, ,organic material - forest peat, ,unspecified, ,fine loamy and fine silty,mixed,moderately to very strongly calcareous,unspecified, , , , , 
1066,0043500,imperfectly drained,lacustrine,fine loamy and fine silty,mixed,weakly calcareous,unspecified, , , , , , , , , , 
1067,0043501,imperfectly drained,morainal till,fine loamy and fine silty,mixed,moderately to very strongly calcareous,unspecified, , , , , , , , , , 
1068,0043502,well drained,organic, ,organic material - sphagnum peat,moderately acidic to neutral,unspecified,morainal till,fine loamy and fine silty,mixed,undifferentiated,unspecified, , , , , 
1069,0043503,well drained, ,coarse loamy and coarse silty,mixed,moderately to very strongly calcareous,unspecified,morainal till,coarse loamy and coarse silty,mixed,moderately to very strongly calcareous,unspecified, , , , , 
1070,0043504,well drained,morainal till,coarse loamy and coarse silty,mixed,moderately to very strongly calcareous,unspecified, , , , , , , , , , 
1071,0043505,moderately well drained,lacustrine,clayey,undifferentiated,moderately to very strongly calcareous,unspecified, , , , , , , , , , 
1072,0043506,imperfectly drained,lacustrine,fine loamy and fine silty,mixed,moderately to very strongly calcareous,unspecified, , , , , , , , , , 
1073,0043508,well drained,morainal till,coarse loamy and coarse silty,mixed,moderately to very strongly calcareous,unspecified, , , , , , , , , , 
1074,0043509,imperfectly drained,morainal till,fine loamy and fine silty,mixed,moderately to very strongly calcareous,unspecified, , , , , , , , , , 
1075,0043510, ,organic, ,organic material - forest peat, ,unspecified,lacustrine,clayey,mixed,moderately to very strongly calcareous,unspecified, , , , , 
1076,0043511, ,organic, ,organic material - sphagnum peat, ,chemical and physical,morainal till,fine loamy and fine silty,mixed,moderately to very strongly calcareous,unspecified, , , , , 
1077,0043512,well drained, ,coarse loamy and coarse silty,mixed,moderately to very strongly calcareous,unspecified, , , , , , , ,1.5, , 
1078,0043513,moderately well drained,morainal till,fine loamy and fine silty,mixed,moderately to very strongly calcareous,unspecified, , , , , , , , , , 
1079,0043514,well drained,organic, ,organic material - unspecified type,extremely to strongly acidic,unspecified,morainal till,coarse loamy and coarse silty,mixed,moderately to very strongly calcareous,unspecified,hydromorphic,apparent,0.5, , 
1080,0043515,imperfectly drained,organic, ,organic material - sphagnum peat,extremely to strongly acidic,chemical and physical,glacio-lacustrine,coarse loamy and coarse silty,mixed, ,unspecified, , , , , 
1081,0043516,imperfectly drained,glacio-fluvial,coarse loamy and coarse silty,mixed,moderately to very strongly calcareous,unspecified, , , , , , , , , , 
1082,0043517,well drained,morainal till,fine loamy and fine silty,mixed,moderately to very strongly calcareous,unspecified, , , , , , , ,1.5, , 
1083,0043519,poorly drained,organic, ,organic material - sphagnum peat,extremely to strongly acidic,chemical and physical, ,fine loamy and fine silty,mixed,moderately to very strongly calcareous,unspecified, , , , , 
1084,0043521,imperfectly drained,organic, ,sedementary - siltstone and mudstone,moderately acidic to neutral,chemical and physical, ,fine loamy and fine silty,mixed,moderately to very strongly calcareous,unspecified, , , , , 
1085,0043522,imperfectly drained,organic, ,organic material - forest peat, ,chemical and physical,morainal till,fine loamy and fine silty,mixed,moderately to very strongly calcareous,unspecified, , , , , 
1086,0043523,imperfectly drained,organic, ,organic material - forest peat,moderately acidic to neutral,chemical and physical,morainal till,fine loamy and fine silty,mixed,moderately to very strongly calcareous,unspecified, , , , , 
1087,0043524, ,morainal till,fine loamy and fine silty,mixed,moderately to very strongly calcareous,unspecified, , , , , , , , , , 
1088,0043525,moderately well drained,morainal till,fine loamy and fine silty,sedementary - siltstone and mudstone,moderately to very strongly calcareous,unspecified, , , , , , , , , , 
1089,0043526,well drained,morainal till,fine loamy and fine silty,mixed,moderately to very strongly calcareous,unspecified, , , , , , , , , , 
1090,0043527,moderately well drained,morainal till,coarse loamy and coarse silty,mixed,moderately to very strongly calcareous,unspecified, , , , , , , , , , 
1091,0043528,poorly drained,morainal till,coarse loamy and coarse silty,mixed,moderately to very strongly calcareous,unspecified, , , , , , ,other,0.6, , 
1092,0043529,poorly drained,morainal till,coarse loamy and coarse silty,mixed,moderately to very strongly calcareous,unspecified, , , , , , , , , , 
1093,0043530,moderately well drained,lacustrine,coarse loamy and coarse silty,mixed,moderately to very strongly calcareous,unspecified, , , , , , , , , , 
1094,0043531,poorly drained,organic, ,organic material - sphagnum peat,moderately acidic to neutral,chemical and physical, ,clayey,mixed,weakly calcareous,unspecified, , , , , 
1095,0043533,poorly drained,morainal till,fine loamy and fine silty,mixed,moderately to very strongly calcareous,unspecified, , , , , , , , , , 
1096,0043534,imperfectly drained,morainal till,fine loamy and fine silty,mixed,moderately to very strongly calcareous,unspecified, , , , , , ,apparent,0.7, , 
1097,0043535,imperfectly drained,morainal till,fine loamy and fine silty,mixed,extremely calcareous,unspecified, , , , , ,hydromorphic,apparent,1, , 
1098,0043536,moderately well drained,lacustrine,fine loamy and fine silty,mixed,moderately to very strongly calcareous,unspecified, , , , , , , , , , 
1099,0043537,moderately well drained,morainal till,coarse loamy and coarse silty,mixed,moderately to very strongly calcareous,unspecified, , , , , , , , , , 
1100,0043539,well drained,glacio-fluvial,coarse loamy and coarse silty,mixed,moderately to very strongly calcareous,unspecified, , , , , , , , , , 
1101,0043540, ,organic, ,organic material - sphagnum peat,moderately acidic to neutral,chemical and physical,lacustrine,fine loamy and fine silty,mixed,undifferentiated,unspecified,hydromorphic,apparent,0.6, , 
1102,0043541,poorly drained,organic, ,organic material - sphagnum peat,extremely to strongly acidic,chemical and physical,morainal till,fine loamy and fine silty,mixed,moderately to very strongly calcareous,unspecified, , , , , 
1103,0043542,imperfectly drained,morainal till,fine loamy and fine silty,mixed,moderately to very strongly calcareous,unspecified, , , , , , , , , , 
1104,0043543,moderately well drained,morainal till,coarse loamy and coarse silty,mixed,moderately to very strongly calcareous,unspecified, , , , , , , , , , 
1105,0043544,poorly drained,morainal till,fine loamy and fine silty,mixed,moderately to very strongly calcareous,unspecified, , , , , , ,apparent,0.6, , 
1106,0043545,imperfectly drained,morainal till,coarse loamy and coarse silty,mixed,moderately to very strongly calcareous,unspecified, , , , , , ,apparent,0.6, , 
1107,0043548,imperfectly drained,glacio-fluvial,fragmental,mixed,moderately to very strongly calcareous,unspecified,morainal till,fine loamy and fine silty,mixed,moderately to very strongly calcareous,unspecified, , , , , 
1108,0043549,well drained,lacustrine,sandy,mixed, ,unspecified,lacustrine,fine loamy and fine silty, ,moderately to very strongly calcareous,unspecified, , ,9.9, , 
1109,0043550,moderately well drained,lacustrine,sandy,mixed,weakly calcareous,unspecified,lacustro-till,clayey, ,moderately to very strongly calcareous,unspecified, ,apparent,5, , 
1110,0043551,well drained,glacio-fluvial,skeletal,mixed, ,unspecified, , , , , , , , , , 
1111,0043552,well drained,glaciolacustrine,skeletal,mixed,weakly calcareous,unspecified,morainal till,coarse loamy and coarse silty,mixed,moderately to very strongly calcareous,unspecified, , , , , 
1112,0043553,well drained,lacustrine,coarse loamy and coarse silty,mixed,moderately to very strongly calcareous,unspecified,morainal till,fine loamy and fine silty,mixed,extremely calcareous,unspecified, , , , , 
1113,0043554,imperfectly drained,lacustrine,coarse loamy and coarse silty,mixed,moderately to very strongly calcareous,unspecified,lacustrine,clayey, ,moderately to very strongly calcareous,unspecified, , , , , 
1114,0043555,poorly drained,morainal till,fine loamy and fine silty,mixed,extremely calcareous,unspecified,lacustro-till,clayey, ,extremely calcareous,unspecified, , , , , 
1115,0043556,well drained,lacustrine,clayey,mixed,moderately to very strongly calcareous,unspecified, , , , , , , , , , 
1116,0043557,poorly drained,lacustrine,coarse loamy and coarse silty,mixed,moderately to very strongly calcareous,unspecified,lacustrine,clayey,mixed,moderately to very strongly calcareous,unspecified, , , , , 
1117,0043558,poorly drained,morainal till,fine loamy and fine silty,mixed,moderately to very strongly calcareous,unspecified, , , , , , , , , , 
1118,0043560, ,lacustrine,coarse loamy and coarse silty,mixed,moderately to very strongly calcareous,unspecified,lacustrine,fine loamy and fine silty,mixed,moderately to very strongly calcareous,unspecified, , , , , 
1119,0043561,imperfectly drained,lacustrine,sandy,mixed,moderately to very strongly calcareous,unspecified,morainal till,fine loamy and fine silty,mixed,extremely calcareous,unspecified, ,apparent,2, , 
1120,0043562,well drained,fluvio-lacustrine,skeletal,mixed,weakly calcareous,unspecified, , , , , , , , , , 
1121,0043563,moderately well drained,glacio-fluvial,sandy,mixed,moderately to very strongly calcareous,unspecified,morainal till,clayey, ,extremely calcareous,unspecified, , , , , 
1122,0043564,imperfectly drained,lacustrine,clayey,mixed,moderately to very strongly calcareous,unspecified,lacustro-till,clayey,mixed,extremely calcareous,unspecified, , , , , 
1123,0043565,imperfectly drained,lacustrine,coarse loamy and coarse silty,mixed,moderately to very strongly calcareous,unspecified,morainal till,fine loamy and fine silty, ,extremely calcareous,unspecified, , , , , 
1124,0043566,imperfectly drained,lacustrine,clayey,mixed,weakly calcareous,unspecified,lacustrine,fine loamy and fine silty, ,moderately to very strongly calcareous,unspecified, , , , , 
1125,0043567,moderately well drained,lacustrine,sandy,mixed,moderately to very strongly calcareous,unspecified,morainal till,clayey,mixed,moderately to very strongly calcareous,unspecified, , , , , 
1126,0043569,well drained,lacustrine,clayey,mixed,weakly calcareous,unspecified,lacustrine,fine loamy and fine silty,undifferentiated,moderately to very strongly calcareous,unspecified, , , , , 
1127,0043570,moderately well drained,lacustrine,coarse loamy and coarse silty,mixed,weakly calcareous,unspecified,lacustrine,clayey,mixed,moderately to very strongly calcareous,unspecified, , , , , 
1128,0043571,imperfectly drained,lacustrine,sandy,mixed, ,unspecified,morainal till,fine loamy and fine silty,mixed,moderately to very strongly calcareous,unspecified, , , , , 
1129,0043572,imperfectly drained,lacustrine,sandy,mixed,weakly calcareous,unspecified,morainal till,fine loamy and fine silty,mixed,extremely calcareous,unspecified, , , , , 
1130,0043573,imperfectly drained,lacustrine,sandy,igneous - unspecified type,moderately to very strongly calcareous,unspecified, , , , , , ,apparent,1.3, , 
1131,0043574,imperfectly drained,glacio-fluvial,sandy,mixed,weakly calcareous,unspecified,morainal till,fine loamy and fine silty, ,moderately to very strongly calcareous,unspecified, , , , , 
1132,0043576,imperfectly drained,lacustrine,clayey,mixed,moderately to very strongly calcareous,unspecified,morainal till,coarse loamy and coarse silty,mixed,moderately to very strongly calcareous,unspecified, , , , , 
1133,0043577,poorly drained,morainal till,fine loamy and fine silty,mixed,extremely calcareous,unspecified, , , , , , , , , , 
1134,0043578,moderately well drained,lacustrine,fine loamy and fine silty,mixed,moderately to very strongly calcareous,unspecified,morainal till,fine loamy and fine silty, ,moderately to very strongly calcareous,unspecified, , , , , 
1135,0043579,imperfectly drained,lacustro-till,fine loamy and fine silty,mixed,extremely calcareous,unspecified, , , , , , , , , , 
1136,0043580,well drained,lacustrine,sandy,mixed,weakly calcareous,unspecified,lacustro-till,fine loamy and fine silty, ,moderately to very strongly calcareous,unspecified, , , , , 
1137,0043581,poorly drained,organic, ,organic material - sphagnum peat,moderately acidic to neutral,chemical and physical, ,coarse loamy and coarse silty,mixed,moderately to very strongly calcareous,unspecified, ,apparent,0.5, , 
1138,0043583,moderately well drained,lacustrine,fine loamy and fine silty,undifferentiated,moderately to very strongly calcareous,weak chemical,lacustrine,sandy,undifferentiated,weakly calcareous,unspecified, ,apparent,4, , 
1139,0043585,moderately well drained,morainal till,fine loamy and fine silty,mixed,moderately to very strongly calcareous,unspecified,morainal till,fine loamy and fine silty,mixed,moderately to very strongly calcareous,unspecified, ,apparent, , , 
1140,0043588,well drained,morainal till,coarse loamy and coarse silty,sedementary - limestone,moderately to very strongly calcareous,unspecified, , , , , ,terrestrial,other, , , 
1141,0043589,well drained,morainal till,coarse loamy and coarse silty,sedementary - limestone,moderately to very strongly calcareous,unspecified, , , , , ,terrestrial,other, , , 
1142,0043590,well drained,glaciolacustrine,coarse loamy and coarse silty,undifferentiated,undifferentiated,unspecified,glacio-lacustrine,stratified - mineral,mixed,moderately to very strongly calcareous,unspecified, ,other, , , 
1143,0043591,rapidly drained,glacio-fluvial,undifferentiated,mixed,moderately to very strongly calcareous,unspecified, , , , , , ,other, , , 
1144,0043592,moderately well drained,glaciolacustrine,fine loamy and fine silty,mixed,undifferentiated,unspecified,morainal till,fine loamy and fine silty,sedementary - limestone,moderately to very strongly calcareous,weak chemical, ,other, , , 
1145,0043593,well drained,lacustrine,fine loamy and fine silty,mixed,undifferentiated,unspecified, , , , , , ,other, , , 
1146,0043594,moderately well drained,lacustrine,coarse loamy and coarse silty,mixed,weakly calcareous,unspecified, , , , , , ,apparent, , , 
1147,0043595,imperfectly drained,lacustrine,clayey,sedementary - unspecified type,moderately to very strongly calcareous,weak chemical, , , , , , ,apparent, , , 
1148,0043596,imperfectly drained,morainal till,fine loamy and fine silty,sedementary - unspecified type,moderately to very strongly calcareous,weak chemical, , , , , , ,apparent,7, , 
1149,0043597,well drained,glaciolacustrine,coarse loamy and coarse silty,mixed,weakly calcareous,weak chemical, , , , , , ,apparent, , , 
1150,0043598,imperfectly drained,morainal till,fragmental,undifferentiated,extremely calcareous,unspecified,morainal till,fine loamy and fine silty,mixed,moderately to very strongly calcareous, , ,perched,6, , 
1151,0043599,imperfectly drained,lacustrine,fine loamy and fine silty,mixed,weakly calcareous,weak chemical,glacio-fluvial,undifferentiated,mixed,moderately to very strongly calcareous,unspecified, ,apparent, , , 
1152,0043600,rapidly drained,eolian,undifferentiated,undifferentiated,weakly calcareous,unspecified, , , , , , ,apparent, , , 
1153,0043601,imperfectly drained,glaciolacustrine,fine loamy and fine silty,undifferentiated,moderately to very strongly calcareous,unspecified, , , , , , ,apparent,1.5, , 
1154,0043602,well drained,morainal till,fine loamy and fine silty,undifferentiated,extremely calcareous,unspecified,morainal till,clayey,undifferentiated,moderately to very strongly calcareous,unspecified, ,apparent,3, , 
1155,0043603,imperfectly drained,glaciolacustrine,coarse loamy and coarse silty,undifferentiated,moderately to very strongly calcareous,moderate chemical, , , , , , ,perched,2, , 
1156,0043604,imperfectly drained,fluvial,clayey,undifferentiated,weakly calcareous,weak chemical, , , , , , ,apparent,2, , 
1157,0043605,imperfectly drained,fluvial,coarse loamy and coarse silty,sedementary - siltstone and mudstone,moderately to very strongly calcareous,weak chemical, , , , , , ,apparent,2.5, , 
1158,0043606,moderately well drained,glaciolacustrine,coarse loamy and coarse silty,undifferentiated,moderately to very strongly calcareous,unspecified, , , , , , , , , , 
1159,0043608,imperfectly drained,lacustrine,coarse loamy and coarse silty,undifferentiated,moderately to very strongly calcareous,unspecified,glacio-lacustrine,coarse loamy and coarse silty,undifferentiated,moderately to very strongly calcareous,unspecified, ,apparent,1.2, , 
1160,0043609,moderately well drained,glaciolacustrine,fine loamy and fine silty,undifferentiated,moderately to very strongly calcareous,weak chemical, , , , , , ,apparent,3, , 
1161,0043610,moderately well drained,glacio-fluvial,undifferentiated,mixed,moderately to very strongly calcareous,moderate chemical,morainal till,fine loamy and fine silty,mixed,moderately to very strongly calcareous,weak chemical, ,apparent,15, , 
1162,0043611,imperfectly drained,glaciolacustrine,coarse loamy and coarse silty,undifferentiated,moderately to very strongly calcareous,weak chemical, , , , , , ,apparent,1, , 
1163,0043612,well drained,lacustrine,fine loamy and fine silty,mixed,moderately to very strongly calcareous, ,morainal till,coarse loamy and coarse silty,mixed,moderately to very strongly calcareous, , ,apparent, , , 
1164,0043613,moderately well drained,glaciolacustrine,sandy,sedementary - siltstone and mudstone,moderately to very strongly calcareous,weak chemical, , , , , , ,apparent,8, , 
1165,0043614,well drained,glaciolacustrine,coarse loamy and coarse silty,sedementary - siltstone and mudstone,moderately to very strongly calcareous, , , , , , , , , , , 
1166,0043615,moderately well drained,glaciolacustrine,coarse loamy and coarse silty,mixed,moderately to very strongly calcareous,weak chemical,glacio-fluvial,sandy,mixed,moderately to very strongly calcareous,unspecified, ,apparent,2.5, , 
1167,0043616,imperfectly drained,glaciolacustrine,coarse loamy and coarse silty,undifferentiated,weakly calcareous,moderate chemical,glacio-lacustrine,sandy,undifferentiated,moderately to very strongly calcareous,moderate chemical, , , , , 
1168,0043617,moderately well drained,fluvial,undifferentiated,mixed,moderately to very strongly calcareous,moderate chemical,glacio-lacustrine,sandy,undifferentiated,moderately to very strongly calcareous,moderate chemical, ,apparent,0.5, , 
1169,0043618,moderately well drained,morainal till,fine loamy and fine silty,mixed,moderately to very strongly calcareous,unspecified, ,fine loamy and fine silty,mixed,moderately to very strongly calcareous,unspecified, , , , , 
1170,0043619,rapidly drained,morainal till,coarse loamy and coarse silty,sedementary - dolomite,weakly calcareous,unspecified,marine,fragmental,sedementary - dolomite,extremely calcareous,chemical and physical,terrestrial, , , , 
1171,0043620,poorly drained,lacustrine,clayey,sedementary - siltstone and mudstone,moderately to very strongly calcareous,weak chemical, , , , , ,hydromorphic,apparent,0.3, , 
1172,0043621,very poorly drained,organic, ,organic material - unspecified type,weakly calcareous,weak chemical, , , , , ,hydromorphic,apparent,0, , 
1173,0043622,poorly drained,organic, ,sedementary - siltstone and mudstone,moderately acidic to neutral,weak chemical, , , , , ,hydromorphic, ,1, , 
1174,0043623,well drained,morainal till, ,sedementary - dolomite,extremely calcareous,chemical and physical, , , , , , , , , , 
1175,0043624,well drained,morainal till,coarse loamy and coarse silty,sedementary - dolomite,weakly calcareous,chemical and physical,marine,undifferentiated,sedementary - dolomite,extremely calcareous,chemical and physical, , , , , 
1176,0043625,well drained,glaciolacustrine,clayey,sedementary - siltstone and mudstone, ,chemical and physical,morainal till,coarse loamy and coarse silty,sedementary - dolomite,extremely calcareous,chemical and physical,terrestrial, , , , 
1177,0043626,very rapidly drained,morainal till, ,sedementary - shale, ,chemical and physical, , , , , , , , , , 
1178,0043627,poorly drained,organic, ,sedementary - siltstone and mudstone,moderately acidic to neutral,weak chemical, , , , , , , ,0.3, , 
1179,0043628,well drained,morainal till, ,sedementary - siltstone and mudstone,weakly calcareous, ,morainal till, , ,moderately to very strongly calcareous,moderate chemical, , , , , 
1180,0043629,moderately well drained,morainal till,fine loamy and fine silty,sedementary - siltstone and mudstone, ,chemical and physical, , , , , , , , , , 
1181,0043630,rapidly drained,morainal till,skeletal,sedementary - shale, ,unspecified, , , , , , , , , , 
1182,0043631,imperfectly drained,morainal till,skeletal,sedementary - siltstone and mudstone,extremely calcareous,weak chemical, , , , , ,terrestrial, , , , 
1183,0043632,well drained,morainal till,skeletal,igneous - unspecified type,extremely to strongly acidic, , , , , , , ,other,0.6, , 
1184,0043633,moderately well drained,morainal till,sandy,igneous - unspecified type,extremely to strongly acidic, , , , , , , ,apparent,0.5, , 
1185,0043635,moderately well drained,glaciolacustrine,fine loamy and fine silty,sedementary - siltstone and mudstone,moderately to very strongly calcareous, ,lacustro-till,coarse loamy and coarse silty, ,moderately to very strongly calcareous, , , , , , 
1186,0043636,moderately well drained,glacio-fluvial,skeletal,sedementary - siltstone and mudstone,extremely to strongly acidic, , , , , , , , , , , 
1187,0043637,poorly drained,organic, ,organic material - sphagnum peat,extremely to strongly acidic,unspecified,lacustrine,clayey, ,weakly calcareous,weak chemical, ,perched,0.5, , 
1188,0043638,rapidly drained,lacustrine,fragmental,igneous - coarse acidic,moderately acidic to neutral,chemical and physical, , , , , , , , , , 
1189,0043639,poorly drained,organic, ,sedementary - siltstone and mudstone,extremely to strongly acidic, ,glacio-lacustrine,sandy, ,moderately acidic to neutral, , ,apparent,0.2, , 
1190,0043641,imperfectly drained,organic, ,organic material - sphagnum peat,extremely to strongly acidic, , , , , , , ,apparent,1.2, , 
1191,0043642,moderately well drained,glaciolacustrine,clayey,sedementary - siltstone and mudstone,moderately to very strongly calcareous,moderate chemical, , , , , ,terrestrial, , , , 
1192,0043644,moderately well drained,lacustrine,clayey,"organic material - litter (leaves, needles)",moderately to very strongly calcareous,moderate chemical, , , , , ,terrestrial, , , , 
1193,0043645,moderately well drained,morainal till,skeletal,sedementary - siltstone and mudstone,extremely to strongly acidic, , , , , , , , , , , 
1194,0043647,imperfectly drained,morainal till,coarse loamy and coarse silty,igneous - coarse acidic,extremely to strongly acidic, , , , , , ,terrestrial, , , , 
1195,0043648,well drained,glacio-fluvial,sandy,"organic material - litter (leaves, needles)",moderately acidic to neutral,moderate chemical, , , , , ,terrestrial, , , , 
1196,0043649,poorly drained,organic, ,organic material - forest peat,extremely to strongly acidic, , , , , ,unspecified, , , , , 
1197,0043650,poorly drained,organic, ,organic material - sphagnum peat,extremely to strongly acidic, ,glacio-lacustrine,sandy, ,extremely to strongly acidic, , , , , , 
1198,0043651,moderately well drained,lacustrine,fine loamy and fine silty,sedementary - siltstone and mudstone,moderately acidic to neutral,moderate chemical, , , , , , ,apparent,1.2, , 
1199,0043652,moderately well drained,morainal till,skeletal,igneous - unspecified type,extremely to strongly acidic,moderate chemical, , , , , ,terrestrial,apparent, , , 
1200,0043653,poorly drained,organic, ,sedementary - siltstone and mudstone, , , , , , , , , , , , 
1201,0043654,well drained,glaciolacustrine,clayey,sedementary - siltstone and mudstone,moderately to very strongly calcareous,moderate chemical, , , , , ,terrestrial, , , , 
1202,0043655,imperfectly drained,glaciolacustrine,fine loamy and fine silty,igneous - coarse acidic,moderately to very strongly calcareous,weak chemical, , , , , ,terrestrial, , , , 
1203,0043656,moderately well drained,glaciolacustrine,clayey,sedementary - siltstone and mudstone,moderately to very strongly calcareous,moderate chemical, , , , , ,terrestrial, , , , 
1204,0043657,well drained,glaciolacustrine,fine loamy and fine silty,sedementary - siltstone and mudstone, ,moderate chemical,morainal till,coarse loamy and coarse silty, ,moderately to very strongly calcareous,unspecified,terrestrial, , , , 
1205,0043658,imperfectly drained,organic, ,organic material - sphagnum peat,extremely to strongly acidic, ,lacustrine,sandy, ,extremely to strongly acidic, , , ,0.5, , 
1206,0043659,imperfectly drained,morainal till,coarse loamy and coarse silty,sedementary - siltstone and mudstone,weakly calcareous,weak chemical,lacustrine,fine loamy and fine silty, ,moderately to very strongly calcareous,unspecified,terrestrial,apparent,0.5, , 
1207,0043660,well drained,morainal till,coarse loamy and coarse silty,sedementary - siltstone and mudstone,moderately acidic to neutral, , , , , , , , , , , 
1208,0043661,imperfectly drained,morainal till,skeletal,igneous - unspecified type,extremely to strongly acidic, , , , , , , , , , , 
1209,0043663,imperfectly drained,morainal till,coarse loamy and coarse silty,igneous - unspecified type,extremely to strongly acidic,moderate chemical, , , , , ,terrestrial, , , , 
1210,0043664,imperfectly drained,glaciolacustrine,clayey,sedementary - siltstone and mudstone,moderately to very strongly calcareous,weak chemical, , , , , ,terrestrial,apparent,0.6, , 
1211,0043665,poorly drained,organic, ,organic material - sphagnum peat, , ,glacio-lacustrine,clayey, ,moderately to very strongly calcareous,unspecified,hydromorphic,perched,0.3, , 
1212,0043666,poorly drained,organic, ,organic material - sphagnum peat, , , ,clayey, , , ,hydromorphic, , , , 
1213,0043667,very rapidly drained,glacio-fluvial,skeletal,sedementary - siltstone and mudstone,extremely to strongly acidic, , , , , , , , , , , 
1214,0043668,imperfectly drained,morainal till,skeletal,sedementary - siltstone and mudstone,extremely to strongly acidic, , , , , , , , , , , 
1215,0043670,rapidly drained,glacio-fluvial,skeletal,sedementary - siltstone and mudstone,extremely to strongly acidic, , , , , , , , , , , 
1216,0043672,moderately well drained,glaciolacustrine,clayey,sedementary - siltstone and mudstone,moderately to very strongly calcareous,moderate chemical, , , , , ,terrestrial, , , , 
1217,0043673,well drained,morainal till,coarse loamy and coarse silty,sedementary - siltstone and mudstone,extremely to strongly acidic, ,glacio-lacustrine,fine loamy and fine silty, ,extremely to strongly acidic, , , , , , 
1218,0043674,well drained,glaciolacustrine,clayey,igneous - coarse acidic,extremely to strongly acidic,moderate chemical, , , , , ,terrestrial, , , , 
1219,0043675,imperfectly drained,morainal till,fine loamy and fine silty,sedementary - siltstone and mudstone,moderately to very strongly calcareous,moderate chemical, , , , , ,terrestrial, , , , 
1220,0043676,poorly drained,organic, ,organic material - sphagnum peat,extremely to strongly acidic, ,glacio-lacustrine,clayey, ,moderately to very strongly calcareous,weak chemical, ,perched,0.6, , 
1221,0043677,moderately well drained,glaciolacustrine,clayey,sedementary - siltstone and mudstone,moderately to very strongly calcareous,moderate chemical,morainal till,coarse loamy and coarse silty, ,moderately to very strongly calcareous, , , , , , 
1222,0043678,well drained,glaciolacustrine,clayey,sedementary - siltstone and mudstone,moderately to very strongly calcareous,moderate chemical, , , , , ,terrestrial, , , , 
1223,0043679,well drained,morainal till,skeletal,sedementary - siltstone and mudstone,extremely to strongly acidic,weak chemical, , , , , ,terrestrial, , , , 
1224,0043680,imperfectly drained,glacio-fluvial,sandy,sedementary - siltstone and mudstone,moderately to very strongly calcareous,moderate chemical, , , , , ,terrestrial, , , , 
1225,0043682,moderately well drained,glaciolacustrine,clayey,sedementary - siltstone and mudstone,moderately acidic to neutral,moderate chemical,morainal till,fine loamy and fine silty, ,moderately to very strongly calcareous,weak chemical,terrestrial, , , , 
1226,0043683,well drained,glaciolacustrine,clayey,sedementary - siltstone and mudstone,weakly calcareous,moderate chemical,morainal till,fine loamy and fine silty, ,extremely calcareous, ,terrestrial, , , , 
1227,0043684,moderately well drained,glaciolacustrine,clayey,sedementary - siltstone and mudstone,moderately to very strongly calcareous,moderate chemical,morainal till,coarse loamy and coarse silty, ,moderately to very strongly calcareous,unspecified,terrestrial, , , , 
1228,0043685,well drained,morainal till,coarse loamy and coarse silty,sedementary - siltstone and mudstone,moderately to very strongly calcareous, , , , , , , , , , , 
1229,0043686,moderately well drained,organic, ,organic material - sphagnum peat,moderately acidic to neutral, ,glacio-lacustrine,fine loamy and fine silty, , , , , , , , 
1230,0043687,moderately well drained,lacustro-till,clayey,sedementary - siltstone and mudstone,moderately to very strongly calcareous,chemical and physical,morainal till,coarse loamy and coarse silty, ,moderately to very strongly calcareous,chemical and physical,terrestrial, , , , 
1231,0043688,moderately well drained,organic, ,organic material - sphagnum peat,extremely to strongly acidic, ,morainal till,coarse loamy and coarse silty, ,moderately acidic to neutral, , , , , , 
1232,0043689,moderately well drained,morainal till,fine loamy and fine silty,igneous - coarse acidic,moderately to very strongly calcareous,moderate chemical,morainal till,skeletal, ,moderately to very strongly calcareous, ,terrestrial, , , , 
1233,0043690,well drained,morainal till,skeletal,sedementary - siltstone and mudstone,moderately acidic to neutral,shattered, , , , , ,terrestrial, , , , 
1234,0043691,moderately well drained,morainal till,coarse loamy and coarse silty,igneous - coarse acidic,extremely to strongly acidic,moderate chemical, , , , , ,terrestrial, , , , 
1235,0043692,poorly drained,organic, ,organic material - sphagnum peat,extremely to strongly acidic, , , ,igneous - coarse acidic, , , , , , , 
1236,0043693,well drained,morainal till,coarse loamy and coarse silty,sedementary - siltstone and mudstone,extremely to strongly acidic,moderate chemical, , , , , ,terrestrial, , , , 
1237,0043694,well drained,morainal till,fine loamy and fine silty,sedementary - siltstone and mudstone,moderately to very strongly calcareous,chemical and physical, , , , , ,terrestrial, , , , 
1238,0043695,well drained,glaciolacustrine,clayey,sedementary - siltstone and mudstone,moderately to very strongly calcareous,chemical and physical,morainal till,fine loamy and fine silty,mixed,extremely calcareous,chemical and physical,terrestrial, , , , 
1239,0043696,poorly drained,organic, ,organic material - sphagnum peat,moderately acidic to neutral,unspecified,glacio-lacustrine,clayey, ,moderately acidic to neutral,weak chemical, , , , , 
1240,0043697,well drained,morainal till,coarse loamy and coarse silty,mixed,moderately to very strongly calcareous,weak chemical, , , , , , , , , , 
1241,0043698,very rapidly drained,glaciolacustrine,sandy,mixed,moderately to very strongly calcareous,chemical and physical,glacio-fluvial,skeletal, ,moderately to very strongly calcareous,chemical and physical,terrestrial, , , , 
1242,0043699,imperfectly drained,organic, ,organic material - forest peat,moderately acidic to neutral,chemical and physical,morainal till,fine loamy and fine silty,mixed,moderately to very strongly calcareous,chemical and physical, , , , , 
1243,0043700,moderately well drained,glacio-fluvial,fine loamy and fine silty,mixed,extremely calcareous,moderate chemical, , , , , , , , , , 
1244,0043701,well drained,morainal till,coarse loamy and coarse silty,mixed,moderately to very strongly calcareous,moderate chemical, , , , , ,terrestrial, , , , 
1245,0043702,imperfectly drained,organic, ,organic material - forest peat,moderately acidic to neutral, ,morainal till,fine loamy and fine silty, ,moderately acidic to neutral,chemical and physical, , , , , 
1246,0043703,well drained,organic, ,organic material - forest peat,moderately acidic to neutral, , , , , , , , , , , 
1247,0043704,well drained,organic, ,organic material - forest peat,extremely to strongly acidic, ,lacustrine,clayey, ,moderately acidic to neutral, , , , , , 
1248,0043705,well drained,organic, ,organic material - sphagnum peat,moderately acidic to neutral, , ,clayey, ,moderately acidic to neutral, , , , , , 
1249,0043706,moderately well drained,glacio-fluvial,sandy,mixed,moderately acidic to neutral,chemical and physical, , , , , ,terrestrial, , , , 
1250,0043707,well drained,morainal till,coarse loamy and coarse silty,mixed,moderately to very strongly calcareous, , , , , , , , , , , 
1251,0043708,well drained,morainal till,coarse loamy and coarse silty,mixed,moderately to very strongly calcareous,chemical and physical, , , , , ,terrestrial, , , , 
1252,0043709,imperfectly drained,glaciolacustrine,fine loamy and fine silty,sedementary - siltstone and mudstone,moderately to very strongly calcareous, ,morainal till,fine loamy and fine silty,mixed,moderately to very strongly calcareous, , , , , , 
1253,0043710,moderately well drained,glaciolacustrine,clayey,mixed,weakly calcareous,weak chemical,morainal till,fine loamy and fine silty,mixed,moderately to very strongly calcareous,unspecified, , , , , 
1254,0043711,moderately well drained,morainal till,fine loamy and fine silty,sedementary - shale,moderately to very strongly calcareous,weak chemical, , , , , , , , , , 
1255,0043712,moderately well drained,fluvial,fine loamy and fine silty,mixed,moderately to very strongly calcareous,unspecified, , , , , , ,apparent,2.5, , 
1256,0043713,well drained,glaciolacustrine,fine loamy and fine silty,mixed,weakly calcareous,weak chemical,morainal till,fine loamy and fine silty,mixed,moderately to very strongly calcareous,unspecified, , , , , 
1257,0043714,imperfectly drained,lacustrine,clayey,sedementary - siltstone and mudstone,moderately to very strongly calcareous,weak chemical, , , , , , ,apparent,2, , 
1258,0043715,moderately well drained,morainal till,fine loamy and fine silty,mixed,moderately to very strongly calcareous,weak chemical, , , , , , ,apparent, , , 
1259,0043716,moderately well drained,morainal till,fine loamy and fine silty,mixed,moderately to very strongly calcareous,weak chemical, , , , , , , ,2.5, , 
1260,0043717,rapidly drained,morainal till, ,sedementary - siltstone and mudstone,moderately to very strongly calcareous,chemical and physical, , , , , , , , , , 
1261,0043718,moderately well drained,lacustrine,coarse loamy and coarse silty,sedementary - siltstone and mudstone,moderately acidic to neutral,unspecified,lacustrine,sandy, ,weakly calcareous,weak chemical, , , , , 
1262,0043719,moderately well drained,lacustrine,fine loamy and fine silty,sedementary - siltstone and mudstone,weakly calcareous,weak chemical,lacustrine,sandy, ,weakly calcareous,weak chemical, , , , , 
1263,0043720,well drained,lacustrine,sandy,sedementary - siltstone and mudstone,moderately acidic to neutral,weak chemical, , , , , , , , , , 
1264,0043721,moderately well drained,lacustrine,fine loamy and fine silty,sedementary - siltstone and mudstone,moderately to very strongly calcareous,weak chemical,lacustrine,sandy,undifferentiated,weakly calcareous,unspecified, ,apparent,4, , 
1265,0043722,imperfectly drained,fluvio-lacustrine,sandy,mixed,weakly calcareous,weak chemical, , , , , , , ,2, , 
1266,0043723,moderately well drained,fluvio-lacustrine,coarse loamy and coarse silty,sedementary - siltstone and mudstone,moderately acidic to neutral,weak chemical,fluvio-lacustrine,skeletal, ,moderately to very strongly calcareous,weak chemical, , , , , 
1267,0043724,moderately well drained,fluvio-lacustrine,sandy,sedementary - siltstone and mudstone,weakly calcareous,weak chemical, , , , , , , , , , 
1268,0043725,moderately well drained,fluvio-eolian,sandy,sedementary - siltstone and mudstone,moderately acidic to neutral,unspecified,lacustrine,fine loamy and fine silty, ,moderately acidic to neutral,unspecified, , , , , 
1269,0043726,imperfectly drained,lacustrine,clayey,sedementary - siltstone and mudstone,weakly calcareous,unspecified,lacustrine,coarse loamy and coarse silty, ,moderately to very strongly calcareous,unspecified, , , , , 
1270,0043729,imperfectly drained,lacustrine,clayey,sedementary - siltstone and mudstone,moderately to very strongly calcareous,weak chemical, , , , , ,terrestrial,apparent, , , 
1271,0043732,imperfectly drained,glacio-fluvial,fine loamy and fine silty,sedementary - siltstone and mudstone,moderately to very strongly calcareous,chemical and physical, , , , , ,terrestrial, , , , 
1272,0043733,imperfectly drained,glacio-fluvial,stratified - mineral,sedementary - limestone,moderately to very strongly calcareous,chemical and physical, , , , , , , , , , 
1273,0043734,very poorly drained,organic,stratified - mineral and organic,organic material - sphagnum peat,moderately acidic to neutral,chemical and physical,morainal till,skeletal, ,moderately to very strongly calcareous,weak chemical,terrestrial,apparent,0.4, , 
1274,0043735,poorly drained,organic,stratified - mineral,sedementary - siltstone and mudstone, ,chemical and physical,glacio-lacustrine,fragmental, ,moderately to very strongly calcareous,chemical and physical, ,apparent,0.4, , 
1275,0043736, ,organic,stratified - mineral and organic,sedementary - siltstone and mudstone,moderately acidic to neutral,chemical and physical,glacio-lacustrine, , ,weakly calcareous,chemical and physical, ,apparent,0.7, , 
1276,0043737,imperfectly drained,morainal till,coarse loamy and coarse silty,sedementary - limestone,extremely calcareous,chemical and physical, , , , , , , , , , 
1277,0043738,very poorly drained,organic, ,sedementary - siltstone and mudstone,moderately acidic to neutral,chemical and physical, , , , , ,terrestrial, ,0.1, , 
1278,0043739,poorly drained,organic, ,sedementary - siltstone and mudstone,moderately acidic to neutral,chemical and physical, , , , , , , , , , 
1279,0043740,poorly drained,organic, ,sedementary - siltstone and mudstone,moderately acidic to neutral,chemical and physical,marine,fine loamy and fine silty, , , , , , , , 
1280,0043741,imperfectly drained,glacio-fluvial, ,sedementary - siltstone and mudstone,moderately to very strongly calcareous,chemical and physical,morainal till,clayey, , ,unspecified, , ,1, , 
1281,0043742,very poorly drained,organic, ,sedementary - siltstone and mudstone,moderately acidic to neutral,chemical and physical, , , ,weakly calcareous, ,terrestrial,apparent,0.3, , 
1282,0043743,well drained,lacustrine, ,sedementary - siltstone and mudstone,weakly calcareous, , , , ,moderately to very strongly calcareous,chemical and physical, , , , , 
1283,0043744,imperfectly drained,glaciolacustrine,stratified - mineral,sedementary - siltstone and mudstone, ,chemical and physical, , , , , , ,apparent,0.8, , 
1284,0043745,imperfectly drained,glaciolacustrine, ,sedementary - siltstone and mudstone,moderately acidic to neutral,chemical and physical,morainal till,coarse loamy and coarse silty, ,extremely calcareous,chemical and physical, , , , , 
1285,0043746,well drained,morainal till, ,sedementary - siltstone and mudstone, ,chemical and physical, , , , , , , , , , 
1286,0043747,well drained,morainal till, ,mixed,moderately to very strongly calcareous,weak chemical, , , , , , , , , , 
1287,0043748,moderately well drained,glaciolacustrine,clayey,sedementary - limestone,moderately to very strongly calcareous,moderate chemical,glacio-lacustrine,coarse loamy and coarse silty, ,moderately acidic to neutral, ,terrestrial, , , , 
1288,0043749,well drained,colluvial,coarse loamy and coarse silty,sedementary - siltstone and mudstone,extremely to strongly acidic,moderate chemical,glacio-lacustrine,clayey, ,extremely to strongly acidic, ,terrestrial, , , , 
1289,0043750,imperfectly drained,morainal till,coarse loamy and coarse silty,igneous - coarse acidic,extremely to strongly acidic,weak chemical,morainal till,sandy, ,extremely to strongly acidic, ,terrestrial, , , , 
1290,0043752,imperfectly drained,morainal till,coarse loamy and coarse silty,sedementary - siltstone and mudstone,extremely to strongly acidic, , , , , , , , , , , 
1291,0043754,poorly drained,organic, ,organic material - sphagnum peat,extremely to strongly acidic, ,glacio-lacustrine,clayey, ,moderately acidic to neutral, , , ,0.5, , 
1292,0043755,poorly drained,organic, ,undifferentiated,extremely to strongly acidic, ,glacio-lacustrine,clayey, ,moderately acidic to neutral, , ,perched,0.3, , 
1293,0043756,imperfectly drained,morainal till,coarse loamy and coarse silty,igneous - coarse acidic,extremely to strongly acidic,weak chemical, , , , , ,terrestrial,apparent,0.9, , 
1294,0043757,poorly drained,morainal till,coarse loamy and coarse silty,sedementary - siltstone and mudstone,extremely to strongly acidic, , , , , , , ,apparent,0.3, , 
1295,0043758,well drained,glacio-fluvial,sandy,sedementary - siltstone and mudstone,extremely to strongly acidic, , , , , , , , , , , 
1296,0043759,moderately well drained,morainal till,coarse loamy and coarse silty,metamorphic - unspecified type,extremely to strongly acidic,moderate chemical, , , , , , , , , , 
1297,0043760,imperfectly drained,morainal till,skeletal,igneous - coarse acidic,extremely to strongly acidic,moderate chemical, , , , , ,terrestrial,other,0.4, , 
1298,0043761,well drained,glaciolacustrine,fine loamy and fine silty,sedementary - siltstone and mudstone,extremely to strongly acidic, , , , , , , , , , , 
1299,0043762,well drained,glaciolacustrine,coarse loamy and coarse silty,sedementary - siltstone and mudstone,moderately to very strongly calcareous, , , , , , , , , , , 
1300,0043763,well drained,glaciolacustrine,clayey,sedementary - siltstone and mudstone,weakly calcareous,chemical and physical, , , , , ,terrestrial, , , , 
1301,0043765,poorly drained,organic, ,sedementary - siltstone and mudstone,extremely to strongly acidic, , , , , , , ,apparent,0.8, , 
1302,0043766,rapidly drained,morainal till,skeletal,igneous - unspecified type,moderately acidic to neutral,weak chemical, , , , , , , , , , 
1303,0043767,well drained,glaciolacustrine,clayey,sedementary - siltstone and mudstone,moderately to very strongly calcareous,weak chemical, , , , , ,terrestrial, , , , 
1304,0043768,imperfectly drained,lacustrine,coarse loamy and coarse silty,igneous - coarse acidic,extremely to strongly acidic, , , ,igneous - coarse acidic, , , , , , , 
1305,0043769,very poorly drained,organic, ,organic material - sphagnum peat,extremely to strongly acidic, ,morainal till,sandy, ,extremely to strongly acidic, , , , , , 
1306,0043771,moderately well drained,morainal till,coarse loamy and coarse silty,sedementary - siltstone and mudstone,moderately acidic to neutral,weak chemical, , , , , , , , , , 
1307,0043772,very poorly drained,organic, ,organic material - fen peat,extremely to strongly acidic, ,morainal till,sandy, ,moderately acidic to neutral, , , , , , 
1308,0043773,well drained,morainal till,skeletal,igneous - coarse acidic,extremely to strongly acidic,unspecified,glacio-lacustrine,clayey,igneous - coarse acidic,extremely to strongly acidic,unspecified,terrestrial, , , , 
1309,0043775,very poorly drained,organic, ,organic material - fen peat,extremely to strongly acidic, ,glacio-lacustrine,clayey, ,moderately acidic to neutral, , , , , , 
1310,0043776,very poorly drained,organic, ,organic material - fen peat,extremely to strongly acidic, , , , , , , , , , , 
1311,0043777,well drained,lacustrine,clayey,sedementary - siltstone and mudstone,moderately acidic to neutral, ,lacustrine,fine loamy and fine silty, ,weakly calcareous, , , , , , 
1312,0043779,well drained,morainal till,fine loamy and fine silty,mixed,moderately acidic to neutral, , , , , , , , , , , 
1313,0043781,imperfectly drained,fluvial,skeletal,sedementary - siltstone and mudstone,extremely to strongly acidic,chemical and physical,morainal till,coarse loamy and coarse silty,mixed,extremely to strongly acidic,chemical and physical,terrestrial,apparent,0.9, , 
1314,0043782,well drained,glacio-fluvial,coarse loamy and coarse silty,sedementary - siltstone and mudstone,extremely to strongly acidic, , , , , , , , , , , 
1315,0043783,very poorly drained,organic, ,organic material - sphagnum peat,extremely to strongly acidic, ,lacustrine,clayey, ,moderately acidic to neutral, , , , , , 
1316,0043785,very poorly drained,organic, ,organic material - fen peat,extremely to strongly acidic, ,lacustrine,clayey, ,moderately acidic to neutral, , ,perched,0.2, , 
1317,0043786,very poorly drained,organic, ,organic material - fen peat,extremely to strongly acidic, ,glacio-lacustrine,clayey, ,moderately acidic to neutral, , ,perched,0.1, , 
1318,0043787,poorly drained,organic, ,organic material - sphagnum peat,extremely to strongly acidic, ,morainal till,fine loamy and fine silty,undifferentiated, , , ,other,0.6, , 
1319,0043790,very poorly drained,organic, ,organic material - fen peat,moderately acidic to neutral, ,glacio-lacustrine,clayey, ,weakly calcareous, , ,perched,0.1, , 
1320,0043791,moderately well drained,glaciolacustrine,clayey,igneous - coarse acidic,extremely to strongly acidic,weak chemical, , , , , ,terrestrial, , , , 
1321,0043792,well drained,colluvial,clayey,sedementary - siltstone and mudstone,moderately to very strongly calcareous,weak chemical, , , , , ,terrestrial, , , , 
1322,0043793,poorly drained,organic, ,organic material - sphagnum peat,extremely to strongly acidic, , ,clayey, , , , ,perched,0.2, , 
1323,0043794,imperfectly drained,organic, ,organic material - sphagnum peat,extremely to strongly acidic, , , , , , , , , , , 
1324,0043796,imperfectly drained,fluvial,sandy,sedementary - siltstone and mudstone,extremely to strongly acidic, ,fluvial,coarse loamy and coarse silty, ,extremely to strongly acidic, , , , , , 
1325,0043797,moderately well drained,glacio-fluvial,fine loamy and fine silty,sedementary - siltstone and mudstone,moderately to very strongly calcareous,weak chemical, , , , , ,terrestrial, , , , 
1326,0043798,poorly drained,organic, ,organic material - sphagnum peat,extremely to strongly acidic, ,glacio-lacustrine,sandy, , , , , ,0.5, , 
1327,0043799,rapidly drained,glacio-fluvial,sandy,sedementary - siltstone and mudstone,moderately acidic to neutral, , , , , , ,terrestrial, , , , 
1328,0043800,rapidly drained,glacio-fluvial,sandy,sedementary - siltstone and mudstone,extremely to strongly acidic,weak chemical, , , , , ,terrestrial, , , , 
1329,0043801,very poorly drained,organic, ,organic material - fen peat,extremely to strongly acidic, , ,clayey, ,moderately acidic to neutral, , , , , , 
1330,0043802,moderately well drained,organic, ,organic material - forest peat,extremely to strongly acidic, ,glacio-fluvial,sandy, ,moderately acidic to neutral, , , , , , 
1331,0043803,moderately well drained,morainal till,coarse loamy and coarse silty,mixed,extremely to strongly acidic,weak chemical, , , , , ,terrestrial, ,0.9, , 
1332,0043804,well drained,morainal till,coarse loamy and coarse silty,mixed,extremely to strongly acidic,weak chemical, , , , , ,terrestrial, , , , 
1333,0043805,rapidly drained,glacio-fluvial,coarse loamy and coarse silty,igneous - coarse acidic,extremely to strongly acidic, , , , , , , , , , , 
1334,0043807,moderately well drained,glaciolacustrine,sandy,mixed,extremely to strongly acidic,chemical and physical,glacio-lacustrine,clayey, ,extremely to strongly acidic,chemical and physical,terrestrial, , , , 
1335,0043808,well drained,glacio-fluvial,coarse loamy and coarse silty,mixed,extremely to strongly acidic, ,morainal till,skeletal,mixed,moderately acidic to neutral, , , , , , 
1336,0043809,imperfectly drained,organic, ,organic material - sphagnum peat,extremely to strongly acidic,unspecified,organic, ,organic material - fen peat,extremely to strongly acidic,unspecified, , , , , 
1337,0043810,imperfectly drained,fluvio-lacustrine,coarse loamy and coarse silty,mixed,extremely to strongly acidic,weak chemical, , , , , ,terrestrial, , , , 
1338,0043811,poorly drained,organic, ,organic material - sphagnum peat,extremely to strongly acidic, , , , , , , , , , , 
1339,0043812,poorly drained,organic, ,organic material - sphagnum peat,extremely to strongly acidic,unspecified,glacio-lacustrine,fine loamy and fine silty, ,extremely to strongly acidic,unspecified, ,perched,0.2, , 
1340,0043813,poorly drained,organic, ,organic material - sphagnum peat,extremely to strongly acidic, ,residual,sandy,igneous - coarse acidic,extremely to strongly acidic, , , , , , 
1341,0043814,very poorly drained,organic, ,organic material - sphagnum peat,extremely to strongly acidic, ,lacustrine,clayey, ,moderately acidic to neutral, , , ,0.3, , 
1342,0043816,imperfectly drained,lacustrine,coarse loamy and coarse silty,sedementary - siltstone and mudstone,moderately to very strongly calcareous, , , , , , , , , , , 
1343,0043817,moderately well drained,lacustrine,fine loamy and fine silty,mixed,moderately to very strongly calcareous, , , , , , , , , , , 
1344,0043818,imperfectly drained,lacustrine,clayey,mixed,moderately to very strongly calcareous, , , , , , , , , , , 
1345,0043819,well drained,lacustrine,clayey,mixed,moderately to very strongly calcareous,weak chemical,morainal till,fine loamy and fine silty, ,moderately to very strongly calcareous,unspecified, , , , , 
1346,0043820,imperfectly drained,lacustrine,clayey,mixed,moderately to very strongly calcareous,weak chemical,morainal till,fine loamy and fine silty,mixed,moderately to very strongly calcareous,unspecified, , , , , 
1347,0043821,imperfectly drained,lacustrine,clayey,sedementary - siltstone and mudstone,moderately to very strongly calcareous,weak chemical, , , , , , , , , , 
1348,0043822,imperfectly drained,morainal till,fine loamy and fine silty,mixed,extremely calcareous,weak chemical, , , , , , , , , , 
1349,0043823,moderately well drained,morainal till,fine loamy and fine silty,mixed,extremely calcareous,weak chemical, , , , , , , , , , 
1350,0043824,moderately well drained,lacustrine,clayey,mixed,moderately to very strongly calcareous,weak chemical, , , , , , , , , , 
1351,0043825,moderately well drained,lacustrine,fine loamy and fine silty,undifferentiated,moderately to very strongly calcareous,chemical and physical, , , , , , , , , , 
1352,0043826,poorly drained,morainal till,fine loamy and fine silty,sedementary - limestone,extremely calcareous, , , , , , , , , , , 
1353,0043827,poorly drained,lacustrine,clayey,mixed,moderately to very strongly calcareous,weak chemical, , , , , , , , , , 
1354,0043828,moderately well drained,morainal till,fine loamy and fine silty,sedementary - limestone,extremely calcareous,weak chemical, , , , , , , , , , 
1355,0043829,imperfectly drained,lacustrine,fine loamy and fine silty,undifferentiated,moderately to very strongly calcareous,chemical and physical, , , , , , , , , , 
1356,0043830,imperfectly drained,morainal till,fine loamy and fine silty,sedementary - limestone,extremely calcareous,unspecified, , , , , , , , , , 
1357,0043831,imperfectly drained,lacustrine,clayey,sedementary - siltstone and mudstone,weakly calcareous,weak chemical, , , , , , , , , , 
1358,0043832,imperfectly drained,glaciolacustrine,clayey,sedementary - siltstone and mudstone,moderately to very strongly calcareous, , , , , , , , , , , 
1359,0043833,imperfectly drained,glaciolacustrine,fine loamy and fine silty,mixed,moderately to very strongly calcareous,weak chemical,glacio-fluvial,skeletal,mixed,moderately to very strongly calcareous,unspecified, ,perched, , , 
1360,0043834,imperfectly drained,glaciolacustrine,clayey,sedementary - siltstone and mudstone,weakly calcareous,weak chemical,glacio-fluvial,skeletal, ,weakly calcareous,unspecified, , , , , 
1361,0043835,well drained,glaciolacustrine,fine loamy and fine silty,mixed,weakly calcareous,weak chemical,morainal till,fine loamy and fine silty,mixed,moderately to very strongly calcareous,unspecified, , , , , 
1362,0043836,well drained,morainal till,fine loamy and fine silty,sedementary - siltstone and mudstone,moderately to very strongly calcareous, , , , , , , , , , , 
1363,0043837,well drained,glaciolacustrine,coarse loamy and coarse silty,mixed,weakly calcareous,weak chemical,morainal till,coarse loamy and coarse silty, ,moderately to very strongly calcareous, , , , , , 
1364,0043838,moderately well drained,glaciolacustrine,fine loamy and fine silty,mixed,moderately to very strongly calcareous, , , , , , , , , , , 
1365,0043839,imperfectly drained,morainal till,skeletal,sedementary - limestone,extremely calcareous,weak chemical, , , , , ,terrestrial, , , , 
1366,0043840,rapidly drained,morainal till,fine loamy and fine silty,mixed,moderately to very strongly calcareous, , , , , , , , , , , 
1367,0043841,imperfectly drained,glaciolacustrine,clayey,sedementary - siltstone and mudstone,moderately acidic to neutral,weak chemical,morainal till,fine loamy and fine silty,mixed,moderately to very strongly calcareous,unspecified,terrestrial, , , , 
1368,0043842,moderately well drained,fluvial,coarse loamy and coarse silty,mixed,moderately to very strongly calcareous,unspecified, , , , , , , , , , 
1369,0043843,moderately well drained,glaciolacustrine,fine loamy and fine silty,mixed,weakly calcareous, ,glacio-fluvial,fragmental,mixed,moderately to very strongly calcareous, , , , , , 
1370,0043844,imperfectly drained,glaciolacustrine,fine loamy and fine silty,mixed,moderately to very strongly calcareous,unspecified,morainal till,fine loamy and fine silty,mixed,moderately to very strongly calcareous, , , , , , 
1371,0043845,poorly drained,fluvial,fine loamy and fine silty,sedementary - siltstone and mudstone,moderately to very strongly calcareous,unspecified, , , , , , , , , , 
1372,0043846,imperfectly drained,fluvial,fine loamy and fine silty,sedementary - siltstone and mudstone,moderately to very strongly calcareous,chemical and physical, , , , , , ,apparent, , , 
1373,0043847,poorly drained,lacustrine,fine loamy and fine silty,undifferentiated,weakly calcareous,chemical and physical,morainal till,fine loamy and fine silty,mixed,moderately to very strongly calcareous,weak chemical, , , , , 
1374,0043848,imperfectly drained,lacustrine,fine loamy and fine silty,mixed,weakly calcareous,weak chemical,morainal till,coarse loamy and coarse silty,mixed,moderately to very strongly calcareous,weak chemical, ,apparent, , , 
1375,0043849,imperfectly drained,fluvial,fine loamy and fine silty,mixed,moderately to very strongly calcareous,weak chemical, , , , , , ,apparent,1.5, , 
1376,0043850,imperfectly drained,lacustrine,fine loamy and fine silty,undifferentiated,moderately to very strongly calcareous,weak chemical,glacio-lacustrine,skeletal,undifferentiated,weakly calcareous,weak chemical, ,apparent, , , 
1377,0043851,imperfectly drained,lacustrine,fine loamy and fine silty,mixed,moderately to very strongly calcareous,weak chemical,morainal till,coarse loamy and coarse silty,mixed,moderately to very strongly calcareous,moderate chemical, , , , , 
1378,0043852,rapidly drained,lacustrine,fine loamy and fine silty,mixed,moderately to very strongly calcareous,weak chemical,glacio-fluvial,skeletal,mixed,moderately to very strongly calcareous,moderate chemical, , , , , 
1379,0043853,poorly drained,lacustrine,fine loamy and fine silty,undifferentiated,weakly calcareous,chemical and physical,morainal till,fine loamy and fine silty,mixed,moderately to very strongly calcareous,moderate chemical, , , , , 
1380,0043854,imperfectly drained,morainal till,fine loamy and fine silty,sedementary - siltstone and mudstone,weakly calcareous,chemical and physical, , , , , , , , , , 
1381,0043855,well drained,morainal till,coarse loamy and coarse silty,undifferentiated,moderately to very strongly calcareous,chemical and physical, , , , , , , , , , 
1382,0043856,moderately well drained,glaciolacustrine,coarse loamy and coarse silty,sedementary - siltstone and mudstone, ,chemical and physical,morainal till,coarse loamy and coarse silty, ,moderately to very strongly calcareous,weak chemical, , , , , 
1383,0043857,imperfectly drained,lacustrine,coarse loamy and coarse silty,sedementary - siltstone and mudstone,moderately to very strongly calcareous,chemical and physical,morainal till,coarse loamy and coarse silty,mixed,moderately to very strongly calcareous,weak chemical, , , , , 
1384,0043858,imperfectly drained,glaciolacustrine,fine loamy and fine silty,sedementary - siltstone and mudstone,moderately to very strongly calcareous,chemical and physical,morainal till,fine loamy and fine silty,mixed,moderately to very strongly calcareous,weak chemical, ,apparent,2, , 
1385,0043859,well drained,lacustrine,sandy,mixed, ,weak chemical, , , , , , , , , , 
1386,0043860,imperfectly drained,morainal till,clayey,undifferentiated,moderately to very strongly calcareous,chemical and physical, , , , , , , ,2, , 
1387,0043861,moderately well drained,lacustrine,fine loamy and fine silty,sedementary - siltstone and mudstone,moderately to very strongly calcareous,chemical and physical, , , , , , , , , , 
1388,0043862,poorly drained,morainal till,fine loamy and fine silty,undifferentiated,moderately to very strongly calcareous,chemical and physical, , , , , , ,apparent,0.7, , 
1389,0043863,very poorly drained,organic, ,organic material - fen peat, ,chemical and physical, , , , , , ,apparent,0.3, , 
1390,0043864,well drained,morainal till,fine loamy and fine silty,mixed,moderately to very strongly calcareous,chemical and physical, , , , , , , , , , 
1391,0043865,well drained,morainal till,fine loamy and fine silty,mixed,moderately to very strongly calcareous,chemical and physical, , , , , , , , , , 
1392,0043866,poorly drained,organic, ,sedementary - siltstone and mudstone, , , ,sandy, , , , ,other,2.3, , 
1393,0043867,moderately well drained,organic, ,sedementary - siltstone and mudstone,moderately to very strongly calcareous, ,lacustrine,stratified - mineral, ,moderately to very strongly calcareous, , ,apparent,2.1, , 
1394,0043868,poorly drained,lacustrine,coarse loamy and coarse silty,sedementary - siltstone and mudstone,moderately to very strongly calcareous, ,lacustrine,fine loamy and fine silty, ,moderately to very strongly calcareous, , , , , , 
1395,0043869,imperfectly drained,lacustrine,sandy,sedementary - siltstone and mudstone,moderately to very strongly calcareous,weak chemical, , , , , , , ,1.7, , 
1396,0043870,poorly drained,organic, ,sedementary - siltstone and mudstone,moderately acidic to neutral, ,lacustrine,clayey, ,moderately to very strongly calcareous, , ,apparent,0.2, , 
1397,0043871,very poorly drained,organic, ,sedementary - siltstone and mudstone,moderately acidic to neutral, ,lacustrine,clayey, ,moderately to very strongly calcareous, , ,apparent, , , 
1398,0043872,poorly drained,organic, ,sedementary - siltstone and mudstone,extremely to strongly acidic, ,lacustrine,clayey, ,moderately to very strongly calcareous, , ,apparent,0.6, , 
1399,0043873,moderately well drained,morainal till,fine loamy and fine silty,sedementary - siltstone and mudstone,extremely calcareous,weak chemical, , , , , ,terrestrial, , , , 
1400,0043874,well drained,morainal till,coarse loamy and coarse silty,sedementary - siltstone and mudstone,extremely calcareous,weak chemical, , , , , ,terrestrial, , , , 
1401,0043875,moderately well drained,morainal till,clayey,sedementary - siltstone and mudstone,moderately to very strongly calcareous,weak chemical, , , , , ,terrestrial, , , , 
1402,0043876,moderately well drained,lacustrine,clayey,sedementary - siltstone and mudstone,moderately to very strongly calcareous,weak chemical, , , , , , , , , , 
1403,0043877,well drained,lacustrine,clayey,sedementary - siltstone and mudstone,moderately to very strongly calcareous,weak chemical, , , , , ,terrestrial, ,99.9, , 
1404,0043878,poorly drained,organic, ,organic material - forest peat,moderately acidic to neutral,weak chemical,lacustrine,clayey, ,moderately to very strongly calcareous,weak chemical, ,perched,0.3, , 
1405,0043879,poorly drained,organic, ,sedementary - siltstone and mudstone,extremely to strongly acidic,weak chemical, , , , , , , , , , 
1406,0043880,moderately well drained,lacustrine,clayey,sedementary - siltstone and mudstone,moderately to very strongly calcareous,weak chemical, , , , , , ,perched,0.8, , 
1407,0043881,well drained,morainal till,coarse loamy and coarse silty,sedementary - limestone,extremely calcareous,weak chemical, , , , , ,terrestrial, , , , 
1408,0043883,poorly drained,lacustrine,fine loamy and fine silty,mixed,moderately to very strongly calcareous,weak chemical, , , , , ,terrestrial, , , , 
1409,0043884,moderately well drained,lacustrine,fine loamy and fine silty,sedementary - siltstone and mudstone,weakly calcareous,weak chemical,morainal till,fine loamy and fine silty, ,moderately acidic to neutral,weak chemical, , , , , 
1410,0043885,moderately well drained,fluvio-lacustrine,clayey,mixed,weakly calcareous,weak chemical, , , , , , , , , , 
1411,0043886,imperfectly drained,lacustrine,clayey,mixed,moderately to very strongly calcareous,weak chemical, , , , , , , , , , 
1412,0043887,rapidly drained,fluvio-lacustrine,sandy,mixed,moderately to very strongly calcareous,chemical and physical,glacio-fluvial,skeletal,mixed,moderately to very strongly calcareous,chemical and physical, , ,4, , 
1413,0043888,well drained,morainal till,coarse loamy and coarse silty,mixed,moderately to very strongly calcareous,weak chemical, , , , , , , , , , 
1414,0043889,moderately well drained,lacustrine,sandy,undifferentiated,moderately to very strongly calcareous,weak chemical,morainal till,coarse loamy and coarse silty,mixed,extremely calcareous,unspecified, , , , , 
1415,0043890,well drained,glaciolacustrine,sandy,mixed,weakly calcareous,weak chemical, , , , , , , , , , 
1416,0043891,moderately well drained,lacustrine,clayey,mixed,moderately to very strongly calcareous,weak chemical,morainal till,fine loamy and fine silty,mixed,extremely calcareous,weak chemical, , , , , 
1417,0043892,imperfectly drained,lacustrine,clayey,mixed,moderately to very strongly calcareous,weak chemical, , , , , , , ,1.5, , 
1418,0043893,imperfectly drained,glaciolacustrine,skeletal,sedementary - siltstone and mudstone,moderately to very strongly calcareous,weak chemical,morainal till,fine loamy and fine silty, ,extremely calcareous,unspecified, , , , , 
1419,0043894,imperfectly drained,lacustrine,coarse loamy and coarse silty,sedementary - siltstone and mudstone,moderately to very strongly calcareous,weak chemical,morainal till,fine loamy and fine silty,undifferentiated,extremely calcareous,weak chemical, , ,1.5, , 
1420,0043895,imperfectly drained,lacustrine,fine loamy and fine silty,undifferentiated,moderately to very strongly calcareous,weak chemical,morainal till,coarse loamy and coarse silty,undifferentiated,extremely calcareous,weak chemical, , , , , 
1421,0043896,imperfectly drained,lacustrine,clayey,undifferentiated,moderately to very strongly calcareous,unspecified,lacustro-till,clayey,mixed,moderately to very strongly calcareous,weak chemical, , , , , 
1422,0043897,imperfectly drained,glaciolacustrine,sandy,mixed,weakly calcareous,weak chemical, , , , , , , , , , 
1423,0043898,imperfectly drained,lacustrine,clayey,undifferentiated,weakly calcareous,weak chemical,lacustrine,coarse loamy and coarse silty,undifferentiated,moderately to very strongly calcareous,weak chemical, , , , , 
1424,0043899,very poorly drained,organic, ,organic material - fen peat,moderately acidic to neutral, ,lacustrine,clayey, ,moderately to very strongly calcareous,moderate chemical,hydromorphic,apparent,0.4, , 
1425,0043900,imperfectly drained,lacustrine,coarse loamy and coarse silty,undifferentiated,moderately to very strongly calcareous,unspecified,lacustrine,clayey,undifferentiated,moderately to very strongly calcareous,unspecified, , , , , 
1426,0043901,imperfectly drained,morainal till,coarse loamy and coarse silty,undifferentiated,moderately to very strongly calcareous,weak chemical, , , , , , , , , , 
1427,0043902,imperfectly drained,lacustrine,fine loamy and fine silty,undifferentiated,moderately to very strongly calcareous,weak chemical, , , , , , , ,1.5, , 
1428,0043903,well drained,morainal till,coarse loamy and coarse silty,mixed,extremely calcareous,weak chemical, , , , , , , , , , 
1429,0043904,poorly drained,morainal till,coarse loamy and coarse silty,sedementary - limestone,extremely calcareous,weak chemical, , , , , , , , , , 
1430,0043905,imperfectly drained,morainal till,coarse loamy and coarse silty,sedementary - limestone,extremely calcareous,weak chemical, , , , , , , , , , 
1431,0043906,poorly drained,glacio-fluvial,fragmental,sedementary - siltstone and mudstone,moderately to very strongly calcareous,weak chemical,morainal till,coarse loamy and coarse silty,sedementary - limestone,extremely calcareous,weak chemical, , , , , 
1432,0043907,imperfectly drained,glacio-fluvial,fragmental,sedementary - limestone,moderately to very strongly calcareous,weak chemical,morainal till,coarse loamy and coarse silty,sedementary - limestone,extremely calcareous,weak chemical, , , , , 
1433,0043908,imperfectly drained,morainal till,coarse loamy and coarse silty,sedementary - limestone,extremely calcareous,weak chemical, , , , , , , , , , 
1434,0043909,imperfectly drained,glacio-fluvial,fragmental,mixed,moderately to very strongly calcareous,weak chemical,morainal till, ,sedementary - limestone,extremely calcareous,weak chemical, , , , , 
1435,0043910,imperfectly drained,morainal till,coarse loamy and coarse silty,sedementary - limestone,extremely calcareous,weak chemical, , , , , , , , , , 
1436,0043911,imperfectly drained,glaciolacustrine,clayey,sedementary - siltstone and mudstone,moderately to very strongly calcareous,chemical and physical, , , , , ,terrestrial, , , , 
1437,0043912,well drained,morainal till,skeletal,igneous - unspecified type,moderately acidic to neutral,weak chemical, , , , , ,terrestrial,other, , , 
1438,0043913,poorly drained,lacustrine,clayey,sedementary - siltstone and mudstone,moderately to very strongly calcareous,chemical and physical, , , , , , ,apparent,1.1, , 
1439,0043914,well drained,lacustrine,clayey,sedementary - siltstone and mudstone,moderately to very strongly calcareous,chemical and physical, , , , , ,terrestrial,other, , , 
1440,0043915,well drained,lacustrine,clayey,mixed,weakly calcareous,chemical and physical, , , , , ,terrestrial,other, , , 
1441,0043916,imperfectly drained,lacustrine,clayey,sedementary - siltstone and mudstone,moderately to very strongly calcareous,chemical and physical, , , , , , , , , , 
1442,0043917,well drained,lacustrine,clayey,sedementary - siltstone and mudstone,moderately acidic to neutral,chemical and physical, , ,igneous - unspecified type, , , , , , , 
1443,0043918,moderately well drained,lacustrine,clayey,sedementary - siltstone and mudstone,weakly calcareous,chemical and physical,lacustrine,fine loamy and fine silty, ,moderately to very strongly calcareous,weak chemical,terrestrial,other, , , 
1444,0043919,poorly drained,lacustrine,clayey,mixed,weakly calcareous,moderate chemical, , , , , ,terrestrial,other, , , 
1445,0043920,rapidly drained,lacustrine,sandy,mixed,weakly calcareous, , , , , , , , , , , 
1446,0043921,rapidly drained, ,coarse loamy and coarse silty,sedementary - siltstone and mudstone, ,chemical and physical, , , , , , , , , , 
1447,0043922,well drained, ,fine loamy and fine silty,sedementary - siltstone and mudstone, , ,fluvial,stratified - mineral, , , , , , , , 
1448,0043923,well drained,lacustrine,fine loamy and fine silty,mixed,weakly calcareous,weak chemical, , , , , , , , , , 
1449,0043924,imperfectly drained,lacustrine,coarse loamy and coarse silty,mixed,moderately to very strongly calcareous,unspecified, , , , , , ,apparent,1.5, , 
1450,0043925,rapidly drained,lacustrine,coarse loamy and coarse silty,mixed, ,weak chemical, , , , , , , , , , 
1451,0043926,imperfectly drained,lacustrine,sandy,sedementary - siltstone and mudstone,moderately to very strongly calcareous, , , , , , , ,apparent,2, , 
1452,0043927,imperfectly drained,lacustrine,fine loamy and fine silty,mixed,moderately to very strongly calcareous,chemical and physical, , , , , , , , , , 
1453,0043928,imperfectly drained,lacustrine,coarse loamy and coarse silty,sedementary - siltstone and mudstone,moderately to very strongly calcareous,unspecified, , , , , , ,apparent,1.5, , 
1454,0043929,poorly drained,lacustrine,sandy,sedementary - siltstone and mudstone,moderately to very strongly calcareous, , , , , , , ,apparent,0.9, , 
1455,0043930,well drained,eolian,sandy,sedementary - siltstone and mudstone,weakly calcareous,weak chemical, , , , , , , , , , 
1456,0043931,imperfectly drained,lacustrine,coarse loamy and coarse silty,mixed,moderately to very strongly calcareous,weak chemical, , , , , , , ,2.1, , 
1457,0043932,rapidly drained,lacustrine,coarse loamy and coarse silty,mixed,moderately to very strongly calcareous,weak chemical, , , , , , , , , , 
1458,0043933,imperfectly drained,lacustrine,coarse loamy and coarse silty,sedementary - siltstone and mudstone,moderately to very strongly calcareous,unspecified, , , , , , ,apparent,1.9, , 
1459,0043934,imperfectly drained,lacustrine,sandy,sedementary - siltstone and mudstone,moderately to very strongly calcareous, , , , , , , ,apparent,1.5, , 
1460,0043935,moderately well drained,lacustrine,coarse loamy and coarse silty,mixed,moderately to very strongly calcareous,weak chemical, , , , , , , ,3, , 
1461,0043936, , , ,sedementary - siltstone and mudstone, , , , , , , , , , , , 
1462,0043937,imperfectly drained,lacustrine,coarse loamy and coarse silty,sedementary - siltstone and mudstone,moderately to very strongly calcareous,unspecified, , , , , , ,apparent,1.5, , 
1463,0043939,imperfectly drained,lacustrine,coarse loamy and coarse silty,sedementary - siltstone and mudstone,moderately to very strongly calcareous,chemical and physical, , , , , , ,apparent,1.8, , 
1464,0043940,poorly drained,organic, ,sedementary - siltstone and mudstone,moderately acidic to neutral, ,lacustrine,clayey, ,weakly calcareous,weak chemical,hydromorphic, , , , 
1465,0043941,moderately well drained,lacustrine,clayey,sedementary - siltstone and mudstone,weakly calcareous,weak chemical, , , , , ,terrestrial, , , , 
1466,0043942,well drained,morainal till,coarse loamy and coarse silty,mixed,weakly calcareous,chemical and physical,residual,fragmental,sedementary - limestone,moderately to very strongly calcareous,chemical and physical,terrestrial, , , , 
1467,0043943,imperfectly drained,morainal till,coarse loamy and coarse silty,mixed,moderately to very strongly calcareous,weak chemical, , , , , ,terrestrial,apparent,0.2, , 
1468,0043944,imperfectly drained,lacustrine,clayey,sedementary - siltstone and mudstone,moderately acidic to neutral,weak chemical,morainal till,coarse loamy and coarse silty,mixed,moderately to very strongly calcareous,unspecified,terrestrial, , , , 
1469,0043945,imperfectly drained,lacustrine,clayey,sedementary - siltstone and mudstone,weakly calcareous,weak chemical, , , , , ,terrestrial,apparent,1, , 
1470,0043947,poorly drained,morainal till,skeletal,mixed,weakly calcareous,weak chemical, , , , , , ,apparent,0.2, , 
1471,0043948,moderately well drained,residual,fragmental,sedementary - limestone,moderately to very strongly calcareous,chemical and physical, , , , , ,terrestrial, , , , 
1472,0043950,well drained,lacustrine,fine loamy and fine silty,sedementary - siltstone and mudstone,moderately to very strongly calcareous,weak chemical,lacustrine,sandy, ,weakly calcareous,weak chemical, , , , , 
1473,0043951,moderately well drained,glaciolacustrine,clayey,sedementary - siltstone and mudstone,moderately to very strongly calcareous,chemical and physical, , , , , ,terrestrial, , , , 
1474,0043952,moderately well drained,glaciolacustrine,clayey,sedementary - siltstone and mudstone,moderately to very strongly calcareous,chemical and physical, , , , , ,terrestrial, , , , 
1475,0043953,moderately well drained,glaciolacustrine,clayey,sedementary - siltstone and mudstone,moderately to very strongly calcareous,chemical and physical, , , , , ,terrestrial,other,0.7, , 
1476,0043954,moderately well drained,glaciolacustrine,clayey,sedementary - siltstone and mudstone,moderately to very strongly calcareous,chemical and physical, , , , , ,terrestrial, , , , 
1477,0043955,moderately well drained,glaciolacustrine,clayey,sedementary - siltstone and mudstone,moderately to very strongly calcareous,chemical and physical, , , , , ,terrestrial, , , , 
1478,0043956,moderately well drained,glaciolacustrine,clayey,sedementary - siltstone and mudstone,moderately to very strongly calcareous,chemical and physical, , , , , ,terrestrial, , , , 
1479,0043957,moderately well drained,glaciolacustrine,clayey,sedementary - siltstone and mudstone,moderately to very strongly calcareous,chemical and physical, , , , , ,terrestrial,apparent,1.1, , 
1480,0043958,imperfectly drained,lacustrine,clayey,mixed,moderately to very strongly calcareous, ,fluvio-lacustrine,coarse loamy and coarse silty, ,moderately to very strongly calcareous, , , , , , 
1481,0043959,imperfectly drained,lacustrine,clayey,sedementary - siltstone and mudstone,moderately to very strongly calcareous,weak chemical,lacustrine,fine loamy and fine silty, ,extremely calcareous,unspecified, ,apparent,1.1, , 
1482,0043960,imperfectly drained,fluvio-lacustrine,fine loamy and fine silty,sedementary - siltstone and mudstone,moderately to very strongly calcareous,unspecified, , , , , , , , , , 
1483,0043962,moderately well drained,fluvial,fine loamy and fine silty,mixed,moderately to very strongly calcareous, , , , , , , , , , , 
1484,0043963,imperfectly drained,fluvial,fine loamy and fine silty,sedementary - siltstone and mudstone,moderately to very strongly calcareous,unspecified, , , , , , , , , , 
1485,0043964,imperfectly drained,lacustrine,clayey,sedementary - siltstone and mudstone, ,unspecified, , , , , , , , , , 
1486,0043965,imperfectly drained,lacustrine,clayey,sedementary - siltstone and mudstone,weakly calcareous,unspecified, , , , , , , ,1.5, , 
1487,0043966,imperfectly drained,lacustrine,sandy,sedementary - siltstone and mudstone,moderately to very strongly calcareous,unspecified,fluvial,stratified - mineral,sedementary - limestone,extremely calcareous,unspecified, , , , , 
1488,0043967,imperfectly drained,lacustrine,clayey,sedementary - siltstone and mudstone,weakly calcareous,unspecified,lacustrine,coarse loamy and coarse silty, ,weakly calcareous,unspecified, , , , , 
1489,0043968,moderately well drained,lacustrine,clayey,sedementary - siltstone and mudstone, ,weak chemical, , , , , , ,apparent,1.4, , 
1490,0043969,poorly drained,organic, ,organic material - fen peat,moderately acidic to neutral,weak chemical,fluvial,sandy,mixed,moderately to very strongly calcareous,moderate chemical,hydromorphic,apparent,1.3, , 
1491,0043972,moderately well drained,lacustrine,clayey,sedementary - siltstone and mudstone,moderately to very strongly calcareous,weak chemical, , , , , ,terrestrial, , , , 
1492,0043973,imperfectly drained,lacustrine,fine loamy and fine silty,mixed,moderately to very strongly calcareous, , , , , , , , , , , 
1493,0043974,imperfectly drained,lacustrine,coarse loamy and coarse silty,mixed,weakly calcareous,weak chemical,morainal till,clayey, ,moderately to very strongly calcareous,weak chemical, , , , , 
1494,0043975,imperfectly drained,lacustrine,coarse loamy and coarse silty,mixed,moderately to very strongly calcareous,unspecified, , , , , , , , , , 
1495,0043976,imperfectly drained,lacustrine,sandy,mixed,moderately to very strongly calcareous,unspecified, , , , , , ,perched,1.2, , 
1496,0043977,imperfectly drained,lacustrine,coarse loamy and coarse silty,mixed,moderately to very strongly calcareous,unspecified,lacustrine,sandy,mixed,moderately to very strongly calcareous,unspecified, , , , , 
1497,0043978,imperfectly drained,lacustrine,sandy,mixed,weakly calcareous,unspecified, , , , , , , , , , 
1498,0043979,imperfectly drained,lacustrine,sandy,mixed,weakly calcareous,unspecified, , , , , , , , , , 
1499,0043980,moderately well drained,lacustrine,fine loamy and fine silty,mixed,moderately to very strongly calcareous,unspecified, , , , , , , , , , 
1500,0043981,imperfectly drained,lacustrine,fine loamy and fine silty,mixed,moderately to very strongly calcareous,unspecified, , , , , , , , , , 
1501,0043982,well drained,morainal till,fine loamy and fine silty,mixed,moderately to very strongly calcareous,weak chemical, , , , , , , , , , 
1502,0043983,imperfectly drained,morainal till,fine loamy and fine silty,mixed,moderately to very strongly calcareous,weak chemical, , , , , , , , , , 
1503,0043984,well drained,morainal till,coarse loamy and coarse silty,sedementary - siltstone and mudstone,moderately to very strongly calcareous,weak chemical, , , , , , , , , , 
1504,0043985,imperfectly drained,morainal till,fine loamy and fine silty,undifferentiated,extremely calcareous,moderate chemical, , , , , , , , , , 
1505,0043986,moderately well drained,lacustrine,skeletal,mixed,moderately to very strongly calcareous,weak chemical, , , , , , , , , , 
1506,0043987,well drained,morainal till,fine loamy and fine silty,sedementary - siltstone and mudstone,moderately to very strongly calcareous,weak chemical, , , , , , , , , , 
1507,0043988,poorly drained,glaciolacustrine,fine loamy and fine silty,sedementary - siltstone and mudstone,moderately to very strongly calcareous,moderate chemical, , , , , , ,apparent,0.7, , 
1508,0043989,rapidly drained,morainal till,fine loamy and fine silty,mixed,extremely calcareous,weak chemical, , , , , , , , , , 
1509,0043990,well drained,fluvial,sandy,mixed, ,unspecified, , , , , , , , , , 
1510,0043991,poorly drained,lacustrine,stratified - mineral,mixed,weakly calcareous,unspecified, , , , , , ,apparent, , , 
1511,0043992,well drained,fluvial,skeletal,mixed,extremely calcareous,weak chemical, , , , , , , , , , 
1512,0043993,well drained,morainal till,fine loamy and fine silty,mixed,moderately to very strongly calcareous,unspecified, , , , , , , , , , 
1513,0043995,poorly drained,organic, ,sedementary - siltstone and mudstone, , ,lacustrine,sandy, , , , ,apparent, , , 
1514,0043996,well drained,lacustrine,sandy,mixed,moderately to very strongly calcareous,weak chemical, , , , , , , , , , 
1515,0043997,poorly drained,lacustrine,fine loamy and fine silty,sedementary - siltstone and mudstone,moderately to very strongly calcareous, , , , , , , ,apparent,2, , 
1516,0043998,well drained,morainal till,clayey,sedementary - siltstone and mudstone,moderately to very strongly calcareous,unspecified, , , , , , , , , , 
1517,0043999,poorly drained,organic, ,organic material - fen peat, ,unspecified,lacustrine,clayey, ,moderately to very strongly calcareous,unspecified, , , , , 
1518,0044001,well drained,lacustrine,sandy,sedementary - siltstone and mudstone,moderately to very strongly calcareous, , , , , , , , , , , 
1519,0044002,rapidly drained,fluvial,fine loamy and fine silty,sedementary - siltstone and mudstone,weakly calcareous,chemical and physical,fluvial,skeletal, ,moderately to very strongly calcareous, , , , , , 
1520,0044003,poorly drained, , ,organic material - sphagnum peat, , , , ,organic material - fen peat, , , ,apparent,1.1, , 
1521,0044004,imperfectly drained,morainal till,sandy,sedementary - siltstone and mudstone,extremely to strongly acidic,chemical and physical, , , , , ,terrestrial, , , , 
1522,0044005,poorly drained,fluvial, ,sedementary - siltstone and mudstone,moderately acidic to neutral,chemical and physical, , , , , , ,apparent,1, , 
1523,0044006,poorly drained,organic, ,organic material - forest peat,extremely to strongly acidic, ,organic, ,organic material - fen peat,moderately acidic to neutral, , ,apparent,1, , 
1524,0044007,poorly drained,organic, ,organic material - sphagnum peat,extremely to strongly acidic, ,organic, ,organic material - forest peat,extremely to strongly acidic, , ,apparent,0.3, , 
1525,0044008,poorly drained,glaciolacustrine,fine loamy and fine silty,mixed,extremely to strongly acidic,chemical and physical,glacio-lacustrine,coarse loamy and coarse silty,undifferentiated,extremely to strongly acidic,chemical and physical, , , , , 
1526,0044009,well drained,morainal till,fine loamy and fine silty,mixed,moderately to very strongly calcareous,unspecified, , , , , , , , , , 
1527,0044010,well drained,morainal till,fine loamy and fine silty,mixed,moderately to very strongly calcareous,unspecified, , , , , , , , , , 
1528,0044011,imperfectly drained,lacustrine,fine loamy and fine silty,sedementary - siltstone and mudstone,weakly calcareous,unspecified,morainal till,fine loamy and fine silty, ,moderately to very strongly calcareous,unspecified, , , , , 
1529,0044012,poorly drained,morainal till, ,sedementary - siltstone and mudstone,moderately to very strongly calcareous,unspecified, , , , , , , ,2.9, , 
1530,0044013,imperfectly drained,morainal till,fine loamy and fine silty,sedementary - siltstone and mudstone,moderately to very strongly calcareous,unspecified, , , , , , , , , , 
1531,0044014,moderately well drained,morainal till,fine loamy and fine silty,mixed,moderately to very strongly calcareous,unspecified, , , , , , , , , , 
1532,0044015,imperfectly drained,fluvial,skeletal,sedementary - limestone,moderately to very strongly calcareous, , , , , , , , ,1.8, , 
1533,0044016,imperfectly drained,glaciolacustrine,skeletal,mixed,moderately to very strongly calcareous,weak chemical, , , , , , , , , , 
1534,0044017,well drained,lacustrine,coarse loamy and coarse silty,mixed,weakly calcareous,chemical and physical,morainal till,coarse loamy and coarse silty,mixed,extremely calcareous,chemical and physical, , , , , 
1535,0044018,imperfectly drained,lacustrine,sandy,mixed,moderately to very strongly calcareous,weak chemical, , , , , , , , , , 
1536,0044019,poorly drained,organic, ,organic material - forest peat,moderately acidic to neutral,weak chemical,lacustrine,sandy,mixed,weakly calcareous,weak chemical, , , , , 
1537,0044020,well drained,glaciolacustrine,skeletal,igneous - unspecified type,moderately to very strongly calcareous,unspecified, , , , , , , , , , 
1538,0044021,well drained,glaciolacustrine,skeletal,igneous - unspecified type,moderately to very strongly calcareous,unspecified, , , , , , , , , , 
1539,0044022,imperfectly drained,lacustrine,sandy,mixed, ,unspecified, , , , , , ,apparent,1.8, , 
1540,0044023,imperfectly drained,lacustrine,sandy,mixed,moderately to very strongly calcareous,unspecified,morainal till,coarse loamy and coarse silty,mixed,extremely calcareous,unspecified, , , , , 
1541,0044024,moderately well drained,lacustrine,sandy,mixed,weakly calcareous,unspecified, , , , , , , , , , 
1542,0044025,imperfectly drained,lacustrine,sandy,mixed,moderately to very strongly calcareous,unspecified, , , , , , , , , , 
1543,0044026,poorly drained,morainal till,coarse loamy and coarse silty,mixed,extremely calcareous,unspecified, , , , , , , , , , 
1544,0044027,poorly drained,lacustrine,sandy,mixed,moderately to very strongly calcareous,unspecified,morainal till,coarse loamy and coarse silty,mixed,extremely calcareous,unspecified, , , , , 
1545,0044028,imperfectly drained,lacustrine,sandy,mixed,weakly calcareous,unspecified,morainal till,coarse loamy and coarse silty,mixed,extremely calcareous,unspecified, , , , , 
1546,0044031,imperfectly drained,organic,undifferentiated,organic material - fen peat,moderately acidic to neutral,unspecified,fluvial,sandy,mixed,moderately to very strongly calcareous,unspecified, , , , , 
1547,0044032,poorly drained,lacustrine,clayey,undifferentiated,moderately to very strongly calcareous,unspecified, , , , , , , , , , 
1548,0044033,poorly drained,fluvial,skeletal,mixed,moderately to very strongly calcareous,unspecified,morainal till,coarse loamy and coarse silty,mixed,extremely calcareous,unspecified, , , , , 
1549,0044034,imperfectly drained,fluvial,stratified - mineral and organic,mixed,weakly calcareous,unspecified,morainal till,coarse loamy and coarse silty, ,moderately to very strongly calcareous,unspecified, , , , , 
1550,0044035,moderately well drained,fluvial,coarse loamy and coarse silty,mixed,moderately to very strongly calcareous,unspecified, , , , , , , , , , 
1551,0044036,imperfectly drained,lacustrine,clayey,mixed,moderately to very strongly calcareous,unspecified, , , , , , , , , , 
1552,0044037,poorly drained,lacustrine,clayey,mixed,moderately to very strongly calcareous,chemical and physical, , , , , , , , , , 
1553,0044038,imperfectly drained,lacustrine,clayey,sedementary - siltstone and mudstone,weakly calcareous,weak chemical, , , , , , ,apparent,1.5, , 
1554,0044039,poorly drained,lacustrine,clayey,mixed,moderately to very strongly calcareous,unspecified,lacustrine,fine loamy and fine silty, ,moderately to very strongly calcareous,unspecified, , ,1.5, , 
1555,0044040,imperfectly drained,lacustrine,clayey,sedementary - siltstone and mudstone,moderately to very strongly calcareous,weak chemical,fluvio-lacustrine,fine loamy and fine silty, ,moderately to very strongly calcareous,weak chemical, , , , , 
1556,0044041,well drained,lacustrine,sandy,mixed,moderately to very strongly calcareous,weak chemical, ,fine loamy and fine silty, , ,weak chemical, , , , , 
1557,0044042,imperfectly drained,lacustrine,fine loamy and fine silty,mixed,moderately to very strongly calcareous,weak chemical, , , , , , , , , , 
1558,0044043,well drained,lacustrine,sandy,mixed,weakly calcareous,weak chemical, , , , , , , , , , 
1559,0044044,rapidly drained,eolian,sandy,mixed,weakly calcareous,weak chemical, , , , , ,terrestrial, , , , 
1560,0044045,imperfectly drained,lacustrine,coarse loamy and coarse silty,sedementary - siltstone and mudstone,moderately to very strongly calcareous,weak chemical, , , , , , , , , , 
1561,0044046,imperfectly drained,lacustrine,coarse loamy and coarse silty,mixed,moderately to very strongly calcareous,weak chemical, , , , , , , , , , 
1562,0044047,poorly drained,lacustrine,sandy,mixed, ,weak chemical,morainal till,clayey, ,moderately to very strongly calcareous,unspecified,terrestrial,perched, , , 
1563,0044048,moderately well drained,lacustrine,sandy,mixed, ,weak chemical,morainal till,fine loamy and fine silty,mixed,moderately to very strongly calcareous,unspecified,terrestrial, , , , 
1564,0044049,moderately well drained,morainal till,coarse loamy and coarse silty,mixed,moderately to very strongly calcareous,weak chemical, , , , , , , , , , 
1565,0044050,poorly drained,lacustrine,fine loamy and fine silty,sedementary - siltstone and mudstone,moderately to very strongly calcareous,weak chemical, , , , , , ,apparent,1.3, , 
1566,0044051,poorly drained,lacustrine,sandy,mixed,moderately to very strongly calcareous,weak chemical, , , , , , ,apparent,0.9, , 
1567,0044052,poorly drained,lacustrine,coarse loamy and coarse silty,mixed,extremely calcareous,weak chemical, , , , , ,hydromorphic,apparent,1.1, , 
1568,0044053,imperfectly drained,lacustrine,coarse loamy and coarse silty,mixed,moderately to very strongly calcareous,weak chemical,morainal till,fine loamy and fine silty,sedementary - limestone,extremely calcareous,weak chemical, , , , , 
1569,0044054,well drained,lacustrine,sandy,mixed,weakly calcareous,weak chemical,morainal till,fine loamy and fine silty,mixed,moderately to very strongly calcareous,unspecified, , , , , 
1570,0044055,imperfectly drained,lacustrine,sandy,mixed,weakly calcareous,weak chemical,morainal till,fine loamy and fine silty,mixed,moderately to very strongly calcareous,weak chemical, , , , , 
1571,0044056,well drained,lacustrine,stratified - mineral,mixed,moderately to very strongly calcareous,weak chemical, , , , , , , , , , 
1572,0044057,moderately well drained,fluvial,stratified - mineral,mixed,moderately to very strongly calcareous,weak chemical, , , , , , , , , , 
1573,0044059,imperfectly drained,lacustrine,sandy,mixed,moderately to very strongly calcareous,weak chemical, , , , , , , , , , 
1574,0044060,imperfectly drained,lacustrine,fine loamy and fine silty,mixed,moderately to very strongly calcareous,weak chemical,morainal till,fine loamy and fine silty,mixed,moderately to very strongly calcareous,weak chemical, , , , , 
1575,0044061,imperfectly drained,fluvial,fine loamy and fine silty,mixed,moderately to very strongly calcareous,weak chemical, , , , , , , , , , 
1576,0044062,moderately well drained,fluvial,fine loamy and fine silty,mixed,moderately to very strongly calcareous, , , , , , , , , , , 
1577,0044063,moderately well drained,fluvial,fine loamy and fine silty,mixed,moderately to very strongly calcareous,weak chemical, , , , , , , , , , 
1578,0044064,well drained,lacustrine,fine loamy and fine silty,mixed, ,weak chemical, , , , , , , , , , 
1579,0044065,imperfectly drained,lacustrine,fine loamy and fine silty,mixed,moderately to very strongly calcareous,weak chemical,morainal till,fine loamy and fine silty,igneous - unspecified type,moderately to very strongly calcareous,unspecified, , , , , 
1580,0044066,moderately well drained,lacustrine, ,mixed,moderately to very strongly calcareous,weak chemical, , , , , , , , , , 
1581,0044067,imperfectly drained,lacustrine,fine loamy and fine silty,mixed,moderately to very strongly calcareous,weak chemical,lacustrine,clayey, ,moderately to very strongly calcareous,unspecified, , , , , 
1582,0044068,imperfectly drained,lacustrine,sandy,mixed,moderately to very strongly calcareous, ,lacustrine,clayey, ,moderately to very strongly calcareous, , , , , , 
1583,0044069,imperfectly drained,lacustrine,fine loamy and fine silty,sedementary - siltstone and mudstone,moderately to very strongly calcareous,unspecified,lacustrine,clayey, ,moderately to very strongly calcareous, , , , , , 
1584,0044070,well drained,lacustrine,coarse loamy and coarse silty,sedementary - siltstone and mudstone,weakly calcareous,weak chemical, , , , , , , , , , 
1585,0044071,imperfectly drained,lacustrine,sandy,sedementary - siltstone and mudstone,moderately to very strongly calcareous,unspecified, , , , , , ,apparent,1.6, , 
1586,0044072,imperfectly drained,lacustrine,coarse loamy and coarse silty,mixed,moderately to very strongly calcareous,weak chemical,lacustrine,fine loamy and fine silty,mixed,moderately to very strongly calcareous,unspecified, , ,2.3, , 
1587,0044073,poorly drained,lacustrine,coarse loamy and coarse silty,sedementary - siltstone and mudstone,moderately to very strongly calcareous,unspecified,lacustrine,sandy, ,weakly calcareous,unspecified, ,apparent,1.7, , 
1588,0044074,imperfectly drained,lacustrine,clayey,sedementary - siltstone and mudstone,moderately to very strongly calcareous,weak chemical, , , , , , , , , , 
1589,0044075,poorly drained,morainal till,fine loamy and fine silty,sedementary - siltstone and mudstone,moderately to very strongly calcareous, , , , , , , , ,1.2, , 
1590,0044076,moderately well drained,lacustrine,clayey,sedementary - siltstone and mudstone,weakly calcareous, , , , , , , , , , , 
1591,0044077, ,organic, ,sedementary - siltstone and mudstone,moderately acidic to neutral, ,lacustrine,fine loamy and fine silty, ,weakly calcareous, , , , , , 
1592,0044078,very rapidly drained,fluvial,sandy,sedementary - siltstone and mudstone,moderately acidic to neutral, ,lacustrine,clayey, ,moderately acidic to neutral, , , , , , 
1593,0044079, ,organic, ,organic material - fen peat,extremely to strongly acidic, , , , , , , , , , , 
1594,0044080,imperfectly drained,fluvial,sandy,sedementary - siltstone and mudstone,moderately acidic to neutral, ,lacustrine,clayey, ,weakly calcareous, , ,perched,0.4, , 
1595,0044081, ,organic, ,organic material - sphagnum peat, , ,organic, ,organic material - forest peat, , , , , , , 
1596,0044082,rapidly drained,morainal till,coarse loamy and coarse silty,metamorphic - unspecified type,moderately acidic to neutral,chemical and physical, , , , , , , , , , 
1597,0044088,well drained,glacio-fluvial,stratified - mineral,igneous - unspecified type,extremely to strongly acidic,chemical and physical, , , , , ,terrestrial, , , , 
1598,0044089,imperfectly drained,glacio-fluvial,skeletal,igneous - unspecified type,extremely to strongly acidic,chemical and physical,glacio-fluvial,sandy,igneous - unspecified type,extremely to strongly acidic,chemical and physical,terrestrial, , , , 
1599,0044090,poorly drained,organic, ,organic material - fen peat, , , , , , , , ,apparent,0.3, , 
1600,0044091,moderately well drained,morainal till,sandy,igneous - unspecified type,extremely to strongly acidic,chemical and physical, , , , , , , , , , 
1601,0044092,poorly drained,organic, ,organic material - forest peat,extremely to strongly acidic, ,glacio-lacustrine,clayey,organic material - fen peat,weakly calcareous, , , ,0.4, , 
1602,0044093,imperfectly drained,morainal till,sandy,sedementary - siltstone and mudstone,extremely to strongly acidic,chemical and physical, , , , , , , , , , 
1603,0044094,well drained,glacio-fluvial,skeletal,igneous - unspecified type, ,chemical and physical,glacio-fluvial,sandy,igneous - unspecified type,moderately acidic to neutral,chemical and physical,terrestrial, , , , 
1604,0044095,poorly drained,organic, ,sedementary - siltstone and mudstone,extremely to strongly acidic, , , , , , , ,apparent,0.3, , 
1605,0044096,moderately well drained,morainal till,skeletal,igneous - unspecified type,extremely to strongly acidic,chemical and physical, , , , , , , , , , 
1606,0044097,poorly drained,organic, ,sedementary - siltstone and mudstone,extremely to strongly acidic, ,organic,clayey, ,undifferentiated,unspecified, ,apparent,0.3, , 
1607,0044099,poorly drained,fluvial,stratified - mineral,mixed,moderately to very strongly calcareous,chemical and physical, , , , , , , , , , 
1608,0044100,poorly drained,morainal till,skeletal,igneous - unspecified type,extremely to strongly acidic,unspecified, , , , , , , , , , 
1609,0044101,poorly drained,organic, ,sedementary - siltstone and mudstone,extremely to strongly acidic, ,glacio-lacustrine,clayey,undifferentiated,weakly calcareous,unspecified, ,apparent,0.4, , 
1610,0044102,moderately well drained,morainal till,sandy,igneous - unspecified type,extremely to strongly acidic,chemical and physical, , ,igneous - coarse acidic, , , , , , , 
1611,0044103,poorly drained,organic, ,organic material - sphagnum peat,extremely to strongly acidic, ,glacio-lacustrine,clayey,undifferentiated,weakly calcareous,unspecified, ,apparent,0.5, , 
1612,0044104,poorly drained,fluvial,coarse loamy and coarse silty,undifferentiated,moderately to very strongly calcareous,chemical and physical, , , , , ,terrestrial, , , , 
1613,0044105,poorly drained, , ,organic material - sphagnum peat, ,unspecified,glacio-lacustrine,clayey,undifferentiated,weakly calcareous,unspecified, ,apparent,0.2, , 
1614,0044106,poorly drained,fluvial,coarse loamy and coarse silty,undifferentiated,extremely to strongly acidic, ,glacio-lacustrine,clayey,undifferentiated,weakly calcareous, , , , , , 
1615,0044107,poorly drained,organic, ,organic material - sphagnum peat,extremely to strongly acidic,unspecified,glacio-lacustrine,coarse loamy and coarse silty,undifferentiated, ,unspecified, ,apparent,0.3, , 
1616,0044108, ,organic, ,organic material - sphagnum peat,extremely to strongly acidic, ,organic, ,organic material - forest peat, , , , ,0.2, , 
1617,0044109,imperfectly drained,glaciolacustrine,clayey,sedementary - siltstone and mudstone,extremely to strongly acidic,chemical and physical,glacio-fluvial,stratified - mineral,igneous - unspecified type, ,chemical and physical,terrestrial,perched,1.1, , 
1618,0044110,imperfectly drained,glaciolacustrine,clayey,sedementary - siltstone and mudstone,moderately to very strongly calcareous,chemical and physical, ,fine loamy and fine silty, , , ,terrestrial, , , , 
1619,0044111,imperfectly drained,glaciolacustrine,fine loamy and fine silty,sedementary - siltstone and mudstone,moderately to very strongly calcareous,chemical and physical, , , , , ,terrestrial, , , , 
1620,0044112,moderately well drained,glaciolacustrine,fine loamy and fine silty,sedementary - siltstone and mudstone,moderately to very strongly calcareous,chemical and physical, , , , , ,terrestrial, , , , 
1621,0044113,poorly drained,glaciolacustrine,clayey,sedementary - siltstone and mudstone,moderately acidic to neutral,chemical and physical, , , , , ,terrestrial, , , , 
1622,0044114,poorly drained,glaciolacustrine,fine loamy and fine silty,sedementary - siltstone and mudstone,extremely calcareous,chemical and physical, , , , , ,terrestrial, , , , 
1623,0044115,poorly drained,organic, ,organic material - sphagnum peat,extremely to strongly acidic,chemical and physical, , , , , , ,apparent,0.4, , 
1624,0044116,moderately well drained,fluvial,fine loamy and fine silty,sedementary - siltstone and mudstone,moderately to very strongly calcareous,chemical and physical, , , , , , , , , , 
1625,0044117,moderately well drained, ,coarse loamy and coarse silty,mixed,extremely to strongly acidic,chemical and physical, , , , , ,terrestrial,perched, , , 
1626,0044118,moderately well drained,glaciolacustrine,clayey,mixed,moderately to very strongly calcareous,chemical and physical, , , , , ,terrestrial, , , , 
1627,0044119,poorly drained,organic, ,sedementary - siltstone and mudstone, ,moderate chemical,glacio-lacustrine,clayey,mixed,moderately to very strongly calcareous,chemical and physical, ,apparent,0.2, , 
1628,0044120,poorly drained,glaciolacustrine,clayey,sedementary - siltstone and mudstone,moderately to very strongly calcareous,chemical and physical, , , , , , , , , , 
1629,0044121,imperfectly drained,glaciolacustrine,fine loamy and fine silty,sedementary - siltstone and mudstone,moderately to very strongly calcareous,chemical and physical, , , , , , , , , , 
1630,0044122,poorly drained,organic, ,organic material - sphagnum peat,extremely to strongly acidic,chemical and physical,organic, , ,moderately acidic to neutral,chemical and physical, ,apparent,0.3, , 
1631,0044123,imperfectly drained,morainal till,fine loamy and fine silty,sedementary - siltstone and mudstone,extremely to strongly acidic,chemical and physical, , , , , ,terrestrial, , , , 
1632,0044124,poorly drained,organic, ,organic material - sphagnum peat,extremely to strongly acidic,chemical and physical, ,clayey, ,weakly calcareous,chemical and physical, ,apparent,0.4, , 
1633,0044125,moderately well drained,glaciolacustrine,clayey,sedementary - siltstone and mudstone,moderately to very strongly calcareous,chemical and physical, , , , , ,terrestrial, , , , 
1634,0044126,poorly drained,organic, ,sedementary - siltstone and mudstone, ,chemical and physical,glacio-lacustrine,fine loamy and fine silty, ,moderately to very strongly calcareous,chemical and physical, ,apparent,0.3, , 
1635,0044127,imperfectly drained,glaciolacustrine,clayey,sedementary - siltstone and mudstone,moderately to very strongly calcareous,chemical and physical, , , , , ,terrestrial, , , , 
1636,0044128,well drained,colluvial,coarse loamy and coarse silty,undifferentiated,extremely to strongly acidic,chemical and physical,morainal till,sandy,igneous - unspecified type, ,chemical and physical,terrestrial, , , , 
1637,0044129,moderately well drained,morainal till,sandy,igneous - unspecified type,extremely to strongly acidic,chemical and physical, , , , , ,terrestrial, , , , 
1638,0044130,imperfectly drained,lacustrine,sandy,igneous - unspecified type,moderately acidic to neutral,chemical and physical,glacio-lacustrine,clayey,mixed,moderately to very strongly calcareous,chemical and physical, , , , , 
1639,0044132,imperfectly drained,fluvial,coarse loamy and coarse silty,mixed,moderately to very strongly calcareous, , , , , , , , , , , 
1640,0044133,rapidly drained,lacustrine,coarse loamy and coarse silty,mixed,weakly calcareous,weak chemical,glacio-fluvial,skeletal,mixed,moderately to very strongly calcareous,moderate chemical, , , , , 
1641,0044134,rapidly drained,lacustrine,coarse loamy and coarse silty,undifferentiated,moderately to very strongly calcareous,weak chemical, , , , , , , , , , 
1642,0044135,poorly drained,lacustrine,fine loamy and fine silty,sedementary - siltstone and mudstone,moderately to very strongly calcareous,moderate chemical,glacio-fluvial,fragmental,mixed,extremely calcareous,moderate chemical, , , , , 
1643,0044136,imperfectly drained,fluvial,fine loamy and fine silty,mixed,moderately to very strongly calcareous,weak chemical, , , , , , , , , , 
1644,0044137,moderately well drained,glaciolacustrine,clayey,mixed,moderately to very strongly calcareous,chemical and physical, , , , , , , , , , 
1645,0044138,well drained,glacio-fluvial,sandy,mixed,moderately to very strongly calcareous,chemical and physical, , , , , , , , , , 
1646,0044139,moderately well drained,glaciolacustrine,clayey,mixed,moderately to very strongly calcareous,chemical and physical,morainal till,fine loamy and fine silty,mixed,moderately to very strongly calcareous,weak chemical, , , , , 
1647,0044140,poorly drained,glacio-fluvial,coarse loamy and coarse silty,mixed,weakly calcareous,weak chemical, , , , , , ,apparent,0.7, , 
1648,0044141,moderately well drained,glaciolacustrine,fine loamy and fine silty,mixed,moderately to very strongly calcareous,chemical and physical, , , , , , , , , , 
1649,0044142,imperfectly drained,glaciolacustrine,clayey,mixed,moderately to very strongly calcareous,chemical and physical, , , , , , , , , , 
1650,0044143,well drained,morainal till, ,mixed,moderately to very strongly calcareous,chemical and physical, , , , , ,terrestrial, , , , 
1651,0044144,well drained,fluvio-lacustrine,fine loamy and fine silty,mixed,moderately to very strongly calcareous,moderate chemical, , , , , , , , , , 
1652,0044145,well drained,fluvio-lacustrine,coarse loamy and coarse silty,mixed,moderately to very strongly calcareous,moderate chemical, , , , , , , , , , 
1653,0044146,rapidly drained,fluvio-eolian,sandy,mixed,moderately to very strongly calcareous,moderate chemical, , , , , , , , , , 
1654,0044147,rapidly drained,fluvio-eolian,sandy,mixed,weakly calcareous,moderate chemical, , , , , , , , , , 
1655,0044149,rapidly drained,lacustrine,sandy,sedementary - siltstone and mudstone, , , , , , , , , ,1.8, , 
1656,0044150,imperfectly drained,lacustrine,sandy,sedementary - siltstone and mudstone,weakly calcareous, , , , , , , ,apparent,1.2, , 
1657,0044151,imperfectly drained,lacustrine,sandy,sedementary - siltstone and mudstone,weakly calcareous, , , , , , , , ,0.9, , 
1658,0044152,poorly drained,lacustrine,sandy,sedementary - siltstone and mudstone,weakly calcareous, , , , , , , , ,0.3, , 
1659,0044153,imperfectly drained,eolian,sandy,sedementary - siltstone and mudstone,moderately to very strongly calcareous, , , , , , , , ,1.3, , 
1660,0044154,moderately well drained,lacustrine,sandy,sedementary - siltstone and mudstone,moderately to very strongly calcareous, , , , , , , , , , , 
1661,0044155,poorly drained,lacustrine,sandy,sedementary - siltstone and mudstone,weakly calcareous, , , , , , , , ,0.6, , 
1662,0044156,imperfectly drained,eolian,sandy,sedementary - siltstone and mudstone,weakly calcareous, , , , , , , , , , , 
1663,0044157,imperfectly drained,lacustrine,sandy,mixed,moderately to very strongly calcareous,weak chemical, , , , , , ,apparent,1.5, , 
1664,0044158,moderately well drained,lacustrine,sandy,sedementary - siltstone and mudstone,moderately to very strongly calcareous, , , , , , , ,perched,0.8, , 
1665,0044159,moderately well drained,lacustrine,sandy,sedementary - siltstone and mudstone,weakly calcareous, , , , , , , , ,1, , 
1666,0044160,poorly drained,lacustrine,sandy,sedementary - siltstone and mudstone,moderately to very strongly calcareous, , , , , , , , ,0.9, , 
1667,0044161,poorly drained,lacustrine,sandy,sedementary - siltstone and mudstone,moderately to very strongly calcareous, , , , , , , , , , , 
1668,0044162,poorly drained,fluvio-lacustrine,sandy,mixed,moderately acidic to neutral,unspecified, , , , , , ,apparent,1.3, , 
1669,0044163,rapidly drained,eolian,sandy,sedementary - siltstone and mudstone,moderately acidic to neutral,chemical and physical, , , , , , , , , , 
1670,0044164,imperfectly drained,lacustrine,sandy,sedementary - siltstone and mudstone,weakly calcareous, , , , , , , ,apparent,1.5, , 
1671,0044165,imperfectly drained,lacustrine,sandy,mixed,weakly calcareous, , , , , , , ,apparent,1.7, , 
1672,0044167,well drained,lacustrine,clayey,mixed,moderately to very strongly calcareous, , , , , , , , , , , 
1673,0044168,poorly drained,fluvial,skeletal,sedementary - siltstone and mudstone, , , , , , , , , , , , 
1674,0044169,well drained,lacustrine,fine loamy and fine silty,sedementary - siltstone and mudstone,moderately to very strongly calcareous, , , , , , , , , , , 
1675,0044170,moderately well drained,glacio-fluvial,sandy,sedementary - siltstone and mudstone,moderately to very strongly calcareous,chemical and physical, , , , , , , , , , 
1676,0044171,well drained,morainal till,fine loamy and fine silty,mixed,moderately to very strongly calcareous,chemical and physical, , , , , , , , , , 
1677,0044172,imperfectly drained,morainal till,fine loamy and fine silty,sedementary - siltstone and mudstone,weakly calcareous,chemical and physical, , , , , , , , , , 
1678,0044173,imperfectly drained,lacustrine,clayey,sedementary - siltstone and mudstone,weakly calcareous, ,morainal till,fine loamy and fine silty, ,moderately to very strongly calcareous, , , , , , 
1679,0044174,well drained,lacustrine,fine loamy and fine silty,sedementary - siltstone and mudstone,moderately to very strongly calcareous, , , , , , , , , , , 
1680,0044175,poorly drained,organic, ,organic material - fen peat, , ,lacustrine,fine loamy and fine silty, ,moderately to very strongly calcareous, , , ,0, , 
1681,0044176,imperfectly drained,glaciolacustrine,sandy,sedementary - siltstone and mudstone, , ,morainal till,fine loamy and fine silty,mixed, , , , , , , 
1682,0044177,moderately well drained,morainal till,fine loamy and fine silty,mixed,moderately to very strongly calcareous,chemical and physical, , , , , , , , , , 
1683,0044178,imperfectly drained,lacustrine,fine loamy and fine silty,sedementary - siltstone and mudstone,moderately to very strongly calcareous,chemical and physical,morainal till,fine loamy and fine silty, ,moderately to very strongly calcareous,chemical and physical, , , , , 
1684,0044179,well drained,lacustrine,sandy,sedementary - siltstone and mudstone,weakly calcareous,chemical and physical,morainal till,fine loamy and fine silty, ,moderately to very strongly calcareous, , , , , , 
1685,0044180,imperfectly drained,lacustrine,sandy,sedementary - siltstone and mudstone,moderately to very strongly calcareous, ,morainal till,coarse loamy and coarse silty,mixed,moderately to very strongly calcareous, , , , , , 
1686,0044181,well drained,lacustrine,sandy,sedementary - siltstone and mudstone,weakly calcareous, , , , , , , , , , , 
1687,0044182,well drained,glacio-fluvial,stratified - mineral,mixed,weakly calcareous,chemical and physical, , , , , , , , , , 
1688,0044183,imperfectly drained,lacustrine,coarse loamy and coarse silty,sedementary - siltstone and mudstone,moderately to very strongly calcareous,chemical and physical, , , , , , , , , , 
1689,0044184,poorly drained,organic, ,organic material - fen peat,extremely to strongly acidic, , , , , , , , ,0.3, , 
1690,0044185,rapidly drained,fluvial,sandy,igneous - coarse acidic,moderately acidic to neutral, , , , , , , , , , , 
1691,0044186,imperfectly drained,organic, ,organic material - forest peat, , ,lacustrine,clayey, ,weakly calcareous, , , ,0.4, , 
1692,0044187,rapidly drained,fluvial,sandy,igneous - unspecified type,moderately acidic to neutral,chemical and physical, , , , , , , , , , 
1693,0044188,well drained,lacustrine,clayey,sedementary - siltstone and mudstone,moderately to very strongly calcareous,chemical and physical, , , , , , , , , , 
1694,0044189, ,organic, ,sedementary - siltstone and mudstone, , ,lacustrine,clayey, , , , , ,0.6, , 
1695,0044190,poorly drained,lacustrine,clayey,sedementary - siltstone and mudstone,weakly calcareous,chemical and physical, , , , , , , ,1.2, , 
1696,0044191,rapidly drained,morainal till,sandy,igneous - unspecified type,moderately acidic to neutral,chemical and physical, , , , , , , , , , 
1697,0044192,well drained,lacustro-till,sandy,igneous - coarse acidic,moderately acidic to neutral,weak chemical, , , , , , , , , , 
1698,0044195,very poorly drained,organic, ,organic material - sphagnum peat,moderately acidic to neutral,weak chemical,organic, ,organic material - fen peat,moderately acidic to neutral,chemical and physical, ,apparent,0.4, , 
1699,0044196,poorly drained,organic, ,organic material - fen peat,moderately acidic to neutral,weak chemical,lacustrine,coarse loamy and coarse silty, ,extremely calcareous,weak chemical, ,apparent,0.5, , 
1700,0044197,very poorly drained,organic, ,organic material - fen peat,moderately acidic to neutral,chemical and physical,lacustrine,fine loamy and fine silty, ,extremely calcareous,weak chemical, ,apparent,0, , 
1701,0044198,rapidly drained,glacio-fluvial,sandy,mixed,moderately to very strongly calcareous,moderate chemical, , , , , , , , , , 
1702,0044199,rapidly drained,glacio-fluvial,sandy,mixed,moderately to very strongly calcareous,moderate chemical, , , , , , ,apparent, , , 
1703,0044200,rapidly drained,eolian,sandy,mixed,weakly calcareous,weak chemical, , , , , , , , , , 
1704,0044201,very poorly drained,organic,sandy,organic material - fen peat,weakly calcareous,chemical and physical,lacustrine, ,mixed,weakly calcareous,weak chemical, ,apparent,0.5, , 
1705,0044202,poorly drained,fluvial,fine loamy and fine silty,mixed,moderately to very strongly calcareous,chemical and physical, , , , , , , , , , 
1706,0044203,imperfectly drained,fluvial,fine loamy and fine silty,mixed,moderately to very strongly calcareous,chemical and physical, , , , , , , , , , 
1707,0044204,very poorly drained,organic,stratified - mineral and organic,organic material - unspecified type,extremely calcareous,chemical and physical, , , , , , ,apparent,0, , 
1708,0044205,rapidly drained,eolian,sandy,mixed,moderately to very strongly calcareous,weak chemical, , , , , , , , , , 
1709,0044206,imperfectly drained,lacustrine,coarse loamy and coarse silty,mixed,extremely calcareous,weak chemical,morainal till,fine loamy and fine silty, ,extremely calcareous,unspecified, ,apparent,1.8, , 
1710,0044207,imperfectly drained,organic, ,organic material - forest peat,moderately acidic to neutral,unspecified,lacustrine,clayey,mixed,moderately to very strongly calcareous,weak chemical,hydromorphic, , , , 
1711,0044208,very poorly drained,organic, ,organic material - fen peat,moderately acidic to neutral,unspecified,lacustrine, ,mixed,moderately to very strongly calcareous, , ,perched,0, , 
1712,0044209,poorly drained,organic, ,organic material - sphagnum peat,moderately acidic to neutral,unspecified,lacustrine,clayey,mixed,moderately to very strongly calcareous,weak chemical,terrestrial,apparent,0.4, , 
1713,0044210,well drained,lacustrine,clayey,mixed,moderately to very strongly calcareous,weak chemical, , , , , ,terrestrial, , , , 
1714,0044211,moderately well drained,glacio-fluvial,skeletal,igneous - unspecified type,extremely to strongly acidic,chemical and physical,glacio-lacustrine,clayey,undifferentiated,moderately acidic to neutral,chemical and physical,terrestrial, , , , 
1715,0044212,well drained,morainal till,skeletal,igneous - unspecified type,extremely to strongly acidic,chemical and physical,glacio-fluvial,sandy,igneous - unspecified type,extremely to strongly acidic,chemical and physical,terrestrial, , , , 
1716,0044213,poorly drained,organic, ,organic material - forest peat,undifferentiated, ,glacio-lacustrine,stratified - mineral, ,moderately to very strongly calcareous, , , , , , 
1717,0044214,imperfectly drained,lacustrine,clayey,sedementary - siltstone and mudstone, ,weak chemical,morainal till,fine loamy and fine silty, ,moderately to very strongly calcareous, , , , , , 
1718,0044215,imperfectly drained,lacustrine,clayey,sedementary - siltstone and mudstone, , ,morainal till,fine loamy and fine silty, ,moderately to very strongly calcareous, , , , , , 
1719,0044216,poorly drained,lacustrine,fine loamy and fine silty,sedementary - siltstone and mudstone,moderately to very strongly calcareous, , , , , , , , , , , 
1720,0044217,imperfectly drained,lacustrine,fine loamy and fine silty,sedementary - siltstone and mudstone,moderately to very strongly calcareous, , , , , , , , , , , 
1721,0044218,moderately well drained,lacustrine,fine loamy and fine silty,sedementary - siltstone and mudstone, , ,morainal till,coarse loamy and coarse silty, ,moderately to very strongly calcareous, , , , , , 
1722,0044219,imperfectly drained,lacustrine,sandy,mixed,moderately to very strongly calcareous,weak chemical, , , , , , , , , , 
1723,0044220,imperfectly drained,lacustrine,coarse loamy and coarse silty,sedementary - siltstone and mudstone,extremely calcareous,unspecified, , , , , , , , , , 
1724,0044221,imperfectly drained,lacustrine,sandy,undifferentiated,moderately to very strongly calcareous,chemical and physical,lacustrine,fine loamy and fine silty,undifferentiated,moderately to very strongly calcareous,chemical and physical, , , , , 
1725,0044222,imperfectly drained,lacustrine,coarse loamy and coarse silty,mixed,moderately to very strongly calcareous,unspecified, , , , , , ,apparent,2.5, , 
1726,0044223,imperfectly drained,lacustrine,fine loamy and fine silty,sedementary - siltstone and mudstone,moderately to very strongly calcareous, , , , , , , ,apparent,1.7, , 
1727,0044224,poorly drained,fluvio-lacustrine,sandy,sedementary - siltstone and mudstone,moderately to very strongly calcareous,chemical and physical, , , , , , , , , , 
1728,0044225,imperfectly drained,fluvio-lacustrine,sandy,sedementary - siltstone and mudstone,moderately to very strongly calcareous,chemical and physical, , , , , , , , , , 
1729,0044226,poorly drained,fluvial,clayey,sedementary - siltstone and mudstone,moderately to very strongly calcareous,chemical and physical, , , , , , , , , , 
1730,0044227,imperfectly drained,fluvial,coarse loamy and coarse silty,sedementary - siltstone and mudstone,moderately to very strongly calcareous, , , , , , , , , , , 
1731,0044228,imperfectly drained,fluvio-lacustrine,sandy,sedementary - siltstone and mudstone,moderately acidic to neutral,chemical and physical, , , , , , , , , , 
1732,0044229,imperfectly drained,fluvio-lacustrine,sandy,mixed,moderately to very strongly calcareous,chemical and physical,morainal till,fine loamy and fine silty,sedementary - unspecified type,moderately to very strongly calcareous,weak chemical, , , , , 
1733,0044230,imperfectly drained,fluvio-lacustrine,coarse loamy and coarse silty,sedementary - siltstone and mudstone,moderately to very strongly calcareous,chemical and physical,fluvio-lacustrine,sandy, ,moderately to very strongly calcareous,weak chemical, , , , , 
1734,0044231,poorly drained,fluvio-lacustrine,sandy,sedementary - siltstone and mudstone,moderately to very strongly calcareous,chemical and physical,morainal till,fine loamy and fine silty, ,moderately to very strongly calcareous,weak chemical, ,perched,1.4, , 
1735,0044232,imperfectly drained,fluvio-lacustrine,fine loamy and fine silty,sedementary - siltstone and mudstone,moderately to very strongly calcareous,chemical and physical, , , , , , , , , , 
1736,0044233,imperfectly drained,fluvio-lacustrine,fine loamy and fine silty,sedementary - siltstone and mudstone,moderately to very strongly calcareous,chemical and physical,lacustrine,clayey, ,moderately to very strongly calcareous,weak chemical, , , , , 
1737,0044234,poorly drained,lacustrine,sandy,sedementary - siltstone and mudstone, ,unspecified, , , , , , ,apparent,1.3, , 
1738,0044235,poorly drained,lacustrine,sandy,sedementary - siltstone and mudstone, , , , , , , , ,apparent,0.8, , 
1739,0044236,poorly drained,lacustrine,sandy,sedementary - siltstone and mudstone,moderately to very strongly calcareous,unspecified,morainal till,coarse loamy and coarse silty, ,extremely calcareous, , , , , , 
1740,0044237,imperfectly drained,lacustrine, ,sedementary - siltstone and mudstone,moderately to very strongly calcareous, ,lacustrine,sandy, ,moderately to very strongly calcareous, , ,apparent,1.3, , 
1741,0044238,moderately well drained,lacustrine,coarse loamy and coarse silty,sedementary - siltstone and mudstone,moderately to very strongly calcareous, , , , , , , , ,1.6, , 
1742,0044239,imperfectly drained, , ,sedementary - siltstone and mudstone, , ,lacustrine,sandy, ,moderately to very strongly calcareous,unspecified, , ,1.6, , 
1743,0044240,imperfectly drained,lacustrine,coarse loamy and coarse silty,sedementary - siltstone and mudstone,moderately to very strongly calcareous, , , , , , , , ,1.8, , 
1744,0044241,well drained,morainal till,fine loamy and fine silty,mixed,moderately to very strongly calcareous,unspecified, , , , , , , ,4.5, , 
1745,0044242,poorly drained,morainal till,fine loamy and fine silty,sedementary - siltstone and mudstone,moderately to very strongly calcareous,unspecified, , , , , , , , , , 
1746,0044243,imperfectly drained,morainal till,fine loamy and fine silty,mixed,moderately to very strongly calcareous,unspecified, , , , , , , , , , 
1747,0044244,well drained,morainal till,fine loamy and fine silty,mixed,moderately to very strongly calcareous,weak chemical, , , , , , , , , , 
1748,0044245,imperfectly drained,morainal till,fine loamy and fine silty,sedementary - siltstone and mudstone,moderately to very strongly calcareous,weak chemical, , , , , , , , , , 
1749,0044246,rapidly drained,glacio-fluvial,skeletal,sedementary - shale,moderately acidic to neutral,unspecified, , , , , , , , , , 
1750,0044247,well drained,morainal till,fine loamy and fine silty,mixed,moderately to very strongly calcareous,unspecified, , , , , , , , , , 
1751,0044248,poorly drained,fluvio-lacustrine,clayey,mixed,moderately to very strongly calcareous,weak chemical, , , , , , ,apparent,0.4, , 
1752,0044249,very poorly drained,fluvio-lacustrine,fine loamy and fine silty,mixed,moderately to very strongly calcareous,weak chemical, , , , , , ,apparent,0.5, , 
1753,0044250,poorly drained,fluvio-lacustrine,fine loamy and fine silty,mixed,moderately to very strongly calcareous,weak chemical, , , , , , ,apparent,0.9, , 
1754,0044251,moderately well drained,morainal till,fine loamy and fine silty,mixed,extremely calcareous,unspecified, , , , , , , , , , 
1755,0044252,poorly drained,fluvio-lacustrine,sandy,sedementary - siltstone and mudstone,weakly calcareous,chemical and physical, , , , , , , , , , 
1756,0044253,poorly drained,fluvio-lacustrine,sandy,sedementary - unspecified type,calcareous and saline,chemical and physical, , , , , , , , , , 
1757,0044254,poorly drained,fluvio-lacustrine,coarse loamy and coarse silty,sedementary - siltstone and mudstone,weakly calcareous,chemical and physical, , , , , , , , , , 
1758,0044255,poorly drained,lacustrine,fine loamy and fine silty,sedementary - siltstone and mudstone,calcareous and saline,chemical and physical, , , , , , ,apparent,1.2, , 
1759,0044256,imperfectly drained,fluvio-lacustrine,coarse loamy and coarse silty,sedementary - siltstone and mudstone,moderately to very strongly calcareous,chemical and physical,morainal till,clayey,sedementary - unspecified type,moderately to very strongly calcareous,weak chemical, , , , , 
1760,0044257,imperfectly drained,fluvio-lacustrine,sandy,mixed,moderately to very strongly calcareous,unspecified,morainal till,fine loamy and fine silty,mixed,extremely calcareous,unspecified, , , , , 
1761,0044258,imperfectly drained,glaciolacustrine,sandy,mixed,moderately acidic to neutral,weak chemical, , , , , , ,apparent,0.9, , 
1762,0044259,well drained,glaciolacustrine, ,mixed,moderately acidic to neutral,weak chemical, , , , , , , , , , 
1763,0044260,rapidly drained,glaciolacustrine,sandy,mixed, ,weak chemical, , , , , , , , , , 
1764,0044261,rapidly drained,glaciolacustrine,skeletal,mixed,moderately to very strongly calcareous,weak chemical, , , , , , , , , , 
1765,0044262,very poorly drained,lacustrine,fine loamy and fine silty,mixed,extremely calcareous,weak chemical,lacustrine,sandy,mixed,extremely calcareous,weak chemical, , , , , 
1766,0044264,imperfectly drained,lacustrine,sandy,mixed,moderately to very strongly calcareous,weak chemical,lacustrine,coarse loamy and coarse silty,mixed,moderately to very strongly calcareous,weak chemical, ,apparent,1.2, , 
1767,0044265,imperfectly drained,lacustrine,sandy,mixed,moderately to very strongly calcareous,weak chemical, ,coarse loamy and coarse silty,mixed,extremely calcareous,weak chemical, ,apparent,0.9, , 
1768,0044266,imperfectly drained,lacustrine,clayey,sedementary - siltstone and mudstone,moderately to very strongly calcareous,weak chemical, , , , , , , , , , 
1769,0044267,rapidly drained,glaciomarine,fragmental,mixed,moderately to very strongly calcareous,weak chemical, , , , , , ,apparent,2.5, , 
1770,0044268,poorly drained,lacustrine,sandy,mixed,moderately to very strongly calcareous,weak chemical, , , , , , ,apparent,0.6, , 
1771,0044269,moderately well drained,fluvial,sandy,mixed,weakly calcareous, , , , , , , , , , , 
1772,0044270,well drained,lacustrine,sandy,mixed,moderately acidic to neutral,weak chemical, , , , , , , , , , 
1773,0044271,well drained,lacustrine,sandy,mixed,moderately to very strongly calcareous,weak chemical, , , , , , , , , , 
1774,0044272,imperfectly drained,lacustrine,sandy,sedementary - siltstone and mudstone,moderately to very strongly calcareous, , , , , , , ,apparent,1.6, , 
1775,0044273,well drained,fluvial,fine loamy and fine silty,sedementary - shale,moderately acidic to neutral,unspecified,fluvial,skeletal,mixed,moderately to very strongly calcareous, , , , , , 
1776,0044274,well drained,glacio-fluvial, ,sedementary - siltstone and mudstone,moderately to very strongly calcareous,unspecified, , , , , , , , , , 
1777,0044275,well drained,morainal till,fine loamy and fine silty,mixed,moderately to very strongly calcareous,unspecified, , , , , , , , , , 
1778,0044276,well drained,lacustrine,sandy,sedementary - siltstone and mudstone, ,unspecified, , , , , , , , , , 
1779,0044277,well drained,lacustrine,sandy,sedementary - siltstone and mudstone,moderately acidic to neutral,unspecified,lacustrine,fine loamy and fine silty, ,moderately to very strongly calcareous,unspecified, , , , , 
1780,0044278,well drained,lacustrine,sandy,sedementary - siltstone and mudstone, ,unspecified, , , , , , , , , , 
1781,0044279,well drained,lacustrine, ,sedementary - siltstone and mudstone, ,unspecified, , , , , , , , , , 
1782,0044280,imperfectly drained,lacustrine,sandy,mixed,moderately to very strongly calcareous,weak chemical, , , , , , ,apparent,1.5, , 
1783,0044281,well drained,lacustrine,coarse loamy and coarse silty,mixed,moderately to very strongly calcareous,weak chemical, , , , , , , , , , 
1784,0044282,imperfectly drained,lacustrine,coarse loamy and coarse silty,mixed,moderately to very strongly calcareous,weak chemical, , , , , , ,apparent,1.6, , 
1785,0044283,rapidly drained,lacustrine,coarse loamy and coarse silty,sedementary - siltstone and mudstone,moderately to very strongly calcareous,weak chemical,fluvial,skeletal, ,moderately to very strongly calcareous,weak chemical, ,apparent,3, , 
1786,0044284,well drained,lacustrine,fine loamy and fine silty,mixed,moderately to very strongly calcareous,weak chemical, , , , , , ,apparent, , , 
1787,0044285,imperfectly drained,morainal till,fine loamy and fine silty,mixed,moderately to very strongly calcareous,weak chemical, , , , , , , , , , 
1788,0044286,imperfectly drained,lacustrine,coarse loamy and coarse silty,mixed,moderately to very strongly calcareous,weak chemical,lacustro-till,fine loamy and fine silty,mixed,moderately to very strongly calcareous,weak chemical, ,perched, , , 
1789,0044287,imperfectly drained,lacustrine,fine loamy and fine silty,mixed,moderately to very strongly calcareous,weak chemical, , , , , , ,apparent,2, , 
1790,0044288,moderately well drained,lacustrine,clayey,sedementary - siltstone and mudstone,moderately to very strongly calcareous,weak chemical, , , , , , , , , , 
1791,0044289,imperfectly drained,lacustrine,sandy,sedementary - siltstone and mudstone,moderately to very strongly calcareous,unspecified,lacustrine,fine loamy and fine silty, ,moderately to very strongly calcareous,unspecified, , , , , 
1792,0044290,imperfectly drained,lacustrine,fine loamy and fine silty,sedementary - siltstone and mudstone, ,weak chemical,lacustrine,clayey, ,moderately to very strongly calcareous,weak chemical, , , , , 
1793,0044291,imperfectly drained,lacustrine,sandy,sedementary - siltstone and mudstone, ,weak chemical,lacustrine,fine loamy and fine silty, ,moderately to very strongly calcareous,unspecified, , , , , 
1794,0044292,moderately well drained,lacustrine,fine loamy and fine silty,sedementary - siltstone and mudstone,moderately to very strongly calcareous,weak chemical, , , , , , , , , , 
1795,0044293,imperfectly drained,lacustrine,fine loamy and fine silty,sedementary - siltstone and mudstone,moderately to very strongly calcareous, , , , , , , , , , , 
1796,0044294,well drained,lacustrine,coarse loamy and coarse silty,sedementary - siltstone and mudstone,moderately to very strongly calcareous,unspecified, , , , , , , , , , 
1797,0044295,imperfectly drained,fluvial,fine loamy and fine silty,sedementary - siltstone and mudstone,moderately to very strongly calcareous,unspecified,lacustrine,clayey, ,moderately to very strongly calcareous,unspecified, , , , , 
1798,0044296,imperfectly drained,fluvio-lacustrine,clayey,sedementary - siltstone and mudstone,moderately to very strongly calcareous,unspecified, , , , , , , , , , 
1799,0044297,imperfectly drained,lacustro-till,clayey,sedementary - siltstone and mudstone,weakly calcareous,unspecified,residual,clayey,sedementary - shale,moderately to very strongly calcareous,unspecified, , , , , 
1800,0044298,moderately well drained,lacustrine,fine loamy and fine silty,sedementary - siltstone and mudstone, ,moderate chemical,morainal till,skeletal,mixed,weakly calcareous, , , , , , 
1801,0044299,poorly drained,lacustrine,sandy,sedementary - siltstone and mudstone,moderately to very strongly calcareous,unspecified,lacustrine,clayey, ,moderately to very strongly calcareous,unspecified, , , , , 
1802,0044300,well drained,fluvial,fine loamy and fine silty,mixed,weakly calcareous,unspecified, , , , , , , ,3, , 
1803,0044301,moderately well drained,lacustrine,coarse loamy and coarse silty,sedementary - siltstone and mudstone,weakly calcareous,weak chemical,lacustrine,clayey, ,moderately to very strongly calcareous,unspecified, , , , , 
1804,0044302,imperfectly drained,lacustrine,fine loamy and fine silty,sedementary - siltstone and mudstone,moderately to very strongly calcareous,weak chemical,morainal till,skeletal, ,moderately to very strongly calcareous,unspecified, , , , , 
1805,0044303,imperfectly drained,morainal till,fine loamy and fine silty,sedementary - siltstone and mudstone,moderately to very strongly calcareous,unspecified, , , , , , , , , , 
1806,0044304,imperfectly drained,lacustrine,clayey,sedementary - siltstone and mudstone,moderately to very strongly calcareous,unspecified,morainal till,fine loamy and fine silty, ,moderately to very strongly calcareous,unspecified, , , , , 
1807,0044305,well drained,morainal till,fine loamy and fine silty,sedementary - siltstone and mudstone,moderately to very strongly calcareous,weak chemical, , , , , , , , , , 
1808,0044306,imperfectly drained,lacustrine,clayey,sedementary - siltstone and mudstone,moderately to very strongly calcareous,unspecified,morainal till,fine loamy and fine silty,mixed,moderately to very strongly calcareous,unspecified, , , , , 
1809,0044307,moderately well drained,lacustrine,clayey,sedementary - siltstone and mudstone,moderately to very strongly calcareous,weak chemical, , , , , , , , , , 
1810,0044308,moderately well drained,lacustrine,fine loamy and fine silty,sedementary - siltstone and mudstone,moderately to very strongly calcareous,weak chemical,lacustrine,clayey, ,moderately to very strongly calcareous,unspecified, , , , , 
1811,0044309,imperfectly drained,lacustrine,coarse loamy and coarse silty,sedementary - siltstone and mudstone,moderately to very strongly calcareous,unspecified,lacustrine,clayey, ,moderately to very strongly calcareous,unspecified, , , , , 
1812,0044310,imperfectly drained,lacustrine,clayey,sedementary - siltstone and mudstone,moderately to very strongly calcareous,unspecified, , , , , , , , , , 
1813,0044311,moderately well drained,lacustrine,coarse loamy and coarse silty,sedementary - siltstone and mudstone,moderately to very strongly calcareous,weak chemical, , , , , , , ,1.5, , 
1814,0044312,rapidly drained,lacustrine,sandy,sedementary - siltstone and mudstone,weakly calcareous,weak chemical, , , , , , , , , , 
1815,0044313,imperfectly drained,morainal till,fine loamy and fine silty,sedementary - siltstone and mudstone,moderately to very strongly calcareous,weak chemical, , , , , , , , , , 
1816,0044314,moderately well drained,morainal till,fine loamy and fine silty,sedementary - siltstone and mudstone,moderately to very strongly calcareous,weak chemical, , , , , , , , , , 
1817,0044315,imperfectly drained,morainal till,fine loamy and fine silty,sedementary - shale,moderately to very strongly calcareous,weak chemical,residual,fragmental,sedementary - shale,weakly calcareous,unspecified, , , , , 
1818,0044316,well drained,morainal till,fine loamy and fine silty,sedementary - shale,weakly calcareous,weak chemical, , , , , , , , , , 
1819,0044317,imperfectly drained,morainal till,fine loamy and fine silty,sedementary - siltstone and mudstone,moderately to very strongly calcareous,weak chemical, , , , , , , , , , 
1820,0044318,moderately well drained,lacustrine,fine loamy and fine silty,sedementary - siltstone and mudstone,weakly calcareous,weak chemical,morainal till,fine loamy and fine silty,mixed,moderately to very strongly calcareous,unspecified, , , , , 
1821,0044319,imperfectly drained,lacustrine,clayey,sedementary - siltstone and mudstone,moderately to very strongly calcareous,unspecified, , , , , , , , , , 
1822,0044320,moderately well drained,morainal till,fine loamy and fine silty,sedementary - siltstone and mudstone,moderately to very strongly calcareous,unspecified,residual,clayey,sedementary - shale,moderately acidic to neutral,weak chemical, , , , , 
1823,0044321,imperfectly drained,lacustrine,clayey,sedementary - siltstone and mudstone,calcareous and saline,weak chemical,lacustrine,sandy, ,moderately to very strongly calcareous, , , , , , 
1824,0044322,imperfectly drained,morainal till,fine loamy and fine silty,mixed,moderately to very strongly calcareous,weak chemical, , , , , , , , , , 
1825,0044323,rapidly drained,residual,clayey,sedementary - shale,weakly calcareous,unspecified, , , , , , , , , , 
1826,0044324,imperfectly drained,lacustrine,sandy,mixed,moderately to very strongly calcareous,weak chemical, , , , , , , ,1.3, , 
1827,0044325,imperfectly drained,lacustrine,sandy,sedementary - siltstone and mudstone,moderately to very strongly calcareous,unspecified, , , , , , ,apparent,1.6, , 
1828,0044326,poorly drained,fluvial, ,sedementary - siltstone and mudstone,moderately to very strongly calcareous,unspecified, , , , , , , , , , 
1829,0044327,imperfectly drained,lacustrine,sandy,sedementary - siltstone and mudstone,moderately acidic to neutral,weak chemical, , , , , , , ,1.7, , 
1830,0044328,poorly drained,lacustrine,sandy,sedementary - siltstone and mudstone,weakly calcareous, , , , , , , , ,1.5, , 
1831,0044330, ,lacustrine, ,sedementary - siltstone and mudstone,moderately to very strongly calcareous, ,lacustrine,sandy, ,moderately to very strongly calcareous, , , , , , 
1832,0044331,poorly drained,lacustrine,sandy,sedementary - siltstone and mudstone,moderately to very strongly calcareous, , , , , , , ,apparent, , , 
1833,0044332,imperfectly drained,lacustrine,fine loamy and fine silty,sedementary - siltstone and mudstone,moderately to very strongly calcareous,unspecified,morainal till,fine loamy and fine silty, ,moderately to very strongly calcareous,unspecified, , , , , 
1834,0044333,poorly drained,fluvio-lacustrine,stratified - mineral and organic,sedementary - siltstone and mudstone,moderately to very strongly calcareous,weak chemical, , , , , ,terrestrial,apparent,1, , 
1835,0044335,well drained,morainal till,fine loamy and fine silty,sedementary - siltstone and mudstone,moderately to very strongly calcareous,moderate chemical, , , , , , , , , , 
1836,0044336,rapidly drained,lacustrine,sandy,sedementary - siltstone and mudstone,weakly calcareous,chemical and physical, , , , , , , , , , 
1837,0044337,well drained,lacustrine,fine loamy and fine silty,sedementary - siltstone and mudstone,weakly calcareous,chemical and physical, , , , , , , , , , 
1838,0044338,well drained,lacustrine, ,sedementary - siltstone and mudstone,moderately to very strongly calcareous,chemical and physical, , , , , , , , , , 
1839,0044339,moderately well drained,lacustrine,fine loamy and fine silty,sedementary - siltstone and mudstone,moderately to very strongly calcareous,chemical and physical, , , , , , , , , , 
1840,0044340,well drained,morainal till,fine loamy and fine silty,mixed,moderately to very strongly calcareous, , , , , , , , , , , 
1841,0044341,well drained,lacustrine,fine loamy and fine silty,mixed,moderately to very strongly calcareous,weak chemical,morainal till,fine loamy and fine silty,mixed,moderately to very strongly calcareous, , , , , , 
1842,0044342,imperfectly drained,morainal till,fine loamy and fine silty,mixed,moderately to very strongly calcareous, ,glacio-fluvial,stratified - mineral,mixed,moderately to very strongly calcareous, , , , , , 
1843,0044343,imperfectly drained,lacustrine,sandy,mixed,weakly calcareous,unspecified, , , , , , ,apparent,1.9, , 
1844,0044344,imperfectly drained,lacustrine,sandy,mixed,weakly calcareous,unspecified, , , , , , , , , , 
1845,0044345,imperfectly drained,lacustrine,sandy,mixed,moderately to very strongly calcareous,unspecified, , , , , , ,apparent,1.4, , 
1846,0044346, ,lacustrine,coarse loamy and coarse silty,mixed,moderately to very strongly calcareous,weak chemical, , , , , , ,apparent,1.8, , 
1847,0044347,imperfectly drained,morainal till,fine loamy and fine silty,sedementary - siltstone and mudstone,extremely calcareous, , , , , , , , ,1.5, , 
1848,0044348,imperfectly drained,lacustrine,coarse loamy and coarse silty,sedementary - siltstone and mudstone,moderately to very strongly calcareous,unspecified, , , , , , , , , , 
1849,0044349,moderately well drained,morainal till,fine loamy and fine silty,sedementary - siltstone and mudstone,extremely calcareous,unspecified, , , , , , , , , , 
1850,0044350,imperfectly drained,glacio-fluvial,skeletal,sedementary - siltstone and mudstone,extremely calcareous,unspecified,morainal till,fine loamy and fine silty, ,extremely calcareous,unspecified, , , , , 
1851,0044351,moderately well drained,glaciolacustrine, ,sedementary - siltstone and mudstone,moderately to very strongly calcareous,unspecified,morainal till,coarse loamy and coarse silty, ,extremely calcareous,unspecified, , , , , 
1852,0044352,imperfectly drained,lacustrine,coarse loamy and coarse silty,sedementary - siltstone and mudstone,moderately to very strongly calcareous,unspecified, , , , , , , , , , 
1853,0044353,imperfectly drained,lacustrine,coarse loamy and coarse silty,sedementary - siltstone and mudstone,moderately to very strongly calcareous,weak chemical, , , , , , , , , , 
1854,0044354,moderately well drained,morainal till,clayey,sedementary - siltstone and mudstone,moderately to very strongly calcareous,unspecified, , , , , , , , , , 
1855,0044355,moderately well drained,residual,clayey,sedementary - siltstone and mudstone,undifferentiated, , , , , , , , , , , 
1856,0044356,well drained,morainal till,fine loamy and fine silty,mixed,moderately to very strongly calcareous,chemical and physical, , , , , , , , , , 
1857,0044357,poorly drained,morainal till,fine loamy and fine silty,mixed,moderately to very strongly calcareous,chemical and physical, , , , , , , , , , 
1858,0044358,imperfectly drained,lacustrine,fine loamy and fine silty,sedementary - siltstone and mudstone,moderately to very strongly calcareous,chemical and physical, , , , , , , , , , 
1859,0044359,well drained,lacustrine,fine loamy and fine silty,sedementary - siltstone and mudstone,moderately to very strongly calcareous,chemical and physical, , , , , , , , , , 
1860,0044360,well drained,morainal till,fine loamy and fine silty,mixed,moderately to very strongly calcareous,chemical and physical,morainal till,fine loamy and fine silty,sedementary - shale,moderately to very strongly calcareous,chemical and physical, , , , , 
1861,0044361,well drained,morainal till,clayey,sedementary - shale,moderately acidic to neutral,chemical and physical, , , , , , , , , , 
1862,0044362,well drained,morainal till,fine loamy and fine silty,mixed,moderately to very strongly calcareous,chemical and physical, , , , , , , , , , 
1863,0044363,well drained,morainal till,fine loamy and fine silty,mixed,moderately to very strongly calcareous,chemical and physical, , , , , , , , , , 
1864,0044364,well drained,morainal till,fine loamy and fine silty,sedementary - limestone,extremely calcareous,chemical and physical, , , , , , , , , , 
1865,0044365,poorly drained,organic, ,organic material - fen peat,weakly calcareous,chemical and physical,fluvio-lacustrine,fine loamy and fine silty, ,moderately to very strongly calcareous,chemical and physical, , , , , 
1866,0044366,imperfectly drained,morainal till,fine loamy and fine silty,sedementary - siltstone and mudstone,moderately to very strongly calcareous,chemical and physical, , , , , , , , , , 
1867,0044367,well drained,glacio-fluvial,fine loamy and fine silty,mixed,moderately acidic to neutral,chemical and physical,glacio-fluvial,skeletal,mixed,moderately to very strongly calcareous,moderate chemical, , , , , 
1868,0044368,well drained,fluvio-lacustrine,fine loamy and fine silty,sedementary - siltstone and mudstone,weakly calcareous,chemical and physical,fluvio-lacustrine,sandy, ,moderately to very strongly calcareous,chemical and physical, , , , , 
1869,0044369,well drained,glaciolacustrine,fine loamy and fine silty,sedementary - siltstone and mudstone,moderately to very strongly calcareous,chemical and physical,morainal till,fine loamy and fine silty, ,moderately to very strongly calcareous,chemical and physical, , , , , 
1870,0044370,well drained,morainal till,fine loamy and fine silty,sedementary - shale,moderately acidic to neutral,chemical and physical,morainal till,coarse loamy and coarse silty,sedementary - shale,weakly calcareous,chemical and physical, , , , , 
1871,0044371,well drained,morainal till,fine loamy and fine silty,sedementary - shale,moderately acidic to neutral,chemical and physical, , , , , , , , , , 
1872,0044372,imperfectly drained,glaciolacustrine,fine loamy and fine silty,undifferentiated,moderately to very strongly calcareous,chemical and physical,morainal till,fine loamy and fine silty,mixed,moderately to very strongly calcareous,chemical and physical, , , , , 
1873,0044373,well drained,lacustrine,fine loamy and fine silty,mixed,moderately acidic to neutral,chemical and physical,morainal till,fine loamy and fine silty,mixed,moderately to very strongly calcareous,chemical and physical, , , , , 
1874,0044374,well drained,lacustrine,fine loamy and fine silty,mixed,moderately acidic to neutral,chemical and physical,morainal till,coarse loamy and coarse silty,mixed,moderately to very strongly calcareous,moderate chemical, , , , , 
1875,0044375,well drained,glaciolacustrine,fine loamy and fine silty,mixed,moderately acidic to neutral,chemical and physical,morainal till,fine loamy and fine silty,mixed,moderately to very strongly calcareous,chemical and physical, , , , , 
1876,0044376,well drained,glaciolacustrine,fine loamy and fine silty,sedementary - siltstone and mudstone,moderately to very strongly calcareous,chemical and physical, , , , , , , , , , 
1877,0044377,well drained,glacio-fluvial,stratified - mineral,mixed,moderately to very strongly calcareous,chemical and physical, , , , , , , , , , 
1878,0044378,well drained,lacustrine,coarse loamy and coarse silty,sedementary - siltstone and mudstone,moderately to very strongly calcareous,chemical and physical, , , , , , , , , , 
1879,0044379,poorly drained,lacustrine,clayey,sedementary - siltstone and mudstone,moderately to very strongly calcareous,chemical and physical,lacustrine,coarse loamy and coarse silty, ,moderately to very strongly calcareous,chemical and physical, , , , , 
1880,0044380,imperfectly drained,lacustrine,fine loamy and fine silty,undifferentiated,moderately acidic to neutral, , , , , , ,terrestrial, , , , 
1881,0044381,well drained,morainal till,sandy,igneous - unspecified type,extremely to strongly acidic,chemical and physical, , , , , , , , , , 
1882,0044382,moderately well drained,glacio-fluvial,sandy,sedementary - siltstone and mudstone,extremely to strongly acidic,weak chemical, , , , , ,terrestrial, , , , 
1883,0044383,moderately well drained,morainal till,coarse loamy and coarse silty,igneous - unspecified type,extremely to strongly acidic, , , , , , , ,apparent,0.5, , 
1884,0044384,moderately well drained,morainal till,coarse loamy and coarse silty,igneous - coarse acidic,extremely to strongly acidic,weak chemical, , , , , , ,apparent,0.8, , 
1885,0044385,well drained,morainal till,sandy,igneous - unspecified type,extremely to strongly acidic,chemical and physical, , , , , ,terrestrial, , , , 
1886,0044386,imperfectly drained,glaciolacustrine,clayey,mixed,moderately to very strongly calcareous,weak chemical,morainal till,fine loamy and fine silty,mixed,moderately to very strongly calcareous,unspecified,terrestrial,perched,0.6, , 
1887,0044387,well drained,lacustrine,fine loamy and fine silty,sedementary - siltstone and mudstone,weakly calcareous,weak chemical,lacustro-till,fine loamy and fine silty,mixed,moderately to very strongly calcareous,weak chemical, , , , , 
1888,0044388,imperfectly drained,fluvial,clayey,mixed,moderately to very strongly calcareous,weak chemical, , , , , , , , , , 
1889,0044389,well drained,lacustrine,clayey,mixed,weakly calcareous,weak chemical, , , , , , , , , , 
1890,0044390,imperfectly drained,lacustrine,fine loamy and fine silty,sedementary - siltstone and mudstone,moderately to very strongly calcareous,weak chemical, , , , , , , , , , 
1891,0044391,imperfectly drained,lacustrine,fine loamy and fine silty,mixed,weakly calcareous,unspecified,morainal till,fine loamy and fine silty,mixed,moderately to very strongly calcareous,unspecified, , , , , 
1892,0044392,imperfectly drained,lacustrine,fine loamy and fine silty,mixed,moderately to very strongly calcareous,unspecified,morainal till,fine loamy and fine silty, ,moderately to very strongly calcareous,unspecified, , , , , 
1893,0044393,imperfectly drained,lacustrine,clayey,sedementary - siltstone and mudstone,moderately to very strongly calcareous,weak chemical, , , , , , , , , , 
1894,0044394,imperfectly drained,lacustrine,fine loamy and fine silty,sedementary - siltstone and mudstone,moderately to very strongly calcareous,chemical and physical, , , , , , , , , , 
1895,0044395,imperfectly drained,lacustrine,coarse loamy and coarse silty,sedementary - siltstone and mudstone,moderately to very strongly calcareous,chemical and physical, , , , , , , , , , 
1896,0044396,well drained,morainal till,fine loamy and fine silty,mixed,moderately to very strongly calcareous,weak chemical, , , , , , , , , , 
1897,0054401,well drained,fluvio-marine, ,undifferentiated, , , , , , , , , , , , 
1898,0054402,poorly drained,fluvio-marine, ,undifferentiated, , , , , , , , , , , , 
1899,0054403,poorly drained,morainal till, ,undifferentiated, , , , , , , , , , , , 
1900,0054404,well drained,morainal till, ,undifferentiated, , , , , , , , , , , , 
1901,0054405,well drained,morainal till, ,undifferentiated, , , , , , , , , , , , 
1902,0054406,well drained,morainal till, ,undifferentiated, , , , , , , , , , , , 
1903,0054409,poorly drained,lacustrine, ,undifferentiated, , , , , , , , , , , , 
1904,0054410,moderately well drained,lacustrine, ,undifferentiated, , , , , , , , , , , , 
1905,0054411,moderately well drained,morainal till, ,undifferentiated, , ,organic, , , , , , , , , 
1906,0054412,well drained,morainal till, ,undifferentiated, , , , , , , , , , , , 
1907,0054413,poorly drained,fluvial, ,sedementary - siltstone and mudstone, , ,lacustrine, , , , , , , , , 
1908,0054414,poorly drained,fluvio-marine, ,undifferentiated, , , , , , , , , , , , 
1909,0054415,well drained,fluvio-marine, ,undifferentiated, , , , , , , , , , , , 
1910,0054416,well drained,fluvial, ,undifferentiated, , , , , , , , , , , , 
1911,0054417,imperfectly drained,morainal till, ,undifferentiated, , , , , , , , , , , , 
1912,0054418,poorly drained,morainal till, ,undifferentiated, , , , , , , , , , , , 
1913,0054419,poorly drained,morainal till, ,undifferentiated, , , , , , , , , , , , 
1914,0054420,moderately well drained,morainal till, ,undifferentiated, , , , , , , , , , , , 
1915,0054421,well drained,lacustrine, ,sedementary - siltstone and mudstone, , ,morainal till, ,undifferentiated, , , , , , , 
1916,0054423,well drained,lacustrine, ,undifferentiated, , , , , , , , , , , , 
1917,0054424,well drained,morainal till, ,undifferentiated, , , , , , , , , , , , 
1918,0054425,poorly drained,morainal till, ,undifferentiated, , , , , , , , , , , , 
1919,0054426,well drained,morainal till, ,igneous - coarse acidic, , , , , , , , , , , , 
1920,0054427,poorly drained,lacustrine, ,undifferentiated, , , , , , , , , , , , 
1921,0054428,poorly drained,lacustrine, ,undifferentiated, , , , , , , , , , , , 
1922,0054429,imperfectly drained,lacustrine, ,undifferentiated, , , , , , , , , , , , 
1923,0054430,well drained,fluvio-marine, ,undifferentiated, , , , , , , , , , , , 
1924,0054431,well drained,morainal till, ,undifferentiated, , , , , , , , , , , , 
1925,0054432,poorly drained,fluvial, ,sedementary - siltstone and mudstone, , ,fluvio-marine, ,undifferentiated, ,unspecified, , , , , 
1926,0054433,well drained,morainal till, ,undifferentiated, , , , , , , , , , , , 
1927,0054434,imperfectly drained,morainal till, ,undifferentiated, , , , , , , , , , , , 
1928,0054435,poorly drained,morainal till, ,undifferentiated, , , , , , , , , , , , 
1929,0054436,poorly drained,lacustrine, ,undifferentiated, , , , , , , , , , , , 
1930,0054437,rapidly drained, , ,sedementary - siltstone and mudstone, , , , , , , , , , , , 
1931,0054440, , , ,sedementary - siltstone and mudstone, , , , , , , , , , , , 
1932,0054441, , , ,sedementary - siltstone and mudstone, , , , , , , , , , , , 
1933,0054443,imperfectly drained,morainal till, ,undifferentiated, , , , , , , , , , , , 
1934,0054444,poorly drained,morainal till, ,undifferentiated, , , , , , , , , , , , 
1935,0054445,well drained,morainal till, ,sedementary - shale, , , , , , , , , , , , 
1936,0054446,moderately well drained,morainal till, ,undifferentiated, , , , , , , , , , , , 
1937,0054447,poorly drained,morainal till, ,undifferentiated, , , , , , , , , , , , 
1938,0054449,poorly drained,fluvial, ,sedementary - siltstone and mudstone, , ,morainal till, ,undifferentiated, ,unspecified, , , , , 
1939,0054450,imperfectly drained,fluvial, ,sedementary - siltstone and mudstone, , ,morainal till, ,undifferentiated, ,unspecified, ,perched, , , 
1940,0054451,well drained,fluvial, ,sedementary - siltstone and mudstone, , ,morainal till, ,undifferentiated, ,unspecified, , , , , 
1941,0054452,well drained,fluvial, ,sedementary - siltstone and mudstone, , ,fluvio-marine, , , ,unspecified, , , , , 
1942,0054453,very poorly drained,morainal till, ,undifferentiated, , ,morainal till, ,undifferentiated, , , , , , , 
1943,0054454,imperfectly drained,fluvial, ,sedementary - siltstone and mudstone, , , , , , , , , , , , 
1944,0054455,well drained,morainal till, ,undifferentiated, , , , , , , , , , , , 
1945,0054456,imperfectly drained,lacustrine, ,undifferentiated, , , , , , , , , , , , 
1946,0054457,well drained,lacustrine, ,undifferentiated, , , , , , , , , , , , 
1947,0054458,imperfectly drained,morainal till, ,undifferentiated, , , , , , , , , , , , 
1948,0054459,well drained,fluvio-marine, ,undifferentiated, , , , , , , , , , , , 
1949,0054460,poorly drained,morainal till, ,undifferentiated, , , , , , , , , , , , 
1950,0054461,imperfectly drained,morainal till, ,undifferentiated, , , , , , , , , , , , 
1951,0054462,poorly drained,lacustrine, ,sedementary - siltstone and mudstone, , ,morainal till, , , ,unspecified, ,perched, , , 
1952,0054463,very poorly drained,morainal till, ,undifferentiated, , ,morainal till, ,undifferentiated, , , , , , , 
1953,0054464,well drained,fluvio-marine, ,sedementary - siltstone and mudstone, , , , , , , , , , , , 
1954,0054465,moderately well drained,fluvial, ,sedementary - siltstone and mudstone, , ,morainal till, ,undifferentiated, ,unspecified, , , , , 
1955,0054466,well drained,fluvial, ,sedementary - siltstone and mudstone, , ,morainal till, ,undifferentiated, ,unspecified, , , , , 
1956,0054467,well drained,lacustrine, ,undifferentiated, , ,morainal till, ,undifferentiated, , , , , , , 
1957,0054468,imperfectly drained,fluvial, ,undifferentiated, , ,morainal till, ,undifferentiated, , , ,perched, , , 
1958,0054469,well drained,fluvial, ,sedementary - siltstone and mudstone, , ,morainal till, ,undifferentiated, , , , , , , 
1959,0054470,imperfectly drained,fluvio-marine, ,sedementary - siltstone and mudstone, , ,lacustrine, , , , , ,perched, , , 
1960,0054471,well drained,lacustrine, ,sedementary - siltstone and mudstone, , , , ,undifferentiated, , , , , , , 
1961,0054472,well drained,fluvial, ,sedementary - siltstone and mudstone, , ,fluvio-marine, ,undifferentiated, , , , , , , 
1962,0054473,well drained,fluvial, ,sedementary - siltstone and mudstone, , ,fluvio-marine, ,undifferentiated, , , , , , , 
1963,0054474,imperfectly drained,fluvial, ,sedementary - siltstone and mudstone, , ,morainal till, ,sedementary - sandstone, ,unspecified, ,perched, , , 
1964,0054475,well drained,fluvio-marine, ,sedementary - siltstone and mudstone, , ,morainal till, ,undifferentiated, , , , , , , 
1965,0054476,poorly drained,fluvio-marine, ,sedementary - siltstone and mudstone, , , , , , , , , , , , 
1966,0054477,well drained,fluvio-marine, ,sedementary - siltstone and mudstone, , , , , , , , , , , , 
1967,0054478,imperfectly drained,fluvial, ,sedementary - siltstone and mudstone, ,unspecified,fluvial, , , ,unspecified, , , , , 
1968,0054479,poorly drained,fluvial, ,sedementary - siltstone and mudstone, , ,morainal till, ,undifferentiated, ,unspecified, , , , , 
1969,0054480,imperfectly drained,fluvial, ,sedementary - siltstone and mudstone, , ,morainal till, ,undifferentiated, ,unspecified, ,perched, , , 
1970,0054481,poorly drained,lacustrine, ,sedementary - siltstone and mudstone, , , , , , , , , , , , 
1971,0054482,imperfectly drained,lacustrine, ,sedementary - siltstone and mudstone, , , , , , , , ,perched, , , 
1972,0054483,poorly drained,fluvial, ,sedementary - siltstone and mudstone, , ,morainal till, ,undifferentiated, ,unspecified, , , , , 
1973,0054484,imperfectly drained,morainal till, ,undifferentiated, , , , , , , , ,perched, , , 
1974,0054485,moderately well drained,fluvial, ,sedementary - siltstone and mudstone, , ,morainal till, ,undifferentiated, ,unspecified, , , , , 
1975,0054486,well drained,fluvial, ,sedementary - siltstone and mudstone, , ,morainal till, ,undifferentiated, ,unspecified, ,perched, , , 
1976,0054487, ,morainal till, ,sedementary - siltstone and mudstone, , , , , , , , , , , , 
1977,0054488, ,morainal till, ,sedementary - siltstone and mudstone, , , , , , , , , , , , 
1978,0054489, ,fluvio-marine, ,undifferentiated, , ,fluvio-marine, ,undifferentiated, , , , , , , 
1979,0054490,well drained,fluvial, ,sedementary - siltstone and mudstone, , ,fluvial, ,undifferentiated, , , , , , , 
1980,0054491,imperfectly drained,fluvial, ,sedementary - siltstone and mudstone, , ,fluvio-marine, ,undifferentiated, , , ,perched, , , 
1981,0054492,poorly drained,fluvial, ,sedementary - siltstone and mudstone, , , , ,sedementary - dolomite, , , , , , , 
1982,0054493,imperfectly drained,fluvial, ,sedementary - siltstone and mudstone, , ,fluvio-marine, , , , , ,perched, , , 
1983,0054494,imperfectly drained,fluvial, ,sedementary - siltstone and mudstone, , ,fluvio-marine, , , ,unspecified, , , , , 
1984,0054495,poorly drained,fluvial, ,sedementary - siltstone and mudstone, , , , , , , , , , , , 
1985,0054497,imperfectly drained,fluvial, ,sedementary - siltstone and mudstone, , ,morainal till, ,undifferentiated, ,unspecified, ,perched, , , 
1986,0054498,well drained,fluvial, ,undifferentiated, , ,fluvial, ,undifferentiated, , , , , , , 
1987,0054499,well drained,fluvial, ,sedementary - siltstone and mudstone, , ,morainal till, ,undifferentiated, , , , , , , 
1988,0054500,poorly drained,fluvial, ,sedementary - siltstone and mudstone, , ,fluvial, , , ,unspecified, , , , , 
1989,0054502,imperfectly drained,lacustrine, ,sedementary - siltstone and mudstone, , , , , , , , ,perched, , , 
1990,0054503,poorly drained,fluvial, ,sedementary - siltstone and mudstone, , ,fluvial, ,undifferentiated, ,unspecified, , , , , 
1991,0054504,well drained, , ,undifferentiated, , , , , , , , , , , , 
1992,0054505,imperfectly drained,fluvial, ,sedementary - siltstone and mudstone, , ,morainal till, ,undifferentiated, , , ,perched, , , 
1993,0054506,imperfectly drained,fluvial, ,sedementary - siltstone and mudstone, , ,morainal till, ,undifferentiated, ,unspecified, ,perched, , , 
1994,0054507, ,fluvial, ,sedementary - siltstone and mudstone, ,unspecified,fluvial, , , ,unspecified, , , , , 
1995,0054508,well drained,lacustrine, ,sedementary - siltstone and mudstone, , , , , , , , , , , , 
1996,0054509,poorly drained,lacustrine, ,undifferentiated, , , , , , , , , , , , 
1997,0054510,well drained,fluvial, ,sedementary - siltstone and mudstone, , ,morainal till, ,undifferentiated, ,unspecified, , , , , 
1998,0054511, , , ,sedementary - siltstone and mudstone, , , , , , , , , , , , 
1999,0054513,imperfectly drained,fluvial, ,undifferentiated, , , , , , , , , , , , 
2000,0054514,imperfectly drained,fluvial, ,undifferentiated, , , , , , , , , , , , 
2001,0054515,well drained,lacustrine, ,undifferentiated, , , , , , , , , , , , 
2002,0054516,well drained,fluvial, ,undifferentiated, , ,fluvio-marine, ,undifferentiated, , , , , , , 
2003,0054517,well drained,fluvial, ,undifferentiated, , ,fluvio-marine, ,undifferentiated, , , , , , , 
2004,0054518,imperfectly drained,fluvial, ,undifferentiated, , ,fluvio-marine, ,undifferentiated, , , , , , , 
2005,0054519,poorly drained,fluvial, ,undifferentiated, , ,fluvio-marine, ,undifferentiated, , , , , , , 
2006,0054520,well drained,fluvial, ,undifferentiated, , , , , , , , , , , , 
2007,0054521,rapidly drained,fluvial, ,undifferentiated, , , , , , , , , , , , 
2008,0054522,imperfectly drained,fluvial, ,undifferentiated, , , , , , , , , , , , 
2009,0054523,poorly drained,fluvial, ,undifferentiated, , , , , , , , , ,0.1, , 
2010,0054524,poorly drained,fluvio-marine, ,undifferentiated, , , , , , , , , , , , 
2011,0054525,well drained,fluvial, ,undifferentiated, , ,morainal till, ,undifferentiated, , , , , , , 
2012,0054526,well drained,fluvial, ,undifferentiated, , ,lacustrine, ,undifferentiated, , , , , , , 
2013,0054527,well drained,morainal till, ,undifferentiated, , ,morainal till, ,undifferentiated, , , , , , , 
2014,0054528,poorly drained,fluvial, ,undifferentiated, , ,morainal till, ,undifferentiated, , , , , , , 
2015,0054529,well drained,morainal till, ,undifferentiated, , , , , , , , , , , , 
2016,0054530,well drained,lacustrine, ,undifferentiated, , , , , , , , , , , , 
2017,0054531,well drained,fluvial, ,undifferentiated, , ,morainal till, ,undifferentiated, , , , , , , 
2018,0054532,imperfectly drained,fluvial, ,undifferentiated, , ,morainal till, ,undifferentiated, , , , , , , 
2019,0054533,well drained,fluvial, ,undifferentiated, , ,fluvio-marine, ,undifferentiated, , , , , , , 
2020,0054534,imperfectly drained,fluvial, ,undifferentiated, , , , , , , , , , , , 
2021,0054536,moderately well drained,morainal till, ,undifferentiated, , , , , , , , , , , , 
2022,0054537,imperfectly drained,morainal till, ,undifferentiated, , , , , , , , , , , , 
2023,0054538,moderately well drained,lacustrine, ,undifferentiated, , , , , , , , , , , , 
2024,0054539,imperfectly drained,lacustrine, ,undifferentiated, , , , , , , , , , , , 
2025,0054540,poorly drained,lacustrine, ,undifferentiated, , , , , , , , , , , , 
2026,0054541,poorly drained,morainal till, ,undifferentiated, , , , , , , , , , , , 
2027,0054542,imperfectly drained,fluvial, ,undifferentiated, , ,fluvial, ,undifferentiated, , , , , , , 
2028,0054543,poorly drained,fluvial, ,undifferentiated, , ,fluvio-marine, ,undifferentiated, , , , , , , 
2029,0054544, ,morainal till, ,sedementary - siltstone and mudstone, , , , , , , , , , , , 
2030,0054545,well drained,fluvio-marine, ,undifferentiated, , , , , , , , , , , , 
2031,0054546,well drained,fluvial, ,undifferentiated, , , , , , , , , , , , 
2032,0054547,imperfectly drained,fluvial, ,undifferentiated, , , , , , , , , , , , 
2033,0054548,poorly drained,fluvial, ,undifferentiated, , , , , , , , , , , , 
2034,0054549,imperfectly drained,fluvial, ,undifferentiated, , ,morainal till, ,undifferentiated, , , , , , , 
2035,0054550,poorly drained,fluvial, ,undifferentiated, , ,morainal till, ,undifferentiated, , , , , , , 
2036,0054551,well drained,morainal till, ,undifferentiated, , , , , , , , , , , , 
2037,0054552,well drained,morainal till, ,undifferentiated, , , , , , , , , , , , 
2038,0054553,well drained,morainal till, ,undifferentiated, , , , , , , , , , , , 
2039,0054554,well drained,morainal till, ,undifferentiated, , , , , , , , , , , , 
2040,0054555,well drained,lacustrine, ,undifferentiated, , , , , , , , , , , , 
2041,0054556,poorly drained,fluvial, ,undifferentiated, , ,morainal till, , , , , , , , , 
2042,0054557,poorly drained,fluvial, ,undifferentiated, , , , , , , , , , , , 
2043,0054558,moderately well drained,morainal till, ,undifferentiated, , , , , , , , , , , , 
2044,0054559,imperfectly drained,lacustrine, ,undifferentiated, , , , , , , , , , , , 
2045,0054560,poorly drained,lacustrine, ,undifferentiated, , , , , , , , , , , , 
2046,0054561,well drained,fluvial, ,undifferentiated, , , , , , , , , , , , 
2047,0054562,imperfectly drained,fluvial, ,undifferentiated, , ,fluvial, ,undifferentiated, , , , , , , 
2048,0054563,poorly drained,fluvial, ,undifferentiated, , , , , , , , , , , , 
2049,0054564,well drained,fluvial, ,undifferentiated, , , , , , , , , , , , 
2050,0054565,poorly drained,fluvial, ,undifferentiated, , , , , , , , , , , , 
2051,0054566,well drained,fluvial, ,undifferentiated, , ,fluvial, ,undifferentiated, , , , , , , 
2052,0054567,poorly drained,marine, ,sedementary - siltstone and mudstone, ,unspecified, , , , , , , , , , 
2053,0054568,rapidly drained, , ,sedementary - siltstone and mudstone, , , , , , , , , , , , 
2054,0054569,poorly drained,marine, ,sedementary - siltstone and mudstone, ,unspecified, , , , , , , ,0.8, , 
2055,0054570,well drained,morainal till, ,sedementary - siltstone and mudstone, , , , , , , , , , , , 
2056,0054571,well drained,marine, ,sedementary - siltstone and mudstone, ,unspecified, , , , , , , , , , 
2057,0054572,poorly drained,colluvial, ,sedementary - siltstone and mudstone, ,unspecified, , , , , , , , , , 
2058,0054573,poorly drained,marine, ,sedementary - siltstone and mudstone, ,unspecified, , ,sedementary - shale, ,unspecified, , , , , 
2059,0054574,poorly drained,marine, ,sedementary - siltstone and mudstone, ,unspecified, , , , , , , ,0.5, , 
2060,0054575,poorly drained,marine, ,sedementary - siltstone and mudstone, ,unspecified,marine, , , ,unspecified, , ,11.2, , 
2061,0054577,poorly drained, , ,sedementary - siltstone and mudstone, , , , , , , , , ,0.6, , 
2062,0054578,poorly drained,marine, ,sedementary - siltstone and mudstone, ,unspecified,marine, , , ,unspecified, , , , , 
2063,0054579,poorly drained,marine, ,sedementary - siltstone and mudstone, ,unspecified,marine, , , ,unspecified, , , , , 
2064,0054580,poorly drained,marine, ,sedementary - siltstone and mudstone, , ,marine, , , , , , , , , 
2065,0054581,rapidly drained,morainal till, ,sedementary - siltstone and mudstone, ,unspecified, , , , , , , , , , 
2066,0054582,poorly drained,colluvial, ,sedementary - siltstone and mudstone, ,unspecified, , , , , , , , , , 
2067,0054584,poorly drained,marine, ,sedementary - siltstone and mudstone, ,unspecified, , , , , , , ,0.6, , 
2068,0054585,poorly drained,marine, ,sedementary - siltstone and mudstone, ,unspecified, , , , , , , , , , 
2069,0054587,well drained,marine, ,sedementary - siltstone and mudstone, ,unspecified, , , , , , , , , , 
2070,0054588,rapidly drained,eolian, ,metamorphic - unspecified type, , , , , , , , , , , , 
2071,0054589,poorly drained,colluvial, ,metamorphic - unspecified type, , , , , , , , , , , , 
2072,0054590, ,marine, ,sedementary - siltstone and mudstone, ,unspecified, , , , , , , , , , 
2073,0054591,rapidly drained, , ,sedementary - siltstone and mudstone, , , , , , , , , , , , 
2074,0054592,poorly drained,marine, ,sedementary - siltstone and mudstone, ,unspecified, , , , , , , , , , 
2075,0054593,moderately well drained,lacustrine, ,sedementary - siltstone and mudstone, ,weak chemical,morainal till, , , ,weak chemical, , , , , 
2076,0054594,poorly drained,marine, ,sedementary - siltstone and mudstone, ,unspecified, , , , , , , , , , 
2077,0054595,poorly drained,marine, ,sedementary - siltstone and mudstone, ,unspecified, , , , , , , , , , 
2078,0054596, , , ,sedementary - siltstone and mudstone, , , , , , , , , , , , 
2079,0054597,poorly drained, , ,sedementary - siltstone and mudstone, , , , , , , , , , , , 
2080,0054598,poorly drained, , ,sedementary - siltstone and mudstone, , , , , , , , , , , , 
2081,0054599,moderately well drained,marine,fine loamy and fine silty,undifferentiated,moderately acidic to neutral,weak chemical, , , , , , , , , , 
2082,0054600,rapidly drained,glacio-fluvial,coarse loamy and coarse silty,undifferentiated,moderately to very strongly calcareous,moderate chemical, , , , , , , , , , 
2083,0054601,well drained,marine,skeletal,mixed,weakly calcareous,chemical and physical, , , , , ,terrestrial, , , , 
2084,0054603,very rapidly drained,fluvio-marine,coarse loamy and coarse silty,sedementary - siltstone and mudstone,moderately acidic to neutral,weak chemical, , , , , ,terrestrial, , , , 
2085,0054604,moderately well drained,glaciolacustrine,clayey,sedementary - shale,moderately to very strongly calcareous,moderate chemical,morainal till,clayey, ,moderately to very strongly calcareous,moderate chemical, , , , , 
2086,0054605,poorly drained,fluvio-marine,coarse loamy and coarse silty,sedementary - siltstone and mudstone,moderately acidic to neutral,weak chemical, , , , , , ,apparent,1, , 
2087,0054606,imperfectly drained,glaciolacustrine,coarse loamy and coarse silty,sedementary - sandstone,moderately acidic to neutral,moderate chemical, , , , , , , , , , 
2088,0054607,imperfectly drained,fluvio-marine,coarse loamy and coarse silty,sedementary - siltstone and mudstone,moderately acidic to neutral,weak chemical,fluvio-marine,coarse loamy and coarse silty, ,moderately acidic to neutral,weak chemical, , , , , 
2089,0054608,imperfectly drained,morainal till,clayey,sedementary - shale,weakly calcareous,moderate chemical, , , , , , , ,0.8, , 
2090,0054609,imperfectly drained,marine,fine loamy and fine silty,sedementary - siltstone and mudstone,moderately acidic to neutral,weak chemical, , , , , , ,apparent,2.5, , 
2091,0054610,rapidly drained,morainal till,coarse loamy and coarse silty,sedementary - sandstone,moderately acidic to neutral,shattered, , , , , , , , , , 
2092,0054611,poorly drained,marine,fine loamy and fine silty,sedementary - siltstone and mudstone,weakly calcareous,chemical and physical, , , , , , , , , , 
2093,0054613,well drained,morainal till,skeletal,sedementary - siltstone and mudstone,moderately acidic to neutral,chemical and physical, , , , , ,terrestrial, , , , 
2094,0054614,rapidly drained,glacio-fluvial,skeletal,sedementary - siltstone and mudstone,extremely to strongly acidic,chemical and physical,glacio-fluvial, , ,extremely to strongly acidic,chemical and physical,terrestrial, , , , 
2095,0054615,moderately well drained,fluvial,coarse loamy and coarse silty,sedementary - siltstone and mudstone,moderately acidic to neutral,chemical and physical,marine,clayey, ,moderately acidic to neutral,moderate chemical, , , , , 
2096,0054616,imperfectly drained,morainal till,coarse loamy and coarse silty,sedementary - unspecified type,weakly calcareous,chemical and physical, , , , , ,terrestrial, , , , 
2097,0054617,moderately well drained,fluvio-marine,coarse loamy and coarse silty,sedementary - siltstone and mudstone,moderately acidic to neutral,chemical and physical,marine,clayey, ,moderately acidic to neutral,chemical and physical, , , , , 
2098,0054618,rapidly drained,morainal till,skeletal,igneous - coarse acidic,moderately acidic to neutral,chemical and physical, , , , , , , , , , 
2099,0054619,poorly drained,marine,clayey,sedementary - siltstone and mudstone,moderately acidic to neutral,chemical and physical, , , , , , , , , , 
2100,0054620,moderately well drained,marine,clayey,sedementary - siltstone and mudstone,moderately acidic to neutral,chemical and physical, , , , , , , , , , 
2101,0054621,well drained,glaciolacustrine,fine loamy and fine silty,sedementary - siltstone and mudstone,weakly calcareous,weak chemical,morainal till,fine loamy and fine silty, ,weakly calcareous,weak chemical, , , , , 
2102,0054622,moderately well drained,fluvio-marine,coarse loamy and coarse silty,sedementary - siltstone and mudstone,extremely to strongly acidic,chemical and physical, , , , , ,terrestrial, , , , 
2103,0054623,rapidly drained,fluvio-marine,skeletal,sedementary - siltstone and mudstone,moderately acidic to neutral,chemical and physical, , , , , , , , , , 
2104,0054624,well drained,morainal till,coarse loamy and coarse silty,mixed,moderately to very strongly calcareous,weak chemical, , , , , , , , , , 
2105,0054625,moderately well drained,marine,clayey,sedementary - siltstone and mudstone,moderately acidic to neutral,chemical and physical, , , , , , , , , , 
2106,0054626,poorly drained,marine,fine loamy and fine silty,sedementary - siltstone and mudstone,moderately acidic to neutral,weak chemical, , , , , , , , , , 
2107,0054627,imperfectly drained,fluvio-marine,coarse loamy and coarse silty,sedementary - siltstone and mudstone,moderately acidic to neutral,chemical and physical, , , , , , , , , , 
2108,0054628,imperfectly drained,fluvio-marine,coarse loamy and coarse silty,sedementary - siltstone and mudstone,moderately acidic to neutral,chemical and physical, , , , , , , , , , 
2109,0054629,imperfectly drained,fluvio-marine,coarse loamy and coarse silty,sedementary - siltstone and mudstone,moderately acidic to neutral,chemical and physical, , , , , , , , , , 
2110,0054630,moderately well drained,fluvio-marine,coarse loamy and coarse silty,sedementary - siltstone and mudstone,moderately acidic to neutral,chemical and physical,marine,clayey, , ,chemical and physical, , , , , 
2111,0054631,moderately well drained,marine,clayey,sedementary - siltstone and mudstone,moderately acidic to neutral,chemical and physical, , , , , , , , , , 
2112,0054632,poorly drained,fluvio-marine,coarse loamy and coarse silty,sedementary - siltstone and mudstone,moderately acidic to neutral,chemical and physical,marine,clayey, ,moderately acidic to neutral,weak chemical, ,apparent,1, , 
2113,0054633,well drained,morainal till,coarse loamy and coarse silty,sedementary - unspecified type,weakly calcareous,chemical and physical, , , , , , , , , , 
2114,0054634,well drained,marine,fine loamy and fine silty,sedementary - siltstone and mudstone,moderately acidic to neutral,chemical and physical,morainal till,coarse loamy and coarse silty, ,weakly calcareous,chemical and physical, , , , , 
2115,0054635,moderately well drained,morainal till,coarse loamy and coarse silty,sedementary - unspecified type,weakly calcareous,chemical and physical, , , , , , , , , , 
2116,0054636,well drained,morainal till,coarse loamy and coarse silty,sedementary - unspecified type,weakly calcareous,chemical and physical, , , , , , , , , , 
2117,0054637,very poorly drained,organic, ,organic material - forest peat, , , , , , , , ,apparent,0.5, , 
2118,0054640,imperfectly drained,morainal till,fine loamy and fine silty,mixed,extremely calcareous,chemical and physical, , , , , , , , , , 
2119,0054641,moderately well drained,morainal till,clayey,mixed,moderately to very strongly calcareous,chemical and physical, , , , , , , , , , 
2120,0054642,imperfectly drained,morainal till,fine loamy and fine silty,mixed,moderately to very strongly calcareous,chemical and physical, , , , , , , , , , 
2121,0054643,moderately well drained,glaciolacustrine,fine loamy and fine silty,sedementary - siltstone and mudstone,weakly calcareous,chemical and physical,glacio-lacustrine,clayey, ,moderately to very strongly calcareous, , , , , , 
2122,0054644,imperfectly drained,fluvial,fine loamy and fine silty,sedementary - siltstone and mudstone,moderately acidic to neutral,chemical and physical, , , , , , ,apparent,0.5, , 
2123,0054645,poorly drained,morainal till,clayey,sedementary - siltstone and mudstone, ,chemical and physical,glacio-fluvial,skeletal, ,extremely calcareous,weak chemical, ,apparent,1.1, , 
2124,0054646,moderately well drained,glaciolacustrine,clayey,sedementary - siltstone and mudstone,moderately acidic to neutral,chemical and physical,glacio-lacustrine,clayey, ,moderately to very strongly calcareous,chemical and physical, , , , , 
2125,0054647,moderately well drained,glaciolacustrine,sandy,sedementary - dolomite,moderately acidic to neutral,chemical and physical,glacio-lacustrine,clayey,sedementary - dolomite,moderately to very strongly calcareous,weak chemical,terrestrial, , , , 
2126,0054648,imperfectly drained,glaciolacustrine,sandy,sedementary - siltstone and mudstone,moderately acidic to neutral,chemical and physical,glacio-lacustrine,clayey,sedementary - dolomite,moderately to very strongly calcareous, , , , , , 
2127,0054649,imperfectly drained,glaciolacustrine,coarse loamy and coarse silty,sedementary - siltstone and mudstone,weakly calcareous,chemical and physical,glacio-lacustrine,fine loamy and fine silty, ,moderately to very strongly calcareous,chemical and physical, ,perched,0.6, , 
2128,0054651,well drained,glaciolacustrine,fine loamy and fine silty,sedementary - siltstone and mudstone,moderately to very strongly calcareous,weak chemical, , , , , , , , , , 
2129,0054652,imperfectly drained,glaciolacustrine,sandy,sedementary - siltstone and mudstone,moderately acidic to neutral,moderate chemical,glacio-lacustrine,clayey,sedementary - dolomite, ,weak chemical, ,perched,1.2, , 
2130,0054653,poorly drained,glaciolacustrine,coarse loamy and coarse silty,mixed,weakly calcareous,chemical and physical,glacio-lacustrine,clayey,sedementary - dolomite,moderately to very strongly calcareous,weak chemical, , , , , 
2131,0054654,imperfectly drained,glaciolacustrine,clayey,sedementary - siltstone and mudstone,moderately to very strongly calcareous,chemical and physical, , , , , , , , , , 
2132,0054655,imperfectly drained,eolian,sandy,mixed,moderately acidic to neutral,chemical and physical,glacio-lacustrine,clayey,sedementary - dolomite,weakly calcareous,weak chemical, , , , , 
2133,0054656,rapidly drained,glaciolacustrine,sandy,sedementary - limestone,moderately to very strongly calcareous,weak chemical, , , , , , , , , , 
2134,0054657,imperfectly drained,glaciolacustrine,coarse loamy and coarse silty,sedementary - siltstone and mudstone,moderately acidic to neutral,chemical and physical,glacio-lacustrine,clayey, ,moderately to very strongly calcareous,chemical and physical, , , , , 
2135,0054659,imperfectly drained,glaciolacustrine, ,undifferentiated,moderately to very strongly calcareous,chemical and physical, , , , , ,terrestrial,perched,1.5, , 
2136,0054661,well drained,morainal till,coarse loamy and coarse silty,mixed,moderately to very strongly calcareous,chemical and physical,glacio-fluvial,coarse loamy and coarse silty,mixed,moderately to very strongly calcareous,weak chemical, , , , , 
2137,0054662,well drained,morainal till,coarse loamy and coarse silty,mixed,moderately to very strongly calcareous,chemical and physical,glacio-fluvial,sandy,mixed,moderately to very strongly calcareous,weak chemical, , , , , 
2138,0054664,poorly drained,glaciolacustrine, ,sedementary - siltstone and mudstone,moderately to very strongly calcareous,chemical and physical, , , , , , ,apparent,0.6, , 
2139,0054665,imperfectly drained,glaciolacustrine,clayey,sedementary - siltstone and mudstone,moderately to very strongly calcareous,chemical and physical, , , , , , , , , , 
2140,0054666,poorly drained,glaciolacustrine,clayey,sedementary - siltstone and mudstone,moderately to very strongly calcareous,chemical and physical, , , , , , , , , , 
2141,0054673,moderately well drained,morainal till,clayey,mixed,moderately to very strongly calcareous,chemical and physical, , , , , , , , , , 
2142,0054678,imperfectly drained,morainal till,coarse loamy and coarse silty,mixed,moderately to very strongly calcareous,chemical and physical, , , , , , , , , , 
2143,0054683,well drained,morainal till,coarse loamy and coarse silty,mixed,moderately to very strongly calcareous,chemical and physical, , , , , , , , , , 
2144,0054684,well drained,morainal till,coarse loamy and coarse silty,mixed,moderately to very strongly calcareous,chemical and physical, , , , , , , , , , 
2145,0054685,imperfectly drained,lacustrine,sandy,sedementary - siltstone and mudstone, ,chemical and physical,glacio-lacustrine,coarse loamy and coarse silty, ,moderately to very strongly calcareous,weak chemical, , , , , 
2146,0054686,poorly drained,morainal till,clayey,mixed,moderately to very strongly calcareous,chemical and physical, , , , , , , , , , 
2147,0054687,imperfectly drained,lacustrine,sandy,sedementary - siltstone and mudstone, ,chemical and physical,lacustrine,coarse loamy and coarse silty, ,moderately to very strongly calcareous,chemical and physical, ,apparent,1.2, , 
2148,0054688,imperfectly drained,lacustrine,sandy,sedementary - siltstone and mudstone, ,chemical and physical,lacustrine,coarse loamy and coarse silty, ,moderately to very strongly calcareous,chemical and physical, ,apparent,1.2, , 
2149,0054689,poorly drained,morainal till,clayey,sedementary - siltstone and mudstone,moderately to very strongly calcareous,chemical and physical, , , , , , , , , , 
2150,0054690,imperfectly drained,morainal till,coarse loamy and coarse silty,mixed,moderately to very strongly calcareous,chemical and physical, , , , , , ,apparent,1.7, , 
2151,0054691,poorly drained,morainal till,coarse loamy and coarse silty,mixed,moderately to very strongly calcareous,chemical and physical, , , , , , ,apparent,1.3, , 
2152,0054693,imperfectly drained,lacustrine,sandy,sedementary - siltstone and mudstone,moderately to very strongly calcareous,chemical and physical, , , , , , ,apparent,1.3, , 
2153,0054694,moderately well drained,marine, ,igneous - unspecified type,moderately acidic to neutral,weak chemical,marine,clayey, ,moderately acidic to neutral,weak chemical, , , , , 
2154,0054697,imperfectly drained,morainal till,clayey,mixed,extremely calcareous,chemical and physical, , , , , , ,apparent,0.7, , 
2155,0054698,moderately well drained,morainal till,clayey,mixed,extremely calcareous,chemical and physical, , , , , , ,apparent,0.5, , 
2156,0054700,imperfectly drained,lacustrine,coarse loamy and coarse silty,mixed, ,chemical and physical,morainal till,clayey,mixed,moderately to very strongly calcareous,chemical and physical, , , , , 
2157,0054702,poorly drained,lacustrine,coarse loamy and coarse silty,mixed, ,chemical and physical,morainal till,clayey,mixed,moderately to very strongly calcareous,chemical and physical, ,apparent,1.2, , 
2158,0054703,imperfectly drained,glacio-fluvial,coarse loamy and coarse silty,mixed, ,chemical and physical,morainal till,clayey,mixed,moderately to very strongly calcareous,chemical and physical, , , , , 
2159,0054704,imperfectly drained,lacustrine,fine loamy and fine silty,sedementary - siltstone and mudstone,moderately to very strongly calcareous,chemical and physical,morainal till,clayey,mixed,extremely calcareous,weak chemical, , , , , 
2160,0054708,moderately well drained,morainal till,clayey,mixed,extremely calcareous,chemical and physical, , , , , , , , , , 
2161,0054710,poorly drained,glaciolacustrine,clayey,sedementary - siltstone and mudstone,moderately to very strongly calcareous,chemical and physical, , , , , , , , , , 
2162,0054711,imperfectly drained,glaciolacustrine,clayey,sedementary - siltstone and mudstone,moderately to very strongly calcareous,chemical and physical, , , , , , , , , , 
2163,0054712,well drained,morainal till,coarse loamy and coarse silty,undifferentiated,moderately to very strongly calcareous,weak chemical, , , , , , , , , , 
2164,0054713,well drained,marine,sandy,undifferentiated,moderately acidic to neutral,moderate chemical, , , , , , , , , , 
2165,0054714,poorly drained,marine,coarse loamy and coarse silty,undifferentiated,moderately to very strongly calcareous,moderate chemical, , , , , , , , , , 
2166,0054715,poorly drained,marine,fine loamy and fine silty,undifferentiated,moderately to very strongly calcareous,moderate chemical, , , , , , ,apparent,0.1, , 
2167,0054716,poorly drained,marine,clayey,undifferentiated,moderately acidic to neutral,moderate chemical, , , , , , ,apparent,1.8, , 
2168,0054719,poorly drained,morainal till,clayey,mixed,moderately to very strongly calcareous,chemical and physical, , , , , , , , , , 
2169,0054720,imperfectly drained,glaciolacustrine,clayey,sedementary - siltstone and mudstone,moderately to very strongly calcareous,chemical and physical, , , , , , , , , , 
2170,0054722,imperfectly drained,glaciolacustrine,clayey,sedementary - siltstone and mudstone,moderately to very strongly calcareous,chemical and physical,glacio-lacustrine,fine loamy and fine silty, ,moderately to very strongly calcareous,weak chemical, , , , , 
2171,0054724,imperfectly drained,glaciolacustrine,clayey,sedementary - siltstone and mudstone,moderately to very strongly calcareous,chemical and physical, , , , , , , , , , 
2172,0054725,imperfectly drained,glaciolacustrine,clayey,sedementary - siltstone and mudstone,moderately to very strongly calcareous,chemical and physical, , , , , , , , , , 
2173,0054726,poorly drained,lacustrine,clayey,mixed, ,chemical and physical,morainal till,clayey,mixed,extremely calcareous,weak chemical, , , , , 
2174,0054728,poorly drained,lacustrine,clayey,sedementary - siltstone and mudstone, ,chemical and physical,lacustrine,fine loamy and fine silty, ,moderately to very strongly calcareous,weak chemical, ,apparent,0.7, , 
2175,0054729,poorly drained,glaciolacustrine,clayey,sedementary - siltstone and mudstone,weakly calcareous,chemical and physical,glacio-lacustrine, ,mixed,moderately to very strongly calcareous,chemical and physical, , , , , 
2176,0054730,poorly drained,fluvial,stratified - mineral,undifferentiated,moderately acidic to neutral,moderate chemical,marine,stratified - mineral,undifferentiated,weakly calcareous,weak chemical, , , , , 
2177,0054731,poorly drained,marine,clayey,sedementary - siltstone and mudstone,moderately acidic to neutral,weak chemical, , , , , , ,apparent,0.9, , 
2178,0054732,imperfectly drained,marine,clayey,undifferentiated,moderately acidic to neutral,weak chemical, , , , , , , , , , 
2179,0054733,imperfectly drained,morainal till,clayey,mixed,moderately to very strongly calcareous,chemical and physical, , , , , , , , , , 
2180,0054734,rapidly drained,eolian,sandy,sedementary - siltstone and mudstone,moderately to very strongly calcareous,chemical and physical, , , , , , , , , , 
2181,0054735,poorly drained,glaciolacustrine,clayey,sedementary - siltstone and mudstone,moderately to very strongly calcareous,chemical and physical, , , , , , , , , , 
2182,0054736,imperfectly drained,glaciolacustrine,clayey,mixed,moderately to very strongly calcareous,chemical and physical, , , , , , , , , , 
2183,0054737,moderately well drained,glaciolacustrine,clayey,mixed,weakly calcareous,chemical and physical,glacio-lacustrine,clayey, ,moderately to very strongly calcareous,chemical and physical, , , , , 
2184,0054738,poorly drained,glaciolacustrine,clayey,mixed,moderately to very strongly calcareous,chemical and physical, , , , , , , , , , 
2185,0054739,imperfectly drained,glaciolacustrine,clayey,mixed,moderately to very strongly calcareous,chemical and physical, , , , , , , , , , 
2186,0054740,well drained,morainal till,skeletal,mixed,moderately to very strongly calcareous,chemical and physical, , , , , , , , , , 
2187,0054741,imperfectly drained,glaciolacustrine,clayey,mixed, ,chemical and physical,glacio-lacustrine,clayey,mixed,moderately to very strongly calcareous,chemical and physical, , , , , 
2188,0054742,imperfectly drained,glaciolacustrine,clayey,sedementary - siltstone and mudstone,moderately to very strongly calcareous,chemical and physical, , , , , , , , , , 
2189,0054743,moderately well drained,morainal till,clayey,mixed,moderately to very strongly calcareous,chemical and physical, , , , , , , , , , 
2190,0054744,poorly drained,glaciolacustrine,coarse loamy and coarse silty,mixed, ,chemical and physical,glacio-lacustrine,clayey,mixed,moderately to very strongly calcareous,chemical and physical, , , , , 
2191,0054745,imperfectly drained,fluvio-lacustrine,sandy,mixed,moderately acidic to neutral,chemical and physical,glacio-lacustrine,clayey, ,moderately to very strongly calcareous,weak chemical, ,perched,0.6, , 
2192,0054746,imperfectly drained,glaciolacustrine,coarse loamy and coarse silty,mixed,moderately to very strongly calcareous,chemical and physical, , , , , , ,apparent,0.9, , 
2193,0054747,very poorly drained,glaciolacustrine,sandy,sedementary - siltstone and mudstone,moderately to very strongly calcareous,chemical and physical, , , , , , ,apparent,0.6, , 
2194,0054748,well drained,morainal till,fragmental,sedementary - unspecified type,extremely to strongly acidic,weak chemical, , , , , , , , , , 
2195,0054749,imperfectly drained,marine,sandy,undifferentiated,moderately acidic to neutral,moderate chemical,marine,clayey,undifferentiated,moderately acidic to neutral,weak chemical, , , , , 
2196,0054750,well drained,marine,sandy,undifferentiated,moderately acidic to neutral,moderate chemical,morainal till,skeletal,undifferentiated,extremely calcareous,weak chemical, , , , , 
2197,0054751,imperfectly drained,fluvial,sandy,undifferentiated,moderately acidic to neutral,moderate chemical, , , , , , , ,1.2, , 
2198,0054752,well drained,fluvial,sandy,undifferentiated,extremely to strongly acidic,moderate chemical, , , , , , , , , , 
2199,0054754,imperfectly drained,organic, ,organic material - forest peat, , , , , , , , , , , , 
2200,0054755,poorly drained,organic, ,organic material - sphagnum peat, , , , ,organic material - forest peat, , , , , , , 
2201,0054756,very poorly drained,organic, ,organic material - forest peat, , , , , , , , , , , , 
2202,0054757,poorly drained,organic, ,organic material - sphagnum peat, , , , ,organic material - fen peat, , , , , , , 
2203,0054758, , , ,sedementary - siltstone and mudstone, , , , , , , , , , , , 
2204,0054759, , , ,sedementary - siltstone and mudstone, , , , , , , , , , , , 
2205,0054760, , , ,sedementary - siltstone and mudstone, , , , , , , , , , , , 
2206,0054761, , , ,sedementary - siltstone and mudstone, , , , , , , , , , , , 
2207,0054763, , , ,sedementary - siltstone and mudstone, , , , , , , , , , , , 
2208,0054764, , , ,sedementary - siltstone and mudstone, , , , , , , , , , , , 
2209,0054765, , , ,sedementary - siltstone and mudstone, , , , , , , , , , , , 
2210,0054766, , , ,sedementary - siltstone and mudstone, , , , , , , , , , , , 
2211,0054767, , , ,sedementary - siltstone and mudstone, , , , , , , , , , , , 
2212,0054768, , , ,sedementary - siltstone and mudstone, , , , , , , , , , , , 
2213,0054769, , , ,sedementary - siltstone and mudstone, , , , , , , , , , , , 
2214,0054770, , , ,sedementary - siltstone and mudstone, , , , , , , , , , , , 
2215,0054771,imperfectly drained,eolian,sandy,sedementary - siltstone and mudstone,moderately to very strongly calcareous,chemical and physical, , , , , , , , , , 
2216,0054772,poorly drained,marine,fine loamy and fine silty,undifferentiated,moderately to very strongly calcareous,moderate chemical, , , , , , , , , , 
2217,0054774,poorly drained,marine,clayey,mixed,moderately to very strongly calcareous,weak chemical, , , , , , , , , , 
2218,0054775,imperfectly drained,glaciolacustrine,clayey,undifferentiated,moderately to very strongly calcareous,chemical and physical, , , , , , , , , , 
2219,0054776,imperfectly drained,fluvio-lacustrine,sandy,undifferentiated,weakly calcareous,chemical and physical,glacio-lacustrine,clayey,undifferentiated,moderately to very strongly calcareous,weak chemical, ,apparent,0.6, , 
2220,0054777,well drained,glacio-fluvial,sandy,undifferentiated,extremely calcareous,chemical and physical, , , , , , , , , , 
2221,0054778,well drained,morainal till,coarse loamy and coarse silty,mixed,moderately to very strongly calcareous,chemical and physical, , , , , , , , , , 
2222,0054779,imperfectly drained,morainal till,clayey,undifferentiated,moderately to very strongly calcareous,chemical and physical,morainal till,clayey, ,moderately to very strongly calcareous,chemical and physical, , , , , 
2223,0054780,well drained,fluvial,fine loamy and fine silty,sedementary - siltstone and mudstone,moderately to very strongly calcareous, , , , , , , , , , , 
2224,0054781,imperfectly drained,morainal till,clayey,mixed,moderately to very strongly calcareous, , , , , , , , , , , 
2225,0054782,imperfectly drained,lacustrine,fine loamy and fine silty,sedementary - siltstone and mudstone,moderately to very strongly calcareous, , , , , , , , , , , 
2226,0054783,well drained,lacustrine, ,mixed,extremely calcareous, , , , , , , , , , , 
2227,0054785,imperfectly drained,morainal till,clayey,sedementary - siltstone and mudstone, , , , , , , , , , , , 
2228,0054786,well drained,morainal till,fine loamy and fine silty,mixed,moderately to very strongly calcareous, , , , , , , , , , , 
2229,0054787,well drained, , ,sedementary - siltstone and mudstone,moderately to very strongly calcareous, , , , , , , , , , , 
2230,0054788,imperfectly drained,morainal till,clayey,mixed,moderately to very strongly calcareous, , , , , , , , , , , 
2231,0054790,poorly drained,morainal till, ,sedementary - siltstone and mudstone, , , , , , , , , , , , 
2232,0054791,well drained,morainal till,fine loamy and fine silty,sedementary - siltstone and mudstone,moderately to very strongly calcareous, , , , , , , , , , , 
2233,0054792,well drained,lacustrine,fine loamy and fine silty,sedementary - siltstone and mudstone,moderately to very strongly calcareous, , , , , , , , , , , 
2234,0054793,imperfectly drained,lacustrine,clayey,sedementary - siltstone and mudstone,weakly calcareous, , , , , , , , , , , 
2235,0054794,imperfectly drained,fluvial,sandy,sedementary - siltstone and mudstone,weakly calcareous, , , , , , , , , , , 
2236,0054795, ,fluvial,coarse loamy and coarse silty,sedementary - siltstone and mudstone,weakly calcareous, , , , , , , , , , , 
2237,0054796,imperfectly drained,morainal till,clayey,mixed,moderately to very strongly calcareous, , , , , , , , , , , 
2238,0054799,poorly drained, ,fine loamy and fine silty,sedementary - siltstone and mudstone,weakly calcareous, , , , , , , , , , , 
2239,0054800,poorly drained,fluvial,clayey,sedementary - siltstone and mudstone,extremely calcareous, , , , , , , , , , , 
2240,0054801,poorly drained,morainal till, ,sedementary - siltstone and mudstone, , , , , , , , , , , , 
2241,0054812,imperfectly drained,lacustrine,fine loamy and fine silty,sedementary - siltstone and mudstone,moderately to very strongly calcareous, , , , , , , , , , , 
2242,0054814,well drained,fluvial,skeletal,sedementary - siltstone and mudstone,moderately to very strongly calcareous, , , , , , , , , , , 
2243,0054817,well drained,fluvial,sandy,sedementary - siltstone and mudstone, , , , , , , , , , , , 
2244,0054819,imperfectly drained, ,skeletal,sedementary - siltstone and mudstone, , , , , , , , , , , , 
2245,0054821,poorly drained,lacustrine,fine loamy and fine silty,sedementary - siltstone and mudstone, , , , , , , , , , , , 
2246,0054824,imperfectly drained,fluvial,sandy,sedementary - siltstone and mudstone, , , , , , , , , , , , 
2247,0054825,poorly drained,morainal till,clayey,sedementary - siltstone and mudstone,moderately to very strongly calcareous, , , , , , , , , , , 
2248,0054826,imperfectly drained, ,fine loamy and fine silty,sedementary - siltstone and mudstone,moderately to very strongly calcareous, , , , , , , , , , , 
2249,0054829,imperfectly drained,morainal till,fine loamy and fine silty,sedementary - siltstone and mudstone, , , , , , , , , , , , 
2250,0054830,imperfectly drained,morainal till,clayey,mixed,moderately to very strongly calcareous, , , , , , , , , , , 
2251,0054832,poorly drained,lacustrine,clayey,sedementary - siltstone and mudstone,moderately to very strongly calcareous, , , , , , , , ,0.7, , 
2252,0054833,poorly drained,lacustrine,fine loamy and fine silty,sedementary - siltstone and mudstone, , , , , , , , , , , , 
2253,0054835,poorly drained,morainal till,clayey,mixed,weakly calcareous, , , , , , , , , , , 
2254,0054836,poorly drained,morainal till,clayey,sedementary - siltstone and mudstone, , , , , , , , , , , , 
2255,0054837,imperfectly drained,fluvial, ,undifferentiated,weakly calcareous, , , , , , , , , , , 
2256,0054842,imperfectly drained,lacustrine,fine loamy and fine silty,sedementary - siltstone and mudstone,moderately to very strongly calcareous, , , , , , , , , , , 
2257,0054843,poorly drained,morainal till,clayey,mixed,moderately to very strongly calcareous, , , , , , , , , , , 
2258,0054844, , , ,sedementary - siltstone and mudstone, , , , , , , , , , , , 
2259,0054845,imperfectly drained, ,clayey,sedementary - unspecified type,moderately to very strongly calcareous, , , , , , , , , , , 
2260,0054846,poorly drained,morainal till,clayey,mixed,moderately to very strongly calcareous, , , , , , , , , , , 
2261,0054847,moderately well drained,fluvial,coarse loamy and coarse silty,sedementary - siltstone and mudstone,moderately to very strongly calcareous, , , , , , , , , , , 
2262,0054849,moderately well drained,fluvial,coarse loamy and coarse silty,sedementary - siltstone and mudstone,moderately to very strongly calcareous, , , , , , , , , , , 
2263,0054850,poorly drained, , ,sedementary - siltstone and mudstone,weakly calcareous, , , , , , , , , , , 
2264,0054852,well drained,morainal till,fine loamy and fine silty,sedementary - unspecified type,moderately to very strongly calcareous, , , , , , , , , , , 
2265,0054853,well drained,fluvial,skeletal,mixed, , , , , , , , , , , , 
2266,0054855,imperfectly drained,lacustrine,fine loamy and fine silty,sedementary - siltstone and mudstone,moderately to very strongly calcareous, , , , , , , , , , , 
2267,0054859,well drained,lacustrine,fine loamy and fine silty,sedementary - siltstone and mudstone,extremely calcareous, , , , , , , , , , , 
2268,0054861,imperfectly drained,morainal till,clayey,sedementary - siltstone and mudstone,moderately to very strongly calcareous, , , , , , , , , , , 
2269,0054862,well drained,marine,skeletal,sedementary - unspecified type,moderately to very strongly calcareous,moderate chemical, , , , , , , , , , 
2270,0054863,imperfectly drained,marine,sandy,undifferentiated,moderately acidic to neutral,moderate chemical, , , , , , , , , , 
2271,0054864,well drained,eolian,coarse loamy and coarse silty,undifferentiated,moderately to very strongly calcareous,chemical and physical, , , , , , , , , , 
2272,0054868,imperfectly drained,lacustrine,coarse loamy and coarse silty,mixed,moderately acidic to neutral,chemical and physical,lacustrine,fine loamy and fine silty,sedementary - shale,moderately acidic to neutral,weak chemical, , , , , 
2273,0054870,rapidly drained,glaciolacustrine,coarse loamy and coarse silty,mixed,moderately acidic to neutral,chemical and physical,morainal till,sandy,mixed,moderately to very strongly calcareous,chemical and physical, , , , , 
2274,0054871, , ,sandy,sedementary - siltstone and mudstone, , , , , , , , , ,0.1, , 
2275,0054872,very poorly drained, , ,sedementary - siltstone and mudstone, , , , , , , , , , , , 
2276,0054875,well drained,glaciolacustrine,sandy,mixed,moderately to very strongly calcareous,chemical and physical, , , , , , ,apparent,1.9, , 
2277,0054876,well drained,glaciolacustrine,coarse loamy and coarse silty,mixed,moderately to very strongly calcareous,chemical and physical, , , , , , , , , , 
2278,0054877,rapidly drained,eolian,sandy,undifferentiated,moderately to very strongly calcareous,chemical and physical, , , , , , , , , , 
2279,0054878,imperfectly drained,glaciolacustrine,sandy,sedementary - siltstone and mudstone,moderately to very strongly calcareous,chemical and physical, , , , , , , , , , 
2280,0054880,rapidly drained,glaciolacustrine,sandy,mixed,moderately acidic to neutral,chemical and physical,morainal till,sandy,mixed,extremely calcareous,weak chemical, , , , , 
2281,0054881,rapidly drained,eolian,sandy,sedementary - siltstone and mudstone,moderately to very strongly calcareous,chemical and physical, , , , , , , , , , 
2282,0054882,poorly drained,lacustro-till,clayey,sedementary - siltstone and mudstone,moderately to very strongly calcareous,weak chemical, , , , , , , , , , 
2283,0054883,rapidly drained,eolian,sandy,sedementary - siltstone and mudstone,moderately to very strongly calcareous,chemical and physical, , , , , , , , , , 
2284,0054885,rapidly drained,glaciolacustrine,sandy,undifferentiated,moderately to very strongly calcareous,chemical and physical,morainal till,skeletal,mixed,moderately to very strongly calcareous,chemical and physical, , , , , 
2285,0054886,poorly drained,lacustro-till,clayey,sedementary - limestone,moderately to very strongly calcareous,weak chemical, , , , , , , , , , 
2286,0054887,imperfectly drained,morainal till,fine loamy and fine silty,mixed,weakly calcareous,chemical and physical,morainal till,clayey, ,moderately to very strongly calcareous,chemical and physical, , , , , 
2287,0054888,rapidly drained,eolian,sandy,undifferentiated,moderately to very strongly calcareous,chemical and physical, , , , , , , , , , 
2288,0054889,imperfectly drained,glaciolacustrine,sandy,undifferentiated,moderately acidic to neutral,chemical and physical,glacio-lacustrine,fine loamy and fine silty,undifferentiated,moderately to very strongly calcareous,moderate chemical, , , , , 
2289,0054890,moderately well drained,glaciolacustrine,clayey,sedementary - siltstone and mudstone,moderately to very strongly calcareous,chemical and physical, , , , , , , , , , 
2290,0054891,poorly drained,glaciolacustrine,sandy,undifferentiated,moderately to very strongly calcareous,chemical and physical, , , , , , , , , , 
2291,0054892,moderately well drained,morainal till,clayey,mixed,moderately to very strongly calcareous,chemical and physical, , , , , , , , , , 
2292,0054893,imperfectly drained,glaciolacustrine,sandy,undifferentiated,moderately acidic to neutral,chemical and physical,morainal till,clayey, ,moderately to very strongly calcareous,weak chemical, , , , , 
2293,0054894,imperfectly drained,glaciolacustrine,sandy,sedementary - siltstone and mudstone,moderately acidic to neutral,chemical and physical,morainal till,fine loamy and fine silty,mixed,moderately to very strongly calcareous,weak chemical, ,perched, , , 
2294,0054895,imperfectly drained,eolian,sandy,sedementary - siltstone and mudstone,moderately to very strongly calcareous,chemical and physical, , , , , , ,other, , , 
2295,0054896,poorly drained,marine,clayey,sedementary - unspecified type,weakly calcareous,moderate chemical, , , , , , , , , , 
2296,0054897,poorly drained,marine,clayey,mixed,moderately acidic to neutral,moderate chemical, , , , , , , , , , 
2297,0054898,poorly drained,marine,clayey,undifferentiated,moderately acidic to neutral,moderate chemical, , , , , , , , , , 
2298,0054899,poorly drained,marine,fine loamy and fine silty,mixed,moderately to very strongly calcareous,moderate chemical, , , , , , , , , , 
2299,0054900,rapidly drained,fluvial,sandy,undifferentiated,extremely to strongly acidic,moderate chemical, , , , , , , ,3, , 
2300,0054904,imperfectly drained,lacustrine,fine loamy and fine silty,sedementary - siltstone and mudstone,extremely calcareous, , , , , , , , , , , 
2301,0054905,poorly drained,lacustrine,fine loamy and fine silty,sedementary - siltstone and mudstone, , , , , , , , , , , , 
2302,0054907,poorly drained,morainal till,fine loamy and fine silty,sedementary - siltstone and mudstone,moderately to very strongly calcareous, , , , , , , , ,1, , 
2303,0054908,imperfectly drained,fluvial,fine loamy and fine silty,sedementary - siltstone and mudstone,moderately to very strongly calcareous, , , , , , , , , , , 
2304,0054913,imperfectly drained,morainal till,fine loamy and fine silty,sedementary - siltstone and mudstone,moderately to very strongly calcareous, , , , , , , , , , , 
2305,0054916,moderately well drained,lacustrine, ,sedementary - siltstone and mudstone, , , , , , , , , , , , 
2306,0054917,well drained, , ,sedementary - siltstone and mudstone,moderately to very strongly calcareous, , , , , , , , , , , 
2307,0054918,imperfectly drained,morainal till,fine loamy and fine silty,sedementary - siltstone and mudstone,moderately to very strongly calcareous, , , , , , , , , , , 
2308,0054919,imperfectly drained,morainal till,fine loamy and fine silty,sedementary - siltstone and mudstone,moderately to very strongly calcareous, , , , , , , , , , , 
2309,0054922,poorly drained,morainal till,fine loamy and fine silty,sedementary - siltstone and mudstone, , , , , , , , , , , , 
2310,0054923,imperfectly drained,morainal till,clayey,mixed,moderately to very strongly calcareous, , , , , , , , , , , 
2311,0054924,poorly drained, ,fine loamy and fine silty,sedementary - siltstone and mudstone,moderately to very strongly calcareous, , , , , , , , , , , 
2312,0054925,imperfectly drained,morainal till,fine loamy and fine silty,sedementary - siltstone and mudstone,moderately to very strongly calcareous, , , , , , , , , , , 
2313,0054932,imperfectly drained,morainal till,fine loamy and fine silty,sedementary - siltstone and mudstone,moderately to very strongly calcareous, , , , , , , , , , , 
2314,0054933,imperfectly drained,lacustrine,clayey,sedementary - siltstone and mudstone, , , , , , , , , , , , 
2315,0054935,imperfectly drained,marine,fine loamy and fine silty,undifferentiated,moderately acidic to neutral,weak chemical, , , , , , ,apparent,1.1, , 
2316,0054936,poorly drained,glacio-fluvial,sandy,sedementary - siltstone and mudstone, ,chemical and physical, , , , , , ,apparent,0.7, , 
2317,0054942,poorly drained,morainal till,fine loamy and fine silty,sedementary - limestone,moderately to very strongly calcareous,chemical and physical, , , , , , ,apparent,0.9, , 
2318,0054948, , , ,sedementary - siltstone and mudstone, , , , , , , , , , , , 
2319,0054953,very poorly drained, , ,organic material - unspecified type, , , , , , , , , ,0.1, , 
2320,0054957,very poorly drained,organic, ,organic material - unspecified type,weakly calcareous,chemical and physical,morainal till, , ,extremely calcareous,chemical and physical, ,apparent,0, , 
2321,0054958,very poorly drained, , ,sedementary - siltstone and mudstone, , , , , , , , , ,0.1, , 
2322,0054961,very poorly drained, , ,sedementary - siltstone and mudstone, , , , , , , , , ,0, , 
2323,0054962,poorly drained,fluvial,sandy,sedementary - siltstone and mudstone,moderately acidic to neutral,chemical and physical,fluvial, ,sedementary - unspecified type,moderately acidic to neutral,chemical and physical, ,apparent,1, , 
2324,0054964,imperfectly drained,glaciolacustrine,sandy,sedementary - siltstone and mudstone,moderately to very strongly calcareous,chemical and physical, , , , , , , ,1.2, , 
2325,0054965,very poorly drained,organic, ,organic material - unspecified type,weakly calcareous,chemical and physical,morainal till,clayey, ,extremely calcareous,chemical and physical, ,apparent,0.7, , 
2326,0054966,poorly drained,glaciolacustrine,coarse loamy and coarse silty,sedementary - siltstone and mudstone,weakly calcareous,chemical and physical,glacio-lacustrine,coarse loamy and coarse silty, ,moderately to very strongly calcareous,chemical and physical, ,apparent,1.4, , 
2327,0054967,poorly drained,glaciolacustrine,clayey,undifferentiated, ,chemical and physical,glacio-lacustrine,clayey,undifferentiated,moderately to very strongly calcareous,chemical and physical, , , , , 
2328,0054970,imperfectly drained,glaciolacustrine,sandy,sedementary - siltstone and mudstone,weakly calcareous,chemical and physical,glacio-lacustrine,coarse loamy and coarse silty, ,moderately to very strongly calcareous,chemical and physical, , , , , 
2329,0054972,poorly drained,eolian,sandy,sedementary - siltstone and mudstone,moderately to very strongly calcareous,chemical and physical, , , , , , ,apparent,0.8, , 
2330,0054973,poorly drained,glaciolacustrine,coarse loamy and coarse silty,mixed,weakly calcareous,chemical and physical,morainal till,skeletal,mixed,moderately to very strongly calcareous,chemical and physical, ,apparent,1, , 
2331,0054974,imperfectly drained,glaciolacustrine,coarse loamy and coarse silty,sedementary - siltstone and mudstone, ,chemical and physical,morainal till,skeletal, ,moderately to very strongly calcareous, , ,apparent,1, , 
2332,0054975,well drained,fluvial,sandy,undifferentiated,moderately acidic to neutral,chemical and physical,fluvio-lacustrine,sandy,undifferentiated,extremely calcareous,weak chemical, , , , , 
2333,0054976,imperfectly drained,fluvial,coarse loamy and coarse silty,mixed,moderately to very strongly calcareous,weak chemical,fluvial, ,mixed,moderately acidic to neutral,chemical and physical, ,apparent,0.9, , 
2334,0054978,poorly drained,glaciolacustrine,coarse loamy and coarse silty,sedementary - limestone, ,chemical and physical,glacio-lacustrine,undifferentiated, , ,chemical and physical, , , , , 
2335,0054980,poorly drained,glaciolacustrine,fine loamy and fine silty,sedementary - siltstone and mudstone,moderately to very strongly calcareous,chemical and physical,glacio-lacustrine,clayey, ,moderately to very strongly calcareous,chemical and physical, ,apparent,0.7, , 
2336,0054981,imperfectly drained,morainal till,clayey,undifferentiated,moderately to very strongly calcareous,chemical and physical, , , , , , , , , , 
2337,0054983,poorly drained,fluvial,clayey,sedementary - siltstone and mudstone, ,chemical and physical, , , , , , ,perched,0.5, , 
2338,0054984,poorly drained,marine,clayey,sedementary - unspecified type,moderately acidic to neutral,weak chemical, , , , , , ,apparent,1.5, , 
2339,0054985,poorly drained,marine,coarse loamy and coarse silty,undifferentiated,moderately acidic to neutral,moderate chemical,marine,clayey,undifferentiated,moderately acidic to neutral,weak chemical, , , , , 
2340,0054986,poorly drained,marine,clayey,mixed,moderately acidic to neutral,weak chemical, , , , , , ,apparent,1.4, , 
2341,0054987,poorly drained,marine,sandy,mixed,moderately acidic to neutral,weak chemical, , , , , , , , , , 
2342,0054988,poorly drained,marine,coarse loamy and coarse silty,mixed,moderately acidic to neutral,weak chemical,marine,clayey,mixed,moderately acidic to neutral,weak chemical, , , , , 
2343,0054989,poorly drained,marine,fine loamy and fine silty,undifferentiated,moderately acidic to neutral,chemical and physical, , , , , , , , , , 
2344,0054990,imperfectly drained,glaciolacustrine,coarse loamy and coarse silty,undifferentiated,moderately to very strongly calcareous,chemical and physical, , , , , ,terrestrial,other, , , 
2345,0054991,well drained,morainal till,coarse loamy and coarse silty,sedementary - unspecified type,extremely calcareous,weak chemical, , , , , , , , , , 
2346,0054992,poorly drained,marine,clayey,undifferentiated,moderately acidic to neutral,weak chemical, , , , , , , , , , 
2347,0054993,poorly drained,lacustrine,fine loamy and fine silty,sedementary - unspecified type,moderately acidic to neutral,weak chemical,lacustrine,coarse loamy and coarse silty,sedementary - unspecified type,moderately to very strongly calcareous,weak chemical, ,apparent,1.8, , 
2348,0054994,well drained,fluvio-eolian,sandy,undifferentiated,extremely to strongly acidic,weak chemical, , , , , , , , , , 
2349,0054995,poorly drained,morainal till,coarse loamy and coarse silty,sedementary - unspecified type,moderately to very strongly calcareous,moderate chemical, , , , , , , , , , 
2350,0054996,rapidly drained,fluvial,sandy,undifferentiated,extremely to strongly acidic,weak chemical, , , , , , , , , , 
2351,0054997,poorly drained,marine,sandy,sedementary - unspecified type,weakly calcareous,weak chemical, , , , , , ,apparent,0.6, , 
2352,0054998,poorly drained,marine,fine loamy and fine silty,undifferentiated,moderately acidic to neutral,moderate chemical,marine,coarse loamy and coarse silty,undifferentiated,weakly calcareous,weak chemical, , , , , 
2353,0054999,poorly drained,marine,fine loamy and fine silty,sedementary - unspecified type,moderately to very strongly calcareous,weak chemical, , , , , , , ,1.4, , 
2354,0055000,well drained,morainal till,coarse loamy and coarse silty,sedementary - unspecified type,moderately to very strongly calcareous,weak chemical, , , , , , , , , , 
2355,0055001,well drained,morainal till,coarse loamy and coarse silty,igneous - unspecified type,moderately acidic to neutral,chemical and physical, , , , , , , , , , 
2356,0055002,poorly drained,marine,sandy,undifferentiated,moderately acidic to neutral,moderate chemical,morainal till,fine loamy and fine silty,undifferentiated,extremely calcareous,weak chemical, , , , , 
2357,0055004,well drained,morainal till,coarse loamy and coarse silty,mixed,moderately to very strongly calcareous,moderate chemical, , , , , , , , , , 
2358,0055005,well drained,morainal till,coarse loamy and coarse silty,sedementary - unspecified type,extremely to strongly acidic,moderate chemical, , , , , , , , , , 
2359,0055006,moderately well drained,morainal till,coarse loamy and coarse silty,sedementary - unspecified type,moderately to very strongly calcareous,weak chemical, , , , , , , , , , 
2360,0055007,rapidly drained,glacio-fluvial,skeletal,sedementary - unspecified type,moderately to very strongly calcareous,weak chemical, , , , , , , , , , 
2361,0055008,well drained,morainal till,fine loamy and fine silty,sedementary - unspecified type,moderately acidic to neutral,weak chemical, , , , , , , , , , 
2362,0055009,well drained,marine,sandy,mixed,moderately acidic to neutral,weak chemical,morainal till,coarse loamy and coarse silty,sedementary - unspecified type,moderately to very strongly calcareous,weak chemical, , , , , 
2363,0055010,well drained,marine,skeletal,sedementary - unspecified type,moderately to very strongly calcareous,unspecified, , , , , , , , , , 
2364,0055012,well drained,morainal till,coarse loamy and coarse silty,sedementary - unspecified type,moderately acidic to neutral,weak chemical, , , , , , , , , , 
2365,0055013,rapidly drained,fluvial,sandy,undifferentiated,extremely to strongly acidic,weak chemical, , , , , , , , , , 
2366,0055014,rapidly drained,fluvial,sandy,undifferentiated,extremely to strongly acidic,moderate chemical, , , , , , , , , , 
2367,0055015,well drained,morainal till,fragmental,sedementary - unspecified type,extremely to strongly acidic,weak chemical, , , , , , , , , , 
2368,0055016,imperfectly drained,marine,sandy,undifferentiated,extremely to strongly acidic,moderate chemical, , , , , , , , , , 
2369,0055017,poorly drained,marine,sandy,undifferentiated,moderately acidic to neutral,weak chemical, , , , , , , , , , 
2370,0055018,rapidly drained,morainal till,sandy,igneous - unspecified type,moderately acidic to neutral,moderate chemical, , , , , , , , , , 
2371,0055020, ,glaciolacustrine,fine loamy and fine silty,undifferentiated, ,chemical and physical,glacio-lacustrine,clayey,undifferentiated,moderately to very strongly calcareous,chemical and physical, , , , , 
2372,0055021,well drained,glaciolacustrine,sandy,undifferentiated,moderately acidic to neutral,chemical and physical,glacio-lacustrine,coarse loamy and coarse silty,undifferentiated,moderately to very strongly calcareous,chemical and physical,terrestrial,apparent,3, , 
2373,0055023,imperfectly drained,fluvial,sandy,sedementary - siltstone and mudstone,extremely to strongly acidic,weak chemical, , , , , , , , , , 
2374,0055024,poorly drained,morainal till,coarse loamy and coarse silty,undifferentiated,moderately to very strongly calcareous,moderate chemical, , , , , , , , , , 
2375,0055025,imperfectly drained,morainal till,coarse loamy and coarse silty,undifferentiated,moderately to very strongly calcareous,moderate chemical, , , , , , , , , , 
2376,0055026,poorly drained,morainal till,coarse loamy and coarse silty,undifferentiated,extremely calcareous,weak chemical, , , , , , , , , , 
2377,0055027,imperfectly drained,morainal till,coarse loamy and coarse silty,undifferentiated,moderately to very strongly calcareous,weak chemical, , , , , , , , , , 
2378,0055028,imperfectly drained,fluvial,sandy,undifferentiated,extremely to strongly acidic,weak chemical, , , , , , , , , , 
2379,0055029,poorly drained,marine,fine loamy and fine silty,undifferentiated,moderately acidic to neutral,weak chemical,morainal till,coarse loamy and coarse silty,mixed,moderately to very strongly calcareous,weak chemical, , , , , 
2380,0055030,imperfectly drained,marine,sandy,undifferentiated,extremely to strongly acidic,weak chemical, , , , , , , , , , 
2381,0055032,poorly drained,marine,sandy,undifferentiated,moderately acidic to neutral,weak chemical, , , , , , ,apparent,0.7, , 
2382,0055033,imperfectly drained,marine,coarse loamy and coarse silty,undifferentiated,moderately acidic to neutral,weak chemical,marine,clayey,undifferentiated,moderately acidic to neutral,weak chemical, , , , , 
2383,0055034,imperfectly drained,marine,coarse loamy and coarse silty,undifferentiated,moderately acidic to neutral,weak chemical, , , , , , , , , , 
2384,0055035,imperfectly drained,glaciolacustrine,sandy,sedementary - siltstone and mudstone,weakly calcareous,chemical and physical, , , , , , , ,1.1, , 
2385,0055036,poorly drained,lacustrine,fine loamy and fine silty,sedementary - siltstone and mudstone, ,chemical and physical,lacustrine,clayey, , ,chemical and physical, , , , , 
2386,0055037,moderately well drained,glaciolacustrine,clayey,sedementary - siltstone and mudstone,moderately to very strongly calcareous,chemical and physical, , , , , , , , , , 
2387,0055038,imperfectly drained,glaciolacustrine,sandy,sedementary - siltstone and mudstone, ,chemical and physical, , , , , , ,apparent, , , 
2388,0055039,imperfectly drained,glaciolacustrine, ,undifferentiated, ,chemical and physical,morainal till,clayey,undifferentiated, ,chemical and physical, ,apparent, , , 
2389,0055040,moderately well drained,glaciolacustrine,clayey,sedementary - siltstone and mudstone,moderately to very strongly calcareous,chemical and physical, , , , , , , , , , 
2390,0055041,poorly drained,lacustrine,clayey,sedementary - siltstone and mudstone,moderately to very strongly calcareous,chemical and physical, , , , , , , ,1.1, , 
2391,0055043,imperfectly drained,glaciolacustrine,fine loamy and fine silty,sedementary - siltstone and mudstone, ,chemical and physical,glacio-lacustrine,clayey, ,extremely calcareous,chemical and physical, , , , , 
2392,0055044,poorly drained,glaciolacustrine,clayey,sedementary - unspecified type, ,chemical and physical, , , , , , , , , , 
2393,0055046,poorly drained,fluvial,clayey,undifferentiated, ,chemical and physical, , , , , , ,apparent, , , 
2394,0055047,imperfectly drained,glaciolacustrine, ,sedementary - siltstone and mudstone, ,chemical and physical,glacio-lacustrine,clayey, , ,chemical and physical, , , , , 
2395,0055048,poorly drained,morainal till,clayey,sedementary - siltstone and mudstone,moderately to very strongly calcareous,chemical and physical, , , , , , , , , , 
2396,0055049,poorly drained,morainal till,clayey,sedementary - siltstone and mudstone, ,chemical and physical,glacio-lacustrine,clayey, , ,chemical and physical, , , , , 
2397,0055050,moderately well drained,fluvio-lacustrine,coarse loamy and coarse silty,sedementary - siltstone and mudstone,moderately to very strongly calcareous,chemical and physical, , , , , , , , , , 
2398,0055051,imperfectly drained,glaciolacustrine,sandy,sedementary - siltstone and mudstone, ,chemical and physical,glacio-lacustrine,coarse loamy and coarse silty, , ,chemical and physical, , , , , 
2399,0055052,well drained,glaciolacustrine, ,sedementary - siltstone and mudstone, ,chemical and physical, , , , , , ,apparent, , , 
2400,0055053,moderately well drained, , ,sedementary - siltstone and mudstone, , , , , , , , ,apparent, , , 
2401,0055054,imperfectly drained,morainal till,fine loamy and fine silty,sedementary - siltstone and mudstone, ,chemical and physical,morainal till,clayey, , ,chemical and physical, , , , , 
2402,0055055,poorly drained,morainal till,clayey,sedementary - siltstone and mudstone,moderately to very strongly calcareous,chemical and physical, , , , , , , , , , 
2403,0055056,imperfectly drained,glaciolacustrine,sandy,sedementary - siltstone and mudstone, ,chemical and physical,morainal till,clayey, , ,chemical and physical, , , , , 
2404,0055057,poorly drained,morainal till,fine loamy and fine silty,sedementary - siltstone and mudstone, ,chemical and physical, , , , , , , , , , 
2405,0055058,well drained,morainal till, ,sedementary - siltstone and mudstone, ,chemical and physical, , , , , , ,apparent, , , 
2406,0055059,very poorly drained,organic, ,organic material - forest peat,extremely to strongly acidic, ,lacustrine,clayey, ,moderately acidic to neutral,chemical and physical, , , , , 
2407,0055060,very poorly drained,organic, ,organic material - fen peat,extremely to strongly acidic, ,lacustrine,clayey, ,moderately acidic to neutral,chemical and physical, , ,0.2, , 
2408,0055061,very poorly drained,organic, ,sedementary - siltstone and mudstone,moderately acidic to neutral, ,lacustrine,clayey, ,moderately acidic to neutral,chemical and physical, , , , , 
2409,0055062,very poorly drained,organic, ,organic material - forest peat,extremely to strongly acidic, ,lacustrine,fine loamy and fine silty, ,moderately to very strongly calcareous,chemical and physical, , , , , 
2410,0055063,very poorly drained,organic, ,organic material - fen peat,extremely to strongly acidic, ,lacustrine,fine loamy and fine silty, ,moderately acidic to neutral,chemical and physical, , , , , 
2411,0055064,imperfectly drained,lacustrine, ,sedementary - siltstone and mudstone, ,chemical and physical,morainal till, , , ,chemical and physical, , , , , 
2412,0055065,very poorly drained,organic, ,organic material - fen peat,extremely to strongly acidic, ,lacustrine,clayey, ,moderately acidic to neutral,chemical and physical, , , , , 
2413,0055066,imperfectly drained,morainal till, ,sedementary - siltstone and mudstone, ,chemical and physical, , , , , , , , , , 
2414,0055067,very poorly drained,organic, ,organic material - forest peat,extremely to strongly acidic, ,lacustrine,clayey, ,moderately acidic to neutral,chemical and physical, , , , , 
2415,0055068,very poorly drained,organic, ,organic material - fen peat,extremely to strongly acidic, ,lacustrine,fine loamy and fine silty, ,moderately acidic to neutral,chemical and physical, , , , , 
2416,0055069,very poorly drained,organic, ,organic material - fen peat,extremely to strongly acidic, ,lacustrine,fine loamy and fine silty, ,moderately acidic to neutral,chemical and physical, , , , , 
2417,0055070,very poorly drained,organic, ,organic material - fen peat,extremely to strongly acidic, ,lacustrine,clayey, ,moderately acidic to neutral,chemical and physical, , , , , 
2418,0055071,very poorly drained,organic, ,organic material - forest peat,extremely to strongly acidic, ,lacustrine,clayey, ,moderately acidic to neutral,chemical and physical, , , , , 
2419,0055072,very poorly drained,organic, ,organic material - fen peat,extremely to strongly acidic, ,lacustrine,clayey, ,moderately acidic to neutral,chemical and physical, , , , , 
2420,0055073, ,organic, ,organic material - fen peat,extremely to strongly acidic, ,lacustrine,clayey, ,moderately acidic to neutral,chemical and physical, , , , , 
2421,0055074,very poorly drained,organic, ,organic material - forest peat,extremely to strongly acidic, ,glacio-lacustrine,clayey, ,moderately acidic to neutral, , , , , , 
2422,0055075,very poorly drained,organic, ,organic material - fen peat,moderately acidic to neutral, ,glacio-lacustrine,clayey, ,moderately acidic to neutral,chemical and physical, , , , , 
2423,0055076,very poorly drained,organic, ,organic material - forest peat,moderately acidic to neutral, ,lacustrine,coarse loamy and coarse silty, ,moderately to very strongly calcareous,chemical and physical, , , , , 
2424,0055077,very poorly drained,organic, ,organic material - forest peat,moderately acidic to neutral, ,lacustrine,fine loamy and fine silty, ,moderately to very strongly calcareous,chemical and physical, , , , , 
2425,0055078,very poorly drained,organic, ,organic material - forest peat,extremely to strongly acidic, ,lacustrine,clayey, ,moderately acidic to neutral,chemical and physical, ,apparent, , , 
2426,0055079,very poorly drained,organic, ,organic material - forest peat,moderately acidic to neutral, ,lacustrine,coarse loamy and coarse silty, ,moderately acidic to neutral,chemical and physical, ,apparent, , , 
2427,0055081,imperfectly drained,lacustrine,clayey,undifferentiated,moderately to very strongly calcareous,chemical and physical, , , , , , , , , , 
2428,0055082,poorly drained,glaciolacustrine,fine loamy and fine silty,undifferentiated, ,chemical and physical,glacio-lacustrine,clayey,undifferentiated, ,chemical and physical, , , , , 
2429,0055083,imperfectly drained, , ,sedementary - siltstone and mudstone, , , , , , , , ,apparent,1, , 
2430,0055084,rapidly drained,glaciolacustrine,sandy,undifferentiated, ,chemical and physical, , , , , , , , , , 
2431,0055085,well drained,glaciolacustrine, ,undifferentiated,moderately acidic to neutral,chemical and physical, , , , , , , , , , 
2432,0055086,poorly drained,lacustrine,clayey,sedementary - siltstone and mudstone,moderately to very strongly calcareous,chemical and physical, , , , , , , , , , 
2433,0055087,poorly drained,fluvial, ,sedementary - siltstone and mudstone,moderately acidic to neutral,chemical and physical,morainal till,clayey, ,moderately to very strongly calcareous,chemical and physical, , , , , 
2434,0055088,rapidly drained,glaciolacustrine,coarse loamy and coarse silty,sedementary - unspecified type,moderately acidic to neutral,chemical and physical, , , , , , , , , , 
2435,0055089,imperfectly drained,morainal till, ,sedementary - siltstone and mudstone,moderately to very strongly calcareous,chemical and physical, , , , , , , , , , 
2436,0055090, ,glaciolacustrine, ,sedementary - siltstone and mudstone, ,chemical and physical, , , , , , , , , , 
2437,0055091,imperfectly drained,morainal till,clayey,sedementary - siltstone and mudstone,moderately to very strongly calcareous,chemical and physical, , , , , , , , , , 
2438,0055092,rapidly drained,glaciolacustrine,skeletal,undifferentiated, ,chemical and physical, , , , , , ,apparent, , , 
2439,0055093,imperfectly drained,lacustrine,clayey,sedementary - siltstone and mudstone,moderately to very strongly calcareous,chemical and physical, , , , , , , , , , 
2440,0055094,poorly drained,glaciolacustrine,clayey,undifferentiated, ,chemical and physical, , , , , , , , , , 
2441,0055095,poorly drained,glaciolacustrine, ,sedementary - siltstone and mudstone, ,chemical and physical,morainal till, , , ,chemical and physical, , , , , 
2442,0055096, ,lacustrine,fine loamy and fine silty,sedementary - siltstone and mudstone,moderately to very strongly calcareous,chemical and physical,residual,fine loamy and fine silty,sedementary - unspecified type,moderately to very strongly calcareous,chemical and physical, , , , , 
2443,0055097,poorly drained,glaciolacustrine,clayey,sedementary - unspecified type,moderately to very strongly calcareous,chemical and physical, , , , , , , , , , 
2444,0055098,imperfectly drained,lacustrine,clayey,sedementary - siltstone and mudstone,moderately to very strongly calcareous,chemical and physical, , , , , , , , , , 
2445,0055099,poorly drained,morainal till,fine loamy and fine silty,sedementary - siltstone and mudstone,moderately to very strongly calcareous,chemical and physical, , , , , , , , , , 
2446,0055100,imperfectly drained,fluvial,coarse loamy and coarse silty,sedementary - siltstone and mudstone,moderately to very strongly calcareous,chemical and physical, , , , , , , , , , 
2447,0055101,imperfectly drained,glaciolacustrine,coarse loamy and coarse silty,sedementary - siltstone and mudstone, ,chemical and physical,glacio-lacustrine,clayey, , ,chemical and physical, , , , , 
2448,0055102,poorly drained,glaciolacustrine,clayey,sedementary - siltstone and mudstone,moderately to very strongly calcareous,chemical and physical, , , , , , , , , , 
2449,0055103,poorly drained,glaciolacustrine,clayey,sedementary - siltstone and mudstone, ,chemical and physical, , , , , , , , , , 
2450,0055104,imperfectly drained,lacustrine,fine loamy and fine silty,sedementary - siltstone and mudstone,moderately acidic to neutral,chemical and physical,lacustrine,clayey, ,moderately to very strongly calcareous,chemical and physical, , , , , 
2451,0055105,moderately well drained,glaciolacustrine,clayey,sedementary - siltstone and mudstone,moderately to very strongly calcareous,chemical and physical, , , , , , , , , , 
2452,0055106,rapidly drained,eolian,sandy,sedementary - siltstone and mudstone, ,chemical and physical, , , , , , , , , , 
2453,0055107,poorly drained,lacustrine,clayey,sedementary - siltstone and mudstone,moderately acidic to neutral,chemical and physical,glacio-lacustrine,clayey, , ,chemical and physical, , , , , 
2454,0055108,imperfectly drained,lacustrine, ,sedementary - siltstone and mudstone, , , , , , , , , , , , 
2455,0055109,poorly drained, , ,sedementary - siltstone and mudstone, , , , , , , , , , , , 
2456,0055110,poorly drained,morainal till,clayey,sedementary - siltstone and mudstone, ,chemical and physical,morainal till,clayey, , ,chemical and physical, , , , , 
2457,0055111,imperfectly drained,glaciolacustrine,fine loamy and fine silty,undifferentiated, ,chemical and physical,glacio-lacustrine,clayey,undifferentiated, ,chemical and physical, , , , , 
2458,0065112,moderately well drained,morainal till, ,metamorphic - schist and phyllite, , , , , , , , , , , , 
2459,0065117,moderately well drained,fluvial, ,undifferentiated, ,unspecified, , , , , , , , , , 
2460,0065119,well drained,morainal till, ,metamorphic - schist and phyllite, , , , , , , , , , , , 
2461,0065120,rapidly drained,marine, ,sedementary - siltstone and mudstone, ,unspecified, , , , , , , , , , 
2462,0065121,rapidly drained,marine, ,undifferentiated, ,unspecified, , , , , , , , , , 
2463,0065122,imperfectly drained,lacustrine, ,undifferentiated, ,unspecified, , , , , , , ,0.7, , 
2464,0065123,well drained,marine, ,undifferentiated, ,unspecified, , , , , , , , , , 
2465,0065124,moderately well drained,residual, ,sedementary - shale, ,unspecified, , , , , , ,apparent,0.9, , 
2466,0065126,poorly drained,fluvial, ,undifferentiated, ,unspecified, , , , , , , ,0.5, , 
2467,0065127,imperfectly drained,fluvio-marine, ,undifferentiated, ,unspecified, , , , , , ,other,4.5, , 
2468,0065128,imperfectly drained,fluvial, ,undifferentiated, ,unspecified, , , , , , , , , , 
2469,0065130,imperfectly drained,fluvial, ,undifferentiated, ,unspecified, , , , , , , , , , 
2470,0065131,imperfectly drained,marine, ,undifferentiated, ,unspecified, , , , , , , ,0.6, , 
2471,0065132,imperfectly drained,marine, ,undifferentiated, ,unspecified, , , , , , ,other,10, , 
2472,0065133,poorly drained,marine, ,undifferentiated, ,unspecified, , , , , , ,other,0.8, , 
2473,0065134,well drained,fluvial, ,undifferentiated, ,unspecified, , , , , , , , , , 
2474,0065135,well drained,morainal till, ,igneous - unspecified type, ,unspecified, , , , , , , , , , 
2475,0065136,moderately well drained,marine, ,undifferentiated, ,unspecified, , , , , , , ,0.5, , 
2476,0065137,imperfectly drained,marine, ,undifferentiated, ,unspecified, , , , , , , , , , 
2477,0065138,well drained,marine, ,undifferentiated, ,unspecified,lacustrine, ,undifferentiated, ,unspecified, , ,0.5, , 
2478,0065139,imperfectly drained,glaciomarine, ,undifferentiated, ,unspecified, , , , , , , , , , 
2479,0065140, , , ,sedementary - siltstone and mudstone, , , , , , , , , , , , 
2480,0065141, , , ,sedementary - siltstone and mudstone, , , , , , , , , , , , 
2481,0065142,well drained,morainal till, ,sedementary - siltstone and mudstone, , , , , , , , , , , , 
2482,0065143,imperfectly drained,marine, ,undifferentiated, ,unspecified,lacustrine, ,undifferentiated, ,unspecified, , ,0.6, , 
2483,0065144,imperfectly drained,marine, ,undifferentiated, ,unspecified, , , , , , , ,8, , 
2484,0065145,well drained,fluvio-marine, ,undifferentiated, ,unspecified, , , , , , , , , , 
2485,0065146,imperfectly drained,marine, ,undifferentiated, ,unspecified, , , , , , , , , , 
2486,0065148,well drained,fluvial, ,undifferentiated, ,unspecified, , , , , , , , , , 
2487,0065149,well drained,marine, ,undifferentiated, ,unspecified, , , , , , , , , , 
2488,0065150,imperfectly drained,lacustrine, ,undifferentiated, ,unspecified, , , , , , , , , , 
2489,0065151,rapidly drained,marine, ,undifferentiated, ,unspecified, , , , , , , , , , 
2490,0065152,moderately well drained,morainal till, ,undifferentiated, ,unspecified, , , , , , , ,1.5, , 
2491,0065153,imperfectly drained,lacustrine, ,undifferentiated, ,unspecified, , , , , , , , , , 
2492,0065154,rapidly drained,eolian, ,undifferentiated, ,unspecified, , , , , , , , , , 
2493,0065155,rapidly drained,fluvio-marine, ,igneous - unspecified type, ,unspecified, , , , , , , , , , 
2494,0065156,well drained,morainal till, ,igneous - unspecified type, ,unspecified, , , , , , , , , , 
2495,0065157,very rapidly drained,marine, ,undifferentiated, ,unspecified,morainal till, ,igneous - unspecified type, ,unspecified, , , , , 
2496,0065158,well drained,fluvio-marine, ,undifferentiated, ,unspecified, , , , , , , , , , 
2497,0065159,rapidly drained,marine, ,undifferentiated, ,unspecified, , , , , , , , , , 
2498,0065160,rapidly drained,fluvio-marine, ,igneous - unspecified type, ,unspecified, , , , , , , , , , 
2499,0065161,moderately well drained,marine, ,undifferentiated, ,unspecified, , , , , , , , , , 
2500,0065162,imperfectly drained,fluvio-marine, ,undifferentiated, ,unspecified, , , , , , , , , , 
2501,0065164,well drained,marine, ,undifferentiated, ,unspecified, , , , , , , , , , 
2502,0065167,imperfectly drained,lacustrine, ,undifferentiated, ,unspecified, , , , , , , ,1.2, , 
2503,0065168,imperfectly drained,fluvial, ,undifferentiated, ,unspecified, , , , , , ,apparent,0.6, , 
2504,0065169,imperfectly drained,fluvio-marine, ,undifferentiated, ,unspecified, , , , , , , , , , 
2505,0065170, ,morainal till, ,igneous - coarse acidic, ,unspecified, , ,metamorphic - unspecified type, , , , , , , 
2506,0065171,poorly drained,marine, ,sedementary - siltstone and mudstone, , , , , , , , , , , , 
2507,0065175,moderately well drained,marine, ,sedementary - siltstone and mudstone, , , , , , , , , ,0.5, , 
2508,0065176,moderately well drained,marine, ,sedementary - siltstone and mudstone, , ,marine, , , , , , ,0.5, , 
2509,0065177,poorly drained,marine, ,sedementary - siltstone and mudstone, , , , , , , , , , , , 
2510,0065179,imperfectly drained,fluvial, ,sedementary - siltstone and mudstone, , , , , , , , , ,0.4, , 
2511,0065180,well drained,fluvial, ,sedementary - siltstone and mudstone, , ,marine, , , , , , , , , 
2512,0065181,well drained,morainal till, ,sedementary - siltstone and mudstone, , , , , , , , , , , , 
2513,0065182, , , ,sedementary - siltstone and mudstone, , , , , , , , , ,0.3, , 
2514,0065184,imperfectly drained,lacustrine, ,sedementary - siltstone and mudstone, , , , , , , , , ,0.9, , 
2515,0065186,very poorly drained,marine, ,sedementary - siltstone and mudstone, , , , , , , , , ,1, , 
2516,0065188,well drained,fluvio-marine,coarse loamy and coarse silty,sedementary - sandstone,moderately acidic to neutral,moderate chemical,morainal till,skeletal,sedementary - sandstone,moderately to very strongly calcareous,weak chemical, , , , , 
2517,0065190,very rapidly drained,fluvial,coarse loamy and coarse silty,mixed,extremely to strongly acidic,weak chemical, , , , , ,terrestrial,apparent,5, , 
2518,0065192,well drained,morainal till,coarse loamy and coarse silty,igneous - coarse basic,moderately acidic to neutral,chemical and physical,glacio-fluvial,stratified - mineral,igneous - coarse basic,moderately acidic to neutral,chemical and physical,terrestrial, , , , 
2519,0065193,poorly drained,fluvio-marine,sandy,sedementary - unspecified type,extremely to strongly acidic,unspecified, , , , , , , , , , 
2520,0065195,well drained,fluvial,coarse loamy and coarse silty,sedementary - limestone,moderately acidic to neutral,unspecified, , , , , , , , , , 
2521,0065196,poorly drained,organic, ,organic material - forest peat, , , , , , , , , , , , 
2522,0065198,poorly drained,organic, ,organic material - forest peat, , , , , , , , , , , , 
2523,0065199,imperfectly drained,fluvial,sandy,sedementary - siltstone and mudstone,moderately acidic to neutral,unspecified, , , , , , , , , , 
2524,0065200,poorly drained,organic, ,organic material - forest peat, , , , , , , , , , , , 
2525,0065201,poorly drained,fluvial,sandy,sedementary - shale,moderately acidic to neutral,unspecified, , , , , , , , , , 
2526,0065202,poorly drained,organic, ,organic material - forest peat, , , , ,organic material - fen peat, , , , , , , 
2527,0065203,poorly drained,lacustrine,fine loamy and fine silty,sedementary - shale, ,unspecified, , , , , , , , , , 
2528,0065205,moderately well drained,residual,fine loamy and fine silty,sedementary - shale,extremely to strongly acidic,unspecified, , , , , , , , , , 
2529,0065206,poorly drained,organic, ,organic material - forest peat, , , , , , , , , , , , 
2530,0065207,very rapidly drained,fluvial,sandy,sedementary - siltstone and mudstone,extremely to strongly acidic,unspecified, , , , , , , , , , 
2531,0065209,imperfectly drained,lacustrine,coarse loamy and coarse silty,sedementary - shale,moderately acidic to neutral,unspecified, , , , , , , , , , 
2532,0065210,poorly drained,fluvial,fine loamy and fine silty,sedementary - siltstone and mudstone,moderately acidic to neutral,unspecified, , , , , , , , , , 
2533,0065212,imperfectly drained,fluvial,fine loamy and fine silty,sedementary - unspecified type,weakly calcareous, , , , , , , , , , , 
2534,0065213,imperfectly drained,marine,fine loamy and fine silty,sedementary - siltstone and mudstone,moderately acidic to neutral, , , , , , , , , , , 
2535,0065214,imperfectly drained,marine,clayey,sedementary - siltstone and mudstone,moderately acidic to neutral,unspecified, , , , , , , , , , 
2536,0065215,imperfectly drained,marine,clayey,sedementary - siltstone and mudstone,moderately acidic to neutral,unspecified, , , , , , , , , , 
2537,0065216,very rapidly drained,fluvial,sandy,undifferentiated,moderately acidic to neutral,unspecified, , , , , , , , , , 
2538,0065217,imperfectly drained,lacustrine,fine loamy and fine silty,sedementary - siltstone and mudstone,undifferentiated,unspecified, , , , , , , , , , 
2539,0065219,well drained,morainal till,skeletal,igneous - unspecified type,extremely to strongly acidic,unspecified, , , , , , , , , , 
2540,0065220,imperfectly drained,fluvio-marine,skeletal,sedementary - siltstone and mudstone,extremely to strongly acidic,unspecified, , , , , , , , , , 
2541,0065221,very rapidly drained,fluvial,skeletal,gneiss,extremely to strongly acidic,unspecified, , , , , , , , , , 
2542,0065223,imperfectly drained,morainal till,coarse loamy and coarse silty,sedementary - siltstone and mudstone,weakly calcareous,unspecified, , , , , , , , , , 
2543,0065224,poorly drained,fluvio-marine,coarse loamy and coarse silty,sedementary - siltstone and mudstone,moderately acidic to neutral,unspecified, , , , , , , , , , 
2544,0065225,very poorly drained,fluvial,fine loamy and fine silty,sedementary - limestone, ,unspecified, , , , , , , , , , 
2545,0065227,moderately well drained,marine,clayey,sedementary - siltstone and mudstone,weakly calcareous,unspecified, , , , , , , , , , 
2546,0065229,very rapidly drained,morainal till,skeletal,mixed,moderately acidic to neutral,unspecified, , , , , , , , , , 
2547,0065230,well drained,morainal till,skeletal,sedementary - limestone,weakly calcareous,unspecified, , , , , , , , , , 
2548,0065231,very rapidly drained,glacio-fluvial,skeletal,sedementary - siltstone and mudstone,moderately acidic to neutral,unspecified, , , , , , , , , , 
2549,0065233,imperfectly drained,marine,coarse loamy and coarse silty,sedementary - siltstone and mudstone,moderately acidic to neutral,unspecified, , , , , , , , , , 
2550,0065236,poorly drained,fluvio-marine,sandy,sedementary - siltstone and mudstone,extremely to strongly acidic,unspecified, , , , , , , , , , 
2551,0065238,very rapidly drained,fluvial,sandy,sedementary - siltstone and mudstone,extremely to strongly acidic,unspecified, , , , , , , , , , 
2552,0065239,poorly drained,lacustrine,fine loamy and fine silty,sedementary - limestone,weakly calcareous,unspecified, , , , , , , , , , 
2553,0065240,imperfectly drained,fluvio-marine,sandy,sedementary - unspecified type,extremely to strongly acidic, , , , , , , , , , , 
2554,0065242,imperfectly drained,fluvial,coarse loamy and coarse silty,sedementary - shale,moderately acidic to neutral,unspecified, , , , , , , , , , 
2555,0065243,well drained,fluvio-lacustrine,coarse loamy and coarse silty,sedementary - siltstone and mudstone,moderately acidic to neutral,unspecified, , , , , , , , , , 
2556,0065244,moderately well drained,residual,fine loamy and fine silty,sedementary - shale,extremely to strongly acidic,unspecified, , , , , , , , , , 
2557,0065245,imperfectly drained,fluvio-marine,sandy,sedementary - siltstone and mudstone,moderately acidic to neutral,unspecified, , , , , , , , , , 
2558,0065246,very poorly drained,fluvial,fine loamy and fine silty,sedementary - limestone, ,unspecified, , , , , , , , , , 
2559,0065247,imperfectly drained,morainal till,coarse loamy and coarse silty,sedementary - limestone,weakly calcareous,unspecified, , , , , , , , , , 
2560,0075305,well drained,fluvial, ,sedementary - siltstone and mudstone, , , , , , , ,terrestrial, , , , 
2561,0075306,well drained,fluvial, ,sedementary - siltstone and mudstone, , , , , , , , , , , , 
2562,0075307,well drained, , ,sedementary - siltstone and mudstone, , , , , , , , , , , , 
2563,0075308,well drained,morainal till, ,sedementary - siltstone and mudstone, , , , , , , ,terrestrial, , , , 
2564,0075309,well drained,morainal till, ,sedementary - shale, , , , , , , , , , , , 
2565,0075310, , , ,sedementary - siltstone and mudstone, , , , , , , , , , , , 
2566,0075311, , , ,sedementary - siltstone and mudstone, , , , , , , , , , , , 
2567,0075312,well drained,morainal till, ,sedementary - shale, , , , , , , ,terrestrial, , , , 
2568,0075313,well drained,morainal till, ,sedementary - shale, , , , , , , ,terrestrial, , , , 
2569,0075314,rapidly drained,fluvio-marine, ,sedementary - slate, , , , , , , ,terrestrial, , , , 
2570,0075316,well drained,fluvio-marine, ,metamorphic - quartzite, , , , , , , ,terrestrial, , , , 
2571,0075317,well drained,morainal till, ,sedementary - shale, , ,morainal till, ,metamorphic - quartzite, , ,terrestrial, , , , 
2572,0075318,imperfectly drained,morainal till, ,sedementary - shale, , , , , , , ,terrestrial, , , , 
2573,0075319,very poorly drained,morainal till, ,sedementary - shale, , , , , , , ,hydromorphic, , , , 
2574,0075320,well drained,fluvio-marine, ,sedementary - shale, , ,fluvio-marine, ,sedementary - limestone, , ,terrestrial, , , , 
2575,0075321,very rapidly drained,morainal till, ,sedementary - siltstone and mudstone, , ,morainal till, ,sedementary - sandstone, , ,terrestrial, , , , 
2576,0075322,well drained,morainal till, ,sedementary - sandstone, , ,morainal till, ,sedementary - limestone, , ,terrestrial, , , , 
2577,0075323,imperfectly drained,morainal till, ,sedementary - sandstone, , , , , , , ,terrestrial, , , , 
2578,0075324,very poorly drained,morainal till, ,organic material - sphagnum peat, , , , , , , , , , , , 
2579,0075326,very poorly drained,morainal till, ,sedementary - siltstone and mudstone, , , , , , , ,hydromorphic, , , , 
2580,0075328,very rapidly drained,morainal till, ,undifferentiated, , ,morainal till, , , , ,terrestrial, , , , 
2581,0075329,well drained,morainal till, ,sedementary - siltstone and mudstone, , ,morainal till, ,metamorphic - quartzite, , ,terrestrial, , , , 
2582,0075330,imperfectly drained,morainal till, ,sedementary - shale, , ,morainal till, ,metamorphic - quartzite, , ,terrestrial, , , , 
2583,0075331,very poorly drained,morainal till, ,sedementary - siltstone and mudstone, , , , , , , ,hydromorphic, , , , 
2584,0075332,well drained,colluvial, ,sedementary - siltstone and mudstone, , , , , , , ,terrestrial, , , , 
2585,0075333,well drained,morainal till, ,sedementary - siltstone and mudstone, , , , , , , ,terrestrial, , , , 
2586,0075334,well drained,morainal till, ,sedementary - shale, , , , , , , ,terrestrial, , , , 
2587,0075335,well drained,morainal till, ,metamorphic - quartzite, , , , , , , ,terrestrial, , , , 
2588,0075336,well drained,morainal till, ,sedementary - limestone, , ,morainal till, , , , ,terrestrial, , , , 
2589,0075337,moderately well drained,morainal till, ,sedementary - siltstone and mudstone, , , , , , , ,terrestrial, , , , 
2590,0075338,well drained,morainal till, ,metamorphic - quartzite, , ,morainal till, ,sedementary - shale, , ,terrestrial, , , , 
2591,0075339,moderately well drained,morainal till, ,sedementary - shale, , , , ,sedementary - slate, , ,terrestrial, , , , 
2592,0075340,very poorly drained,morainal till, ,sedementary - shale, , , , , , , ,terrestrial, , , , 
2593,0075341,well drained,morainal till, ,sedementary - shale, , ,morainal till, , , , ,terrestrial, , , , 
2594,0075343,very poorly drained,morainal till, ,sedementary - shale, , , , , , , ,terrestrial, , , , 
2595,0075346,well drained, , ,sedementary - siltstone and mudstone, , , , , , , ,terrestrial, , , , 
2596,0075347,well drained,morainal till, ,sedementary - sandstone, , ,morainal till, ,metamorphic - quartzite, , ,terrestrial, , , , 
2597,0075348,well drained,morainal till, ,metamorphic - schist and phyllite, , ,morainal till, ,sedementary - slate, , ,terrestrial, , , , 
2598,0075350,well drained,fluvio-marine, ,undifferentiated, , , , , , , ,terrestrial, , , , 
2599,0075352,well drained,morainal till, ,metamorphic - quartzite, , ,morainal till, ,sedementary - slate, , ,terrestrial, , , , 
2600,0075354,well drained,morainal till, ,igneous - coarse basic, , ,morainal till, ,igneous - coarse acidic, , ,terrestrial, , , , 
2601,0075356,imperfectly drained,morainal till, ,sedementary - shale, , ,morainal till, , , , ,terrestrial, , , , 
2602,0075358,moderately well drained,morainal till, ,igneous - unspecified type, , , , , , , ,terrestrial, , , , 
2603,0075372,well drained,morainal till, ,sedementary - shale, , ,morainal till, ,sedementary - slate, , ,terrestrial, , , , 
2604,0075389,well drained,morainal till, ,sedementary - slate, , ,morainal till, ,sedementary - shale, , , , , , , 
2605,0075390,imperfectly drained,fluvial, ,sedementary - siltstone and mudstone, , , , , , , ,terrestrial, , , , 
2606,0075392,imperfectly drained,morainal till, ,sedementary - shale, , ,morainal till, ,metamorphic - quartzite, , ,terrestrial, , , , 
2607,0075393,very poorly drained,morainal till, ,sedementary - shale, , ,morainal till, ,sedementary - slate, , ,hydromorphic, , , , 
2608,0075394,well drained,fluvial, ,sedementary - siltstone and mudstone, , , , , , , ,terrestrial, , , , 
2609,0075395,well drained,morainal till, ,sedementary - slate, , , , , , , ,terrestrial, , , , 
2610,0075396,poorly drained,fluvial, ,sedementary - siltstone and mudstone, , , , , , , ,terrestrial, , , , 
2611,0075409,well drained,morainal till,coarse loamy and coarse silty,sedementary - unspecified type,extremely to strongly acidic, ,morainal till,fine loamy and fine silty,sedementary - unspecified type,extremely to strongly acidic,chemical and physical, , , , , 
2612,0075413,poorly drained,morainal till,coarse loamy and coarse silty,sedementary - unspecified type,extremely to strongly acidic,chemical and physical,morainal till,fine loamy and fine silty,sedementary - unspecified type,extremely to strongly acidic,chemical and physical, , , , , 
2613,0075414,well drained,morainal till,coarse loamy and coarse silty,sedementary - unspecified type,extremely to strongly acidic,chemical and physical,morainal till,fine loamy and fine silty,sedementary - unspecified type,extremely to strongly acidic,chemical and physical, , , , , 
2614,0075416,moderately well drained,morainal till,fine loamy and fine silty,sedementary - unspecified type,extremely to strongly acidic,chemical and physical, , , , , , , , , , 
2615,0075417,imperfectly drained,morainal till,fine loamy and fine silty,sedementary - siltstone and mudstone,extremely to strongly acidic,chemical and physical, , , , , , , , , , 
2616,0075418,imperfectly drained,fluvial,sandy,sedementary - unspecified type,extremely to strongly acidic,chemical and physical,morainal till,fine loamy and fine silty,sedementary - unspecified type,extremely to strongly acidic,chemical and physical, , , , , 
2617,0075420,well drained,morainal till, ,sedementary - shale, , , , , , , , , , , , 
2618,0075421,moderately well drained, , ,sedementary - shale, , , , , , , , , , , , 
2619,0075424,well drained,morainal till, ,sedementary - slate, , ,morainal till, ,sedementary - shale, , ,terrestrial, , , , 
2620,0075428,imperfectly drained,marine,coarse loamy and coarse silty,sedementary - unspecified type,extremely to strongly acidic,chemical and physical,morainal till,fine loamy and fine silty,sedementary - unspecified type,extremely to strongly acidic,chemical and physical, , , , , 
2621,0075430,moderately well drained,morainal till,coarse loamy and coarse silty,sedementary - unspecified type,extremely to strongly acidic,chemical and physical,morainal till,fine loamy and fine silty,sedementary - unspecified type,extremely to strongly acidic,chemical and physical, , , , , 
2622,0075431,poorly drained,glaciomarine,clayey,sedementary - unspecified type,extremely to strongly acidic,chemical and physical, , , , , , , , , , 
2623,0075434,well drained,glacio-fluvial,sandy,sedementary - sandstone,extremely to strongly acidic,unspecified,residual,skeletal,sedementary - sandstone,extremely to strongly acidic,unspecified,terrestrial, , , , 
2624,0075435,moderately well drained,morainal till,clayey,sedementary - shale,extremely to strongly acidic,unspecified, , , , , ,terrestrial, , , , 
2625,0075436,poorly drained,morainal till,clayey,sedementary - shale,moderately acidic to neutral,unspecified,marine,clayey,undifferentiated,moderately acidic to neutral,unspecified,terrestrial, , , , 
2626,0075439,imperfectly drained,glacio-fluvial,sandy,sedementary - sandstone,extremely to strongly acidic,unspecified,morainal till,fine loamy and fine silty,sedementary - shale,extremely to strongly acidic,unspecified,terrestrial, , , , 
2627,0075441,well drained,morainal till,fine loamy and fine silty,sedementary - shale,extremely to strongly acidic,unspecified, , , , , ,terrestrial, , , , 
2628,0075442,well drained,lacustrine,fine loamy and fine silty,undifferentiated,extremely to strongly acidic,unspecified, , , , , ,terrestrial, , , , 
2629,0075444,well drained,morainal till,sandy,igneous - unspecified type,extremely to strongly acidic,unspecified, , , , , ,terrestrial, , , , 
2630,0075445,well drained,morainal till,fragmental,igneous - unspecified type,extremely to strongly acidic,unspecified, , , , , ,terrestrial, , , , 
2631,0075446,well drained,glacio-fluvial,sandy,igneous - unspecified type,extremely to strongly acidic,unspecified,glacio-fluvial,coarse loamy and coarse silty,igneous - unspecified type,extremely to strongly acidic,unspecified,terrestrial, , , , 
2632,0075447,well drained,morainal till,coarse loamy and coarse silty,sedementary - shale,extremely to strongly acidic,unspecified,morainal till,fine loamy and fine silty,sedementary - shale,extremely to strongly acidic,unspecified,terrestrial, , , , 
2633,0075448,well drained,morainal till,clayey,sedementary - shale,extremely to strongly acidic,unspecified, , , , , ,terrestrial, , , , 
2634,0075449,well drained,morainal till,fine loamy and fine silty,metamorphic - quartzite,extremely to strongly acidic,unspecified, , , , , ,terrestrial, , , , 
2635,0075450,well drained,morainal till,coarse loamy and coarse silty,sedementary - siltstone and mudstone,extremely to strongly acidic,chemical and physical, , , , , , , , , , 
2636,0075451,imperfectly drained,marine,clayey,sedementary - siltstone and mudstone, , , , , , , , , , , , 
2637,0075452,imperfectly drained,morainal till,fine loamy and fine silty,sedementary - siltstone and mudstone,moderately acidic to neutral, , , , , , , , , , , 
2638,0075453,moderately well drained,glacio-fluvial,coarse loamy and coarse silty,mixed,extremely to strongly acidic,chemical and physical,morainal till,fine loamy and fine silty,sedementary - unspecified type,extremely to strongly acidic,chemical and physical, , , , , 
2639,0075454,imperfectly drained,fluvial,sandy,sedementary - siltstone and mudstone,extremely to strongly acidic,chemical and physical, ,fine loamy and fine silty, ,extremely to strongly acidic,chemical and physical, , , , , 
2640,0075455,poorly drained,morainal till,fine loamy and fine silty,sedementary - siltstone and mudstone,extremely to strongly acidic,chemical and physical, , , , , , ,apparent,0.8, , 
2641,0075456,imperfectly drained,morainal till,fine loamy and fine silty,sedementary - shale,extremely to strongly acidic,chemical and physical, , , , , , , , , , 
2642,0075457,imperfectly drained,glacio-fluvial,sandy,sedementary - sandstone,extremely to strongly acidic,unspecified,glacio-fluvial,skeletal,sedementary - sandstone,extremely to strongly acidic,unspecified, , , , , 
2643,0075458,well drained,morainal till,coarse loamy and coarse silty,sedementary - siltstone and mudstone,extremely to strongly acidic,chemical and physical,morainal till,fine loamy and fine silty,igneous - unspecified type,extremely to strongly acidic,chemical and physical, , , , , 
2644,0075459, ,morainal till,coarse loamy and coarse silty,sedementary - siltstone and mudstone,extremely to strongly acidic, , , , , , , ,apparent,0.8, , 
2645,0075460,well drained,glacio-fluvial,sandy,sedementary - sandstone,extremely to strongly acidic,unspecified,morainal till,fine loamy and fine silty,sedementary - shale,extremely to strongly acidic,unspecified,terrestrial, , , , 
2646,0075461,well drained,morainal till,coarse loamy and coarse silty,sedementary - unspecified type,extremely to strongly acidic,chemical and physical,residual,skeletal,sedementary - conglomerate,moderately acidic to neutral,chemical and physical, , , , , 
2647,0075462,well drained,morainal till,fine loamy and fine silty,sedementary - sandstone,extremely to strongly acidic,chemical and physical,morainal till, , , , , , , , , 
2648,0075464,well drained,glacio-fluvial,sandy,sedementary - sandstone,extremely to strongly acidic,unspecified,morainal till,fine loamy and fine silty,sedementary - shale,extremely to strongly acidic,unspecified,terrestrial, , , , 
2649,0075466,well drained,morainal till, ,mixed,extremely to strongly acidic,chemical and physical, , , , , , , , , , 
2650,0075468,well drained,morainal till, ,sedementary - siltstone and mudstone,extremely to strongly acidic,chemical and physical, , , , , , , , , , 
2651,0075469,well drained,marine,sandy,sedementary - sandstone,extremely to strongly acidic,unspecified, , , , , , , , , , 
2652,0075470,moderately well drained,glacio-fluvial,sandy,sedementary - sandstone,extremely to strongly acidic,unspecified, , , , , ,terrestrial, , , , 
2653,0075471,rapidly drained,marine,sandy,sedementary - sandstone,extremely to strongly acidic,unspecified, , , , , ,terrestrial, , , , 
2654,0075472,well drained,glacio-fluvial,sandy,sedementary - sandstone,extremely to strongly acidic,unspecified, , , , , , , , , , 
2655,0075473,rapidly drained,marine,sandy,sedementary - sandstone,extremely to strongly acidic,unspecified, , , , , , , , , , 
2656,0075474,well drained,glacio-fluvial,sandy,sedementary - sandstone,extremely to strongly acidic,unspecified,morainal till,fine loamy and fine silty,sedementary - shale,extremely to strongly acidic,unspecified,terrestrial, , , , 
2657,0075475,well drained,morainal till,coarse loamy and coarse silty,sedementary - sandstone,extremely to strongly acidic,unspecified, , , , , ,terrestrial, , , , 
2658,0075476,moderately well drained,morainal till,coarse loamy and coarse silty,sedementary - sandstone,extremely to strongly acidic,unspecified,marine,clayey,undifferentiated,moderately acidic to neutral,unspecified, , , , , 
2659,0075477,moderately well drained,marine,clayey,undifferentiated,moderately acidic to neutral,unspecified, , , , , ,terrestrial, , , , 
2660,0075478,well drained,glaciomarine,sandy,sedementary - sandstone,extremely to strongly acidic,unspecified, , , , , ,terrestrial, , , , 
2661,0075479,well drained,glacio-fluvial,sandy,sedementary - sandstone,extremely to strongly acidic,unspecified,morainal till,fine loamy and fine silty,sedementary - shale,extremely to strongly acidic,unspecified, , , , , 
2662,0075480,well drained,morainal till,coarse loamy and coarse silty,sedementary - sandstone,extremely to strongly acidic,unspecified,morainal till,fine loamy and fine silty,sedementary - shale,extremely to strongly acidic,unspecified,terrestrial, , , , 
2663,0075481,well drained,morainal till,coarse loamy and coarse silty,sedementary - sandstone,extremely to strongly acidic,unspecified,morainal till,fine loamy and fine silty,sedementary - shale,extremely to strongly acidic,unspecified,terrestrial, , , , 
2664,0075482,moderately well drained,marine,clayey,undifferentiated,moderately acidic to neutral,unspecified, , , , , , , , , , 
2665,0075483,moderately well drained,morainal till,fine loamy and fine silty,sedementary - shale,extremely to strongly acidic,unspecified,morainal till,clayey,sedementary - shale,extremely to strongly acidic,unspecified,terrestrial, , , , 
2666,0075484,well drained,morainal till,fine loamy and fine silty,igneous - unspecified type,extremely to strongly acidic,unspecified, , , , , , , , , , 
2667,0075486,well drained,morainal till,sandy,sedementary - sandstone,extremely to strongly acidic,unspecified, , , , , ,terrestrial, , , , 
2668,0075487,well drained,morainal till,coarse loamy and coarse silty,sedementary - sandstone,extremely to strongly acidic,unspecified,morainal till,fine loamy and fine silty,sedementary - shale,extremely to strongly acidic,unspecified,terrestrial, , , , 
2669,0075488,well drained,glacio-fluvial,sandy,sedementary - sandstone,extremely to strongly acidic,unspecified,morainal till,fine loamy and fine silty,sedementary - shale,extremely to strongly acidic,unspecified, , , , , 
2670,0075489,poorly drained,morainal till,fine loamy and fine silty,sedementary - shale,extremely to strongly acidic,unspecified, , , , , ,terrestrial, , , , 
2671,0075490,well drained,morainal till,fine loamy and fine silty,igneous - unspecified type,extremely to strongly acidic,unspecified, , , , , ,terrestrial, , , , 
2672,0075491,moderately well drained,morainal till,fine loamy and fine silty,sedementary - shale,extremely to strongly acidic,unspecified, , , , , , , , , , 
2673,0075492,well drained,marine,coarse loamy and coarse silty,sedementary - sandstone,extremely to strongly acidic,unspecified, , , , , ,terrestrial, , , , 
2674,0075493,well drained,morainal till,coarse loamy and coarse silty,sedementary - sandstone,extremely to strongly acidic,unspecified, , , , , ,terrestrial, , , , 
2675,0075494,well drained,glacio-fluvial,skeletal,sedementary - sandstone,extremely to strongly acidic,unspecified, , , , , ,terrestrial, , , , 
2676,0075495,well drained,morainal till,coarse loamy and coarse silty,sedementary - sandstone,extremely to strongly acidic,unspecified,morainal till,fine loamy and fine silty,sedementary - shale,extremely to strongly acidic,unspecified, , , , , 
2677,0075496,well drained,glacio-fluvial,skeletal,sedementary - sandstone,moderately acidic to neutral,unspecified, , , , , , , , , , 
2678,0075497,well drained,morainal till,coarse loamy and coarse silty,sedementary - sandstone,extremely to strongly acidic,unspecified,morainal till,fine loamy and fine silty,sedementary - shale,extremely to strongly acidic,unspecified, , , , , 
2679,0075498,well drained,morainal till,fine loamy and fine silty,sedementary - shale,extremely to strongly acidic,unspecified, , , , , ,terrestrial, , , , 
2680,0075499,well drained,morainal till,coarse loamy and coarse silty,sedementary - sandstone,extremely to strongly acidic,unspecified,morainal till,fine loamy and fine silty,sedementary - shale,extremely to strongly acidic,unspecified, , , , , 
2681,0075500,well drained,glacio-fluvial,coarse loamy and coarse silty,sedementary - sandstone,extremely to strongly acidic,unspecified, , , , , , , , , , 
2682,0075501,well drained,marine,coarse loamy and coarse silty,sedementary - sandstone,extremely to strongly acidic,unspecified,morainal till,fine loamy and fine silty,sedementary - shale,extremely to strongly acidic,unspecified, , , , , 
2683,0075502,imperfectly drained,glacio-fluvial,sandy,sedementary - sandstone,extremely to strongly acidic,unspecified, , , , , ,terrestrial, , , , 
2684,0075503,well drained,glacio-fluvial,coarse loamy and coarse silty,sedementary - sandstone,extremely to strongly acidic,unspecified,morainal till,fine loamy and fine silty,sedementary - shale,extremely to strongly acidic,unspecified,terrestrial, , , , 
2685,0075504,very poorly drained,marine,clayey,undifferentiated,moderately acidic to neutral,unspecified, , , , , , , , , , 
2686,0075505,well drained,morainal till,coarse loamy and coarse silty,sedementary - sandstone,extremely to strongly acidic,unspecified,morainal till,fine loamy and fine silty,sedementary - shale,extremely to strongly acidic,unspecified, , , , , 
2687,0075506,well drained,morainal till,coarse loamy and coarse silty,sedementary - sandstone,extremely to strongly acidic,unspecified,morainal till,fine loamy and fine silty,sedementary - shale,extremely to strongly acidic,unspecified, , , , , 
2688,0075507,imperfectly drained,morainal till,coarse loamy and coarse silty,sedementary - sandstone,extremely to strongly acidic,unspecified,morainal till,fine loamy and fine silty,sedementary - shale,extremely to strongly acidic,unspecified,terrestrial, , , , 
2689,0075508,well drained,morainal till,clayey,sedementary - shale,extremely to strongly acidic,unspecified,morainal till,coarse loamy and coarse silty,sedementary - shale,extremely to strongly acidic,unspecified,terrestrial, , , , 
2690,0075509,well drained,morainal till,coarse loamy and coarse silty,sedementary - sandstone,extremely to strongly acidic,unspecified, , , , , ,terrestrial, , , , 
2691,0075511,poorly drained,glacio-fluvial,sandy,sedementary - sandstone,extremely to strongly acidic,unspecified,morainal till,fine loamy and fine silty,sedementary - shale,extremely to strongly acidic,unspecified,terrestrial, , , , 
2692,0075512,moderately well drained,morainal till,clayey,sedementary - shale,extremely to strongly acidic,unspecified,lacustrine,clayey,undifferentiated,extremely to strongly acidic,unspecified, , , , , 
2693,0075514,poorly drained,glaciomarine,sandy,sedementary - sandstone,extremely to strongly acidic,unspecified, , , , , ,terrestrial, , , , 
2694,0075517,poorly drained,glacio-fluvial,sandy,sedementary - sandstone,extremely to strongly acidic,unspecified,marine,clayey,undifferentiated,extremely to strongly acidic,unspecified,terrestrial, ,0.5, , 
2695,0075518,poorly drained,marine,sandy,sedementary - sandstone,extremely to strongly acidic,unspecified,lacustrine,clayey,undifferentiated,extremely to strongly acidic,unspecified,terrestrial, , , , 
2696,0075520,moderately well drained,morainal till,coarse loamy and coarse silty,sedementary - sandstone,extremely to strongly acidic,unspecified,morainal till,fine loamy and fine silty,sedementary - shale,extremely to strongly acidic,unspecified,terrestrial, , , , 
2697,0075522,poorly drained,morainal till,fine loamy and fine silty,sedementary - shale,extremely to strongly acidic,unspecified, , , , , ,terrestrial, , , , 
2698,0075523,well drained,glacio-fluvial,sandy,sedementary - sandstone,extremely to strongly acidic,unspecified,morainal till,fine loamy and fine silty,sedementary - shale,extremely to strongly acidic,unspecified, , , , , 
2699,0075524,moderately well drained,glaciomarine,clayey,undifferentiated,extremely to strongly acidic,unspecified,morainal till,fine loamy and fine silty,sedementary - shale,extremely to strongly acidic,unspecified, , , , , 
2700,0075525,well drained,morainal till,coarse loamy and coarse silty,sedementary - sandstone,extremely to strongly acidic,unspecified, , , , , , , , , , 
2701,0075529,rapidly drained,glacio-fluvial,sandy,sedementary - sandstone,extremely to strongly acidic,unspecified, , , , , ,terrestrial, , , , 
2702,0075530,well drained,morainal till,fine loamy and fine silty,sedementary - shale,extremely to strongly acidic,unspecified, , , , , , , , , , 
2703,0075532,poorly drained,morainal till,fine loamy and fine silty,sedementary - shale,moderately acidic to neutral,unspecified, , , , , ,terrestrial, , , , 
2704,0075533,poorly drained,morainal till,fine loamy and fine silty,sedementary - shale,extremely to strongly acidic,unspecified, , , , , ,terrestrial, , , , 
2705,0075534,moderately well drained,morainal till,fine loamy and fine silty,sedementary - shale,extremely to strongly acidic,unspecified, , , , , , , , , , 
2706,0075535,moderately well drained,morainal till,clayey,sedementary - shale,extremely to strongly acidic,unspecified, , , , , , , , , , 
2707,0075536,well drained,glacio-fluvial,sandy,sedementary - sandstone,moderately acidic to neutral,unspecified, , , , , , , , , , 
2708,0075537,imperfectly drained,marine,sandy,sedementary - sandstone,moderately acidic to neutral,unspecified, , , , , ,terrestrial, , , , 
2709,0075538,well drained,glacio-fluvial,sandy,sedementary - sandstone,extremely to strongly acidic,unspecified,glacio-fluvial,sandy,sedementary - sandstone,extremely to strongly acidic,unspecified,terrestrial, , , , 
2710,0075540,moderately well drained,glacio-fluvial,sandy,sedementary - sandstone,moderately acidic to neutral,unspecified, , , , , , , , , , 
2711,0075541,well drained,glacio-fluvial,sandy,sedementary - sandstone,extremely to strongly acidic,unspecified,morainal till,fine loamy and fine silty,sedementary - shale,extremely to strongly acidic,unspecified, , , , , 
2712,0075542,well drained,morainal till,skeletal,sedementary - sandstone,moderately acidic to neutral,unspecified, , , , , ,terrestrial, , , , 
2713,0075543,well drained,glacio-fluvial,coarse loamy and coarse silty,sedementary - sandstone,extremely to strongly acidic,unspecified, , , , , , , , , , 
2714,0075544,imperfectly drained,glaciomarine,sandy,sedementary - sandstone,extremely to strongly acidic,unspecified, , , , , , , , , , 
2715,0075545,imperfectly drained,glacio-fluvial,sandy,sedementary - sandstone,moderately acidic to neutral,unspecified, , , , , ,terrestrial, , , , 
2716,0075546,well drained,glaciomarine,sandy,sedementary - sandstone,extremely to strongly acidic,unspecified, , , , , , , , , , 
2717,0075548,well drained,morainal till,coarse loamy and coarse silty,sedementary - sandstone,extremely to strongly acidic,unspecified, , , , , ,terrestrial, , , , 
2718,0075549,well drained,glacio-fluvial,sandy,sedementary - sandstone,extremely to strongly acidic,unspecified, , , , , ,terrestrial, , , , 
2719,0075550,moderately well drained,morainal till,fine loamy and fine silty,sedementary - shale,extremely to strongly acidic,unspecified, , , , , ,terrestrial, , , , 
2720,0075551,imperfectly drained,morainal till,clayey,sedementary - shale,extremely to strongly acidic,unspecified, , , , , , , , , , 
2721,0075552,imperfectly drained,glacio-fluvial,sandy,sedementary - sandstone,extremely to strongly acidic,unspecified,lacustrine,clayey,mixed,moderately acidic to neutral,unspecified, , , , , 
2722,0075553,rapidly drained,glacio-fluvial,sandy,sedementary - sandstone,extremely to strongly acidic,unspecified, , , , , ,terrestrial, , , , 
2723,0075555,well drained,fluvial,coarse loamy and coarse silty,undifferentiated,extremely to strongly acidic,unspecified, , , , , , , , , , 
2724,0075558,rapidly drained,marine,sandy,sedementary - sandstone,extremely to strongly acidic,unspecified,morainal till,fine loamy and fine silty,sedementary - shale,extremely to strongly acidic,unspecified,terrestrial, , , , 
2725,0075560,well drained,morainal till,sandy,sedementary - sandstone,extremely to strongly acidic,unspecified,morainal till,sandy,sedementary - sandstone,extremely to strongly acidic,unspecified,terrestrial, , , , 
2726,0075561,moderately well drained,glacio-fluvial,coarse loamy and coarse silty,sedementary - siltstone and mudstone,extremely to strongly acidic,weak chemical, , , , , , , , , , 
2727,0075562,imperfectly drained,morainal till,coarse loamy and coarse silty,sedementary - sandstone,extremely to strongly acidic,unspecified,morainal till,fine loamy and fine silty,sedementary - shale,extremely to strongly acidic,unspecified,terrestrial, , , , 
2728,0075563,poorly drained,morainal till,coarse loamy and coarse silty,sedementary - sandstone,extremely to strongly acidic,unspecified,morainal till,fine loamy and fine silty,sedementary - shale,extremely to strongly acidic,unspecified,terrestrial, , , , 
2729,0075564,well drained,morainal till,sandy,sedementary - sandstone,extremely to strongly acidic,unspecified, , , , , ,terrestrial, , , , 
2730,0075565,well drained,morainal till,coarse loamy and coarse silty,sedementary - sandstone,extremely to strongly acidic,unspecified,morainal till,fine loamy and fine silty,sedementary - shale,extremely to strongly acidic,unspecified, , , , , 
2731,0075567,poorly drained,morainal till,fine loamy and fine silty,sedementary - sandstone,extremely to strongly acidic,unspecified, , , , , ,terrestrial, , , , 
2732,0075568,well drained,morainal till,coarse loamy and coarse silty,igneous - unspecified type,extremely to strongly acidic,unspecified,morainal till,fine loamy and fine silty,igneous - unspecified type,extremely to strongly acidic,unspecified,terrestrial, , , , 
2733,0075569,well drained,morainal till,coarse loamy and coarse silty,igneous - unspecified type,extremely to strongly acidic,unspecified,morainal till,fine loamy and fine silty,sedementary - shale,extremely to strongly acidic,unspecified, , , , , 
2734,0075570,well drained,glacio-fluvial,skeletal,sedementary - sandstone,extremely to strongly acidic,unspecified, , , , , , , , , , 
2735,0075571,well drained,morainal till,coarse loamy and coarse silty,sedementary - sandstone,extremely to strongly acidic,unspecified,morainal till,fine loamy and fine silty,sedementary - shale,extremely to strongly acidic,unspecified,terrestrial, , , , 
2736,0075572,poorly drained,morainal till,fine loamy and fine silty,mixed,moderately acidic to neutral,unspecified,morainal till,fine loamy and fine silty,sedementary - shale,moderately acidic to neutral,unspecified, , , , , 
2737,0075573,poorly drained,lacustrine,clayey,undifferentiated,moderately acidic to neutral,unspecified,lacustrine,clayey,undifferentiated,moderately acidic to neutral,unspecified, , , , , 
2738,0075574,poorly drained,morainal till,coarse loamy and coarse silty,igneous - unspecified type,extremely to strongly acidic,unspecified,morainal till,fine loamy and fine silty,igneous - unspecified type,extremely to strongly acidic,unspecified, , , , , 
2739,0075575,poorly drained,lacustrine,clayey,undifferentiated,moderately acidic to neutral,unspecified, , , , , , , , , , 
2740,0075576,imperfectly drained,lacustrine,clayey,undifferentiated,moderately acidic to neutral,unspecified, , , , , , , , , , 
2741,0075577,well drained,morainal till,fine loamy and fine silty,igneous - unspecified type,extremely to strongly acidic,unspecified,morainal till,fine loamy and fine silty,sedementary - shale,extremely to strongly acidic,unspecified, , , , , 
2742,0075578,imperfectly drained,morainal till,skeletal,sedementary - sandstone,extremely to strongly acidic,unspecified, , , , , ,terrestrial, , , , 
2743,0075579,imperfectly drained,morainal till,coarse loamy and coarse silty,sedementary - sandstone,extremely to strongly acidic,unspecified, , , , , ,terrestrial, , , , 
2744,0075580,well drained,morainal till,coarse loamy and coarse silty,sedementary - sandstone,extremely to strongly acidic, , , , , , ,terrestrial, , , , 
2745,0075581,imperfectly drained,morainal till,fine loamy and fine silty,mixed,extremely to strongly acidic,unspecified,morainal till,coarse loamy and coarse silty,sedementary - sandstone,extremely to strongly acidic,unspecified, , , , , 
2746,0075582,well drained,marine,sandy,sedementary - sandstone,extremely to strongly acidic,unspecified, , , , , ,terrestrial, , , , 
2747,0075583,moderately well drained,morainal till,coarse loamy and coarse silty,sedementary - shale,extremely to strongly acidic,chemical and physical, , , , , , , , , , 
2748,0075590,imperfectly drained,morainal till,fine loamy and fine silty,sedementary - unspecified type,moderately acidic to neutral,chemical and physical, , , , , , , , , , 
2749,0075591,well drained,glacio-fluvial,skeletal,igneous - unspecified type,moderately acidic to neutral,unspecified, , , , , , , , , , 
2750,0075592,well drained,morainal till,coarse loamy and coarse silty,metamorphic - unspecified type,extremely to strongly acidic,chemical and physical, , , , , ,terrestrial, , , , 
2751,0075594,well drained,morainal till,fine loamy and fine silty,sedementary - shale,moderately acidic to neutral,chemical and physical, , , , , , , , , , 
2752,0075596,imperfectly drained,morainal till,coarse loamy and coarse silty,igneous - unspecified type,extremely to strongly acidic,chemical and physical, , , , , ,terrestrial, , , , 
2753,0075604,moderately well drained,morainal till,coarse loamy and coarse silty,sedementary - sandstone,extremely to strongly acidic,unspecified,morainal till,fine loamy and fine silty,sedementary - shale,extremely to strongly acidic,unspecified,terrestrial, , , , 
2754,0075612,poorly drained,morainal till,fine loamy and fine silty,sedementary - shale,moderately acidic to neutral,chemical and physical, , , , , , , , , , 
2755,0075627,moderately well drained,morainal till,coarse loamy and coarse silty,mixed,extremely to strongly acidic,unspecified, , , , , ,terrestrial, , , , 
2756,0075630,imperfectly drained,marine,clayey,undifferentiated,moderately acidic to neutral,unspecified, , , , , ,terrestrial, , , , 
2757,0075631,imperfectly drained,morainal till,skeletal,sedementary - sandstone,extremely to strongly acidic,unspecified, , , , , ,terrestrial, , , , 
2758,0075632,imperfectly drained,glacio-fluvial,sandy,mixed,extremely to strongly acidic,unspecified, , , , , , , , , , 
2759,0075633,rapidly drained,glaciomarine,sandy,sedementary - sandstone,extremely to strongly acidic,unspecified,residual,fragmental,sedementary - sandstone,extremely to strongly acidic,unspecified,terrestrial, , , , 
2760,0075634,imperfectly drained,glacio-fluvial,sandy,sedementary - sandstone,extremely to strongly acidic,unspecified,marine,clayey,undifferentiated,extremely to strongly acidic,unspecified, , , , , 
2761,0075635,imperfectly drained,morainal till,fine loamy and fine silty,igneous - unspecified type,extremely to strongly acidic,unspecified, , , , , ,terrestrial, , , , 
2762,0075636,poorly drained,glaciomarine,clayey,undifferentiated,moderately acidic to neutral,unspecified, , , , , ,terrestrial, , , , 
2763,0075637,well drained,morainal till,coarse loamy and coarse silty,sedementary - sandstone,extremely to strongly acidic,chemical and physical, , , , , , , , , , 
2764,0075641,well drained,lacustrine, ,sedementary - siltstone and mudstone,extremely to strongly acidic,chemical and physical, , , , , ,terrestrial, , , , 
2765,0075643,imperfectly drained,morainal till, ,igneous - unspecified type,extremely to strongly acidic,chemical and physical, , , , , ,terrestrial, , , , 
2766,0075644,well drained,morainal till,fine loamy and fine silty,sedementary - unspecified type,extremely to strongly acidic,chemical and physical, , , , , ,terrestrial, , , , 
2767,0075645,well drained,colluvial,coarse loamy and coarse silty,metamorphic - unspecified type,extremely to strongly acidic,chemical and physical, , , , , , , , , , 
2768,0075646,well drained,morainal till, ,gneiss,extremely to strongly acidic,chemical and physical, , , , , , , , , , 
2769,0075650,poorly drained,lacustro-till,fine loamy and fine silty,sedementary - shale,extremely to strongly acidic, , , , , , ,terrestrial, , , , 
2770,0075651,imperfectly drained, , ,sedementary - siltstone and mudstone, , , , , , , ,terrestrial, , , , 
2771,0075652,poorly drained,morainal till,coarse loamy and coarse silty,metamorphic - quartzite,weakly calcareous,chemical and physical, , , , , , , , , , 
2772,0075653,well drained, , ,sedementary - siltstone and mudstone,extremely to strongly acidic, , , , , , ,terrestrial, , , , 
2773,0075654,rapidly drained,glacio-fluvial,stratified - mineral,igneous - unspecified type,extremely to strongly acidic,chemical and physical, , , , , ,terrestrial, , , , 
2774,0075655,imperfectly drained,glacio-fluvial, ,igneous - unspecified type,extremely to strongly acidic,chemical and physical, , , , , ,terrestrial, , , , 
2775,0075657,rapidly drained, , ,sedementary - siltstone and mudstone, , , , , , , ,terrestrial, , , , 
2776,0075659,very rapidly drained,glacio-fluvial, ,igneous - unspecified type,extremely to strongly acidic,chemical and physical, , , , , ,terrestrial, , , , 
2777,0075662,well drained, , ,sedementary - siltstone and mudstone,moderately acidic to neutral, , , , , , , , , , , 
2778,0075663,well drained,morainal till,fine loamy and fine silty,igneous - unspecified type,extremely to strongly acidic,chemical and physical, , , , , ,terrestrial, , , , 
2779,0075666,very poorly drained,morainal till,coarse loamy and coarse silty,sedementary - sandstone,extremely to strongly acidic,chemical and physical, , , , , ,terrestrial, , , , 
2780,0075669,very poorly drained, , ,sedementary - siltstone and mudstone,moderately acidic to neutral,chemical and physical, , , , , , , , , , 
2781,0075670,well drained,morainal till, ,sedementary - shale,moderately acidic to neutral,chemical and physical, , , , , ,terrestrial, , , , 
2782,0075671,very poorly drained,morainal till,fine loamy and fine silty,metamorphic - quartzite,extremely to strongly acidic,chemical and physical, , , , , ,terrestrial, , , , 
2783,0075673,well drained,morainal till,fine loamy and fine silty,igneous - unspecified type,extremely to strongly acidic,chemical and physical, , , , , ,terrestrial, , , , 
2784,0075675,imperfectly drained, , ,sedementary - shale,moderately acidic to neutral,chemical and physical, , , , , , , , , , 
2785,0075676,poorly drained,morainal till,fine loamy and fine silty,sedementary - shale,extremely to strongly acidic,chemical and physical, , , , , , , , , , 
2786,0075677,rapidly drained,morainal till, ,sedementary - slate,extremely to strongly acidic,chemical and physical, , , , , ,terrestrial, , , , 
2787,0075678,very poorly drained, ,coarse loamy and coarse silty,igneous - unspecified type,extremely to strongly acidic,chemical and physical, , , , , ,terrestrial, , , , 
2788,0075679,well drained,morainal till,coarse loamy and coarse silty,sedementary - shale,extremely to strongly acidic,chemical and physical, , , , , ,terrestrial, , , , 
2789,0075680,rapidly drained, , ,sedementary - siltstone and mudstone, , , , , , , ,terrestrial, , , , 
2790,0075681,very poorly drained,morainal till, ,sedementary - shale,moderately to very strongly calcareous,chemical and physical, , , , , , , , , , 
2791,0075683,imperfectly drained,morainal till, ,sedementary - siltstone and mudstone,moderately acidic to neutral,chemical and physical, , , , , ,terrestrial, , , , 
2792,0075685,well drained,morainal till,coarse loamy and coarse silty,sedementary - conglomerate,extremely to strongly acidic,chemical and physical, , , , , , , , , , 
2793,0075686,rapidly drained,glacio-fluvial,sandy,sedementary - sandstone,extremely to strongly acidic,unspecified, , , , , , , , , , 
2794,0075687,moderately well drained,glaciomarine,sandy,sedementary - sandstone,extremely to strongly acidic,unspecified, , , , , ,terrestrial, , , , 
2795,0075689,well drained,glacio-fluvial,sandy,sedementary - sandstone,extremely to strongly acidic,unspecified,morainal till,fine loamy and fine silty,sedementary - shale,extremely to strongly acidic,unspecified, , , , , 
2796,0075690,well drained,glacio-fluvial,sandy,sedementary - sandstone,extremely to strongly acidic,unspecified,morainal till,fine loamy and fine silty,sedementary - shale,extremely to strongly acidic,unspecified, , , , , 
2797,0075691,rapidly drained,glacio-fluvial,skeletal,sedementary - sandstone,extremely to strongly acidic,unspecified, , , , , ,terrestrial, , , , 
2798,0075692,rapidly drained,glaciomarine,sandy,sedementary - sandstone,extremely to strongly acidic,unspecified, , , , , ,terrestrial, , , , 
2799,0075693,very rapidly drained,glacio-fluvial,skeletal,sedementary - sandstone,extremely to strongly acidic,unspecified, , , , , ,terrestrial, , , , 
2800,0075694,rapidly drained,morainal till,sandy,sedementary - sandstone,extremely to strongly acidic,chemical and physical, , , , , , , , , , 
2801,0075695,moderately well drained,glacio-fluvial,sandy,undifferentiated,extremely to strongly acidic,chemical and physical, , , , , , , , , , 
2802,0075696,moderately well drained,morainal till,skeletal,sedementary - shale, ,chemical and physical, , , , , , , , , , 
2803,0075697,poorly drained,fluvial,stratified - mineral,undifferentiated,extremely to strongly acidic,chemical and physical, , , , , , ,perched,0.9, , 
2804,0075698,moderately well drained,glaciolacustrine,fine loamy and fine silty,undifferentiated,extremely to strongly acidic,chemical and physical,glacio-lacustrine,fine loamy and fine silty,undifferentiated,extremely to strongly acidic,chemical and physical, , , , , 
2805,0075699,well drained,morainal till,coarse loamy and coarse silty,mixed, ,chemical and physical,morainal till,coarse loamy and coarse silty, , ,chemical and physical, , , , , 
2806,0075700,moderately well drained,fluvial,fine loamy and fine silty,undifferentiated,moderately acidic to neutral,chemical and physical,fluvial,skeletal,mixed, ,chemical and physical, , , , , 
2807,0075701,imperfectly drained,morainal till,coarse loamy and coarse silty,sedementary - siltstone and mudstone,extremely to strongly acidic,chemical and physical, , , , , , , , , , 
2808,0075704,moderately well drained,morainal till,coarse loamy and coarse silty,sedementary - shale, ,chemical and physical, , , , , , , , , , 
2809,0075707,moderately well drained,morainal till,coarse loamy and coarse silty,sedementary - sandstone,extremely to strongly acidic,unspecified,morainal till,coarse loamy and coarse silty,mixed,extremely to strongly acidic,unspecified, , , , , 
2810,0075708,moderately well drained,morainal till,coarse loamy and coarse silty,sedementary - sandstone,extremely to strongly acidic,unspecified,morainal till,coarse loamy and coarse silty,mixed,extremely to strongly acidic,unspecified, , , , , 
2811,0075710,poorly drained,morainal till,coarse loamy and coarse silty,sedementary - sandstone,extremely to strongly acidic,unspecified,morainal till,coarse loamy and coarse silty,mixed,extremely to strongly acidic,unspecified, , , , , 
2812,0075711,poorly drained,glacio-fluvial,sandy,mixed,extremely to strongly acidic,unspecified,morainal till,fine loamy and fine silty,mixed,extremely to strongly acidic,unspecified, , , , , 
2813,0075712,moderately well drained,morainal till,fine loamy and fine silty,mixed,extremely to strongly acidic,unspecified, , , , , , , , , , 
2814,0075713,imperfectly drained,morainal till,fine loamy and fine silty,mixed,undifferentiated,unspecified, , , , , , , , , , 
2815,0075714,imperfectly drained,morainal till,fine loamy and fine silty,sedementary - shale,extremely to strongly acidic,unspecified, , , , , ,terrestrial, , , , 
2816,0075715,well drained,morainal till,coarse loamy and coarse silty,sedementary - sandstone,extremely to strongly acidic,unspecified,morainal till,fine loamy and fine silty,sedementary - unspecified type,extremely to strongly acidic,unspecified,terrestrial, , , , 
2817,0075716,rapidly drained,morainal till,coarse loamy and coarse silty,sedementary - sandstone,extremely to strongly acidic,unspecified, , , , , ,terrestrial, , , , 
2818,0075717,poorly drained,glaciomarine,clayey,mixed,moderately acidic to neutral,unspecified, , , , , , , , , , 
2819,0075718,poorly drained,marine,clayey,undifferentiated,weakly calcareous,unspecified, , , , , , ,perched,0.2, , 
2820,0075719,imperfectly drained,morainal till,coarse loamy and coarse silty,sedementary - sandstone,undifferentiated,unspecified,morainal till,fine loamy and fine silty,sedementary - sandstone,undifferentiated,unspecified,terrestrial,perched, , , 
2821,0075720,rapidly drained,glacio-fluvial,sandy,sedementary - sandstone,extremely to strongly acidic,unspecified, , , , , , , , , , 
2822,0075721,well drained,morainal till,fine loamy and fine silty,sedementary - sandstone,undifferentiated,unspecified, , , , , , , , , , 
2823,0075722,rapidly drained,glacio-fluvial,sandy,mixed,extremely to strongly acidic,unspecified, , , , , ,terrestrial, , , , 
2824,0075723,well drained,morainal till, ,igneous - coarse basic,extremely to strongly acidic,unspecified, , , , , ,terrestrial, , , , 
2825,0075724,well drained,morainal till,fine loamy and fine silty,sedementary - unspecified type,extremely to strongly acidic,unspecified, , , , , ,terrestrial, , , , 
2826,0075725,well drained,morainal till,skeletal,igneous - fine acidic,extremely to strongly acidic,chemical and physical, , , , , , , , , , 
2827,0075726,moderately well drained,morainal till,fine loamy and fine silty,mixed,extremely to strongly acidic,chemical and physical, , , , , , , , , , 
2828,0075727,poorly drained,morainal till,fine loamy and fine silty,mixed,extremely to strongly acidic,chemical and physical, , , , , , ,perched,0.1, , 
2829,0075728,well drained,morainal till,skeletal,sedementary - conglomerate,extremely to strongly acidic,chemical and physical, , , , , , , , , , 
2830,0075729,well drained,morainal till,skeletal,sedementary - conglomerate,extremely to strongly acidic,chemical and physical, , , , , , , , , , 
2831,0075730,imperfectly drained,morainal till,fine loamy and fine silty,mixed,extremely to strongly acidic,chemical and physical, , , , , , , , , , 
2832,0075731,poorly drained,morainal till,coarse loamy and coarse silty,sedementary - sandstone,extremely to strongly acidic,unspecified,morainal till,fine loamy and fine silty,sedementary - unspecified type,extremely to strongly acidic,unspecified,terrestrial,perched,0.1, , 
2833,0075732,poorly drained,morainal till,fine loamy and fine silty,sedementary - unspecified type,extremely to strongly acidic,unspecified, , , , , ,terrestrial,perched,0.3, , 
2834,0075733,poorly drained,morainal till,coarse loamy and coarse silty,sedementary - sandstone,extremely to strongly acidic,unspecified,morainal till,fine loamy and fine silty,sedementary - sandstone,extremely to strongly acidic,unspecified,terrestrial, , , , 
2835,0075734,well drained,morainal till,coarse loamy and coarse silty,mixed,extremely to strongly acidic,chemical and physical, , , , , , , , , , 
2836,0075735,rapidly drained,morainal till,skeletal,sedementary - sandstone,extremely to strongly acidic,chemical and physical, , , , , , , , , , 
2837,0075736,moderately well drained,morainal till, ,sedementary - conglomerate,extremely to strongly acidic,chemical and physical, , , , , , , , , , 
2838,0075737,poorly drained,morainal till,fine loamy and fine silty,sedementary - shale,extremely to strongly acidic,chemical and physical, , , , , , , , , , 
2839,0075738,imperfectly drained,lacustrine,stratified - mineral,undifferentiated,extremely to strongly acidic,chemical and physical,fluvial,fragmental,mixed,extremely to strongly acidic,chemical and physical, , , , , 
2840,0075739,well drained,morainal till,skeletal,igneous - fine acidic,extremely to strongly acidic, , , , , , , , , , , 
2841,0075742,poorly drained,morainal till,fine loamy and fine silty,sedementary - sandstone,extremely to strongly acidic, , , , , , , , , , , 
2842,0075743,imperfectly drained,morainal till,fine loamy and fine silty,sedementary - sandstone,extremely to strongly acidic, , , , , , , , , , , 
2843,0075744,moderately well drained,morainal till,fine loamy and fine silty,sedementary - sandstone,extremely to strongly acidic, , , , , , , , , , , 
2844,0075748,well drained,glacio-fluvial, ,sedementary - siltstone and mudstone,extremely to strongly acidic, , , , , , , , , , , 
2845,0075749,well drained,morainal till,fine loamy and fine silty,metamorphic - unspecified type, ,unspecified,morainal till,fine loamy and fine silty,metamorphic - unspecified type, ,unspecified,terrestrial, , , , 
2846,0075750,well drained,morainal till,fine loamy and fine silty,metamorphic - unspecified type, ,unspecified,morainal till,fine loamy and fine silty,metamorphic - unspecified type, ,unspecified,terrestrial, , , , 
2847,0075751,poorly drained,morainal till,coarse loamy and coarse silty,metamorphic - unspecified type, ,unspecified,morainal till,skeletal,metamorphic - unspecified type, ,unspecified,terrestrial,apparent,0.5, , 
2848,0075752,poorly drained,morainal till,fine loamy and fine silty,sedementary - slate, ,unspecified, , , , , ,terrestrial,apparent, , , 
2849,0075753,well drained,morainal till,coarse loamy and coarse silty,sedementary - slate, ,unspecified, , , , , , , , , , 
2850,0075754,rapidly drained,morainal till,sandy,igneous - unspecified type, ,unspecified, , , , , ,terrestrial, , , , 
2851,0075755,poorly drained,fluvial,stratified - mineral,igneous - unspecified type, ,unspecified, , , , , , , , , , 
2852,0075756,rapidly drained,glacio-fluvial,sandy,mixed,extremely to strongly acidic,unspecified, , , , , ,terrestrial, , , , 
2853,0075757,rapidly drained,glacio-fluvial,sandy,mixed,extremely to strongly acidic,unspecified,residual,sandy,sedementary - sandstone,extremely to strongly acidic,unspecified,terrestrial,apparent, , , 
2854,0075758,moderately well drained,morainal till,fine loamy and fine silty,sedementary - shale,extremely to strongly acidic,unspecified, , , , , ,terrestrial,perched, , , 
2855,0075759,rapidly drained,glacio-fluvial,sandy,mixed,extremely to strongly acidic,unspecified, , , , , ,terrestrial,apparent, , , 
2856,0075760,well drained,fluvial,sandy,mixed,extremely to strongly acidic,chemical and physical, , , , , ,terrestrial,apparent, , , 
2857,0075761,imperfectly drained,morainal till,fine loamy and fine silty,sedementary - siltstone and mudstone,moderately acidic to neutral,chemical and physical, , , , , , , , , , 
2858,0075762,imperfectly drained,marine,sandy,sedementary - unspecified type,extremely to strongly acidic,chemical and physical,lacustrine,clayey,sedementary - unspecified type,extremely to strongly acidic,chemical and physical, , , , , 
2859,0075763,poorly drained,fluvial,coarse loamy and coarse silty,sedementary - unspecified type,extremely to strongly acidic,chemical and physical,marine,clayey, ,extremely to strongly acidic,chemical and physical, , , , , 
2860,0075764,well drained,morainal till,coarse loamy and coarse silty,mixed,extremely to strongly acidic,chemical and physical, , , , , , , , , , 
2861,0085765, , , ,sedementary - siltstone and mudstone, , , , , , , , , , , , 
2862,0085766,moderately well drained,morainal till, ,sedementary - siltstone and mudstone,weakly calcareous, , , , , , , , , , , 
2863,0085768,poorly drained,morainal till, ,sedementary - siltstone and mudstone,weakly calcareous, , , , , , , , , , , 
2864,0085769,imperfectly drained,morainal till, ,sedementary - siltstone and mudstone, , , , , , , , , , , , 
2865,0085770,imperfectly drained,morainal till, ,sedementary - sandstone,weakly calcareous, , , , , , , , , , , 
2866,0085771,imperfectly drained,morainal till, ,sedementary - sandstone, , , , , , , , , , , , 
2867,0085772,imperfectly drained,morainal till, ,sedementary - sandstone, , , , , , , , , , , , 
2868,0085773,poorly drained,morainal till, ,sedementary - siltstone and mudstone, , ,lacustrine, , , , , , , , , 
2869,0085774,poorly drained,morainal till, ,sedementary - unspecified type, , , , , , , , , , , , 
2870,0085775,poorly drained,morainal till, ,sedementary - shale, , , , , , , , , , , , 
2871,0085776,poorly drained,morainal till,coarse loamy and coarse silty,sedementary - sandstone,moderately acidic to neutral,chemical and physical, , , , , ,terrestrial, , , , 
2872,0085778,moderately well drained,morainal till,coarse loamy and coarse silty,sedementary - sandstone,extremely to strongly acidic,chemical and physical, , , , , ,terrestrial, , , , 
2873,0085779,imperfectly drained,morainal till,sandy,sedementary - unspecified type,extremely to strongly acidic,chemical and physical, , , , , ,terrestrial, , , , 
2874,0085780,well drained,morainal till,sandy,sedementary - sandstone,extremely to strongly acidic,chemical and physical, , , , , ,terrestrial, , , , 
2875,0085781,moderately well drained,morainal till,coarse loamy and coarse silty,sedementary - unspecified type,extremely to strongly acidic,chemical and physical, , , , , , , , , , 
2876,0085782,well drained,morainal till,coarse loamy and coarse silty,sedementary - sandstone,extremely to strongly acidic,chemical and physical,glacio-fluvial,sandy, ,extremely to strongly acidic, ,terrestrial, , , , 
2877,0085783,rapidly drained,glacio-fluvial,sandy,sedementary - siltstone and mudstone,extremely to strongly acidic,chemical and physical, , , , , , , , , , 
2878,0085784,rapidly drained,glacio-fluvial,sandy,sedementary - siltstone and mudstone,extremely to strongly acidic,chemical and physical, , , , , ,terrestrial, , , , 
2879,0085785,moderately well drained,morainal till,coarse loamy and coarse silty,igneous - coarse acidic,extremely to strongly acidic,chemical and physical, , , , , ,terrestrial, , , , 
2880,0085786,well drained,morainal till,skeletal,sedementary - sandstone,extremely to strongly acidic,chemical and physical, , , , , ,terrestrial, , , , 
2881,0085787,rapidly drained,morainal till,skeletal,sedementary - conglomerate,extremely to strongly acidic,chemical and physical, , , , , ,terrestrial, , , , 
2882,0085788,poorly drained,morainal till,fine loamy and fine silty,sedementary - unspecified type,moderately acidic to neutral, , , , , , , , , , , 
2883,0085789,poorly drained,morainal till,fine loamy and fine silty,sedementary - unspecified type,extremely to strongly acidic,chemical and physical, , , , , , , , , , 
2884,0085790,moderately well drained,morainal till,fine loamy and fine silty,sedementary - unspecified type,extremely to strongly acidic,chemical and physical, , , , , ,terrestrial, , , , 
2885,0085791,well drained,morainal till,skeletal,igneous - unspecified type,extremely to strongly acidic,chemical and physical, , , , , ,terrestrial, , , , 
2886,0085792,moderately well drained,morainal till,skeletal,igneous - unspecified type,extremely to strongly acidic,chemical and physical, , , , , ,terrestrial, , , , 
2887,0085793,well drained,morainal till,skeletal,igneous - unspecified type,extremely to strongly acidic,chemical and physical, , , , , ,terrestrial, , , , 
2888,0085795,well drained,glacio-fluvial,skeletal,sedementary - siltstone and mudstone,extremely to strongly acidic,chemical and physical, , , , , ,terrestrial, , , , 
2889,0085796,imperfectly drained,morainal till,fine loamy and fine silty,sedementary - unspecified type,moderately acidic to neutral,chemical and physical, , , , , ,terrestrial, , , , 
2890,0085797,poorly drained,marine,fine loamy and fine silty,sedementary - siltstone and mudstone,extremely to strongly acidic,chemical and physical, , , , , , , , , , 
2891,0085798,well drained,morainal till,skeletal,igeneous - fine basic,extremely to strongly acidic,chemical and physical, , , , , ,terrestrial, , , , 
2892,0085799,moderately well drained,morainal till,coarse loamy and coarse silty,mixed,extremely to strongly acidic,chemical and physical,glacio-lacustrine,coarse loamy and coarse silty,undifferentiated,extremely to strongly acidic,weak chemical, , , , , 
2893,0085800,moderately well drained,morainal till,coarse loamy and coarse silty,mixed,extremely to strongly acidic,chemical and physical,glacio-fluvial,coarse loamy and coarse silty, ,extremely to strongly acidic,unspecified,terrestrial, , , , 
2894,0085801,imperfectly drained,morainal till,coarse loamy and coarse silty,mixed,extremely to strongly acidic,chemical and physical,glacio-fluvial,coarse loamy and coarse silty, ,moderately acidic to neutral,unspecified, , , , , 
2895,0085803,moderately well drained,morainal till,sandy,sedementary - sandstone,extremely to strongly acidic,chemical and physical, , , , , , , , , , 
2896,0085804,moderately well drained,morainal till,coarse loamy and coarse silty,sedementary - sandstone,extremely to strongly acidic,chemical and physical, , , , , ,terrestrial, , , , 
2897,0085805,poorly drained,lacustrine,coarse loamy and coarse silty,sedementary - siltstone and mudstone,extremely to strongly acidic,chemical and physical, , , , , , ,perched, , , 
2898,0085806,poorly drained,fluvial,fine loamy and fine silty,sedementary - siltstone and mudstone,extremely to strongly acidic,chemical and physical, , , , , , ,apparent, , , 
2899,0085807,well drained,morainal till,sandy,sedementary - conglomerate,extremely to strongly acidic,chemical and physical, , , , , ,terrestrial, , , , 
2900,0085808,rapidly drained,morainal till,skeletal,igeneous - fine basic,extremely to strongly acidic,chemical and physical, , , , , ,terrestrial, , , , 
2901,0085809,well drained,morainal till,skeletal,sedementary - shale,extremely to strongly acidic,chemical and physical, , , , , ,terrestrial, , , , 
2902,0085810,well drained,morainal till,skeletal,igneous - coarse acidic,extremely to strongly acidic,chemical and physical, , , , , ,terrestrial, , , , 
2903,0085811,well drained,morainal till,skeletal,sedementary - conglomerate,extremely to strongly acidic,chemical and physical, , , , , ,terrestrial, , , , 
2904,0085812,imperfectly drained,morainal till,fine loamy and fine silty,sedementary - unspecified type,extremely to strongly acidic,chemical and physical, , , , , , , , , , 
2905,0085813,poorly drained,morainal till,coarse loamy and coarse silty,sedementary - sandstone,extremely to strongly acidic,chemical and physical, , , , , ,terrestrial,perched, , , 
2906,0085814,moderately well drained,morainal till,coarse loamy and coarse silty,sedementary - sandstone,extremely to strongly acidic,chemical and physical, , , , , ,terrestrial, , , , 
2907,0085815,moderately well drained,morainal till,coarse loamy and coarse silty,sedementary - conglomerate,extremely to strongly acidic,chemical and physical, , , , , , , , , , 
2908,0085816,moderately well drained,morainal till,skeletal,sedementary - sandstone,extremely to strongly acidic,chemical and physical, , , , , ,terrestrial, , , , 
2909,0085817,imperfectly drained,morainal till,skeletal,sedementary - sandstone,extremely to strongly acidic, , , , , , ,terrestrial, , , , 
2910,0085818,imperfectly drained,morainal till,fine loamy and fine silty,mixed,moderately acidic to neutral,chemical and physical, , , , , ,terrestrial,perched, , , 
2911,0085819,moderately well drained,morainal till,skeletal,mixed,extremely to strongly acidic,chemical and physical, , , , , ,terrestrial, , , , 
2912,0085820,imperfectly drained,morainal till,fine loamy and fine silty,sedementary - unspecified type,extremely to strongly acidic,chemical and physical, , , , , ,terrestrial, , , , 
2913,0085822,imperfectly drained,morainal till,fine loamy and fine silty,sedementary - unspecified type,extremely to strongly acidic,chemical and physical, , , , , ,terrestrial, , , , 
2914,0085823,imperfectly drained, ,coarse loamy and coarse silty,sedementary - siltstone and mudstone,extremely to strongly acidic,unspecified,marine,fine loamy and fine silty, ,extremely to strongly acidic, , , , , , 
2915,0085824,poorly drained,morainal till,fine loamy and fine silty,sedementary - shale,extremely to strongly acidic,chemical and physical, , , , , , ,perched, , , 
2916,0085825,poorly drained,fluvio-lacustrine,coarse loamy and coarse silty,undifferentiated,extremely to strongly acidic,chemical and physical, , , , , ,terrestrial,perched, , , 
2917,0085826,poorly drained,morainal till,coarse loamy and coarse silty,sedementary - sandstone,extremely to strongly acidic,chemical and physical, , , , , ,terrestrial,perched, , , 
2918,0085827,imperfectly drained,morainal till,coarse loamy and coarse silty,sedementary - sandstone,extremely to strongly acidic,chemical and physical, , , , , ,terrestrial,apparent,0.8, , 
2919,0085828,moderately well drained,morainal till,coarse loamy and coarse silty,sedementary - sandstone,extremely to strongly acidic,chemical and physical, , , , , , , , , , 
2920,0085829,poorly drained,morainal till,clayey,sedementary - shale,moderately acidic to neutral,chemical and physical, , , , , ,terrestrial, , , , 
2921,0085830,imperfectly drained,morainal till,skeletal,sedementary - sandstone,extremely to strongly acidic,chemical and physical, , , , , , , , , , 
2922,0085831,imperfectly drained,morainal till,skeletal,sedementary - unspecified type,extremely to strongly acidic,chemical and physical, , , , , ,terrestrial, , , , 
2923,0085832,imperfectly drained,morainal till,skeletal,sedementary - sandstone,extremely to strongly acidic,chemical and physical, , , , , ,terrestrial, , , , 
2924,0085833,moderately well drained,morainal till,coarse loamy and coarse silty,sedementary - sandstone,extremely to strongly acidic,chemical and physical, , , , , ,terrestrial, , , , 
2925,0085834,imperfectly drained,morainal till,fine loamy and fine silty,sedementary - unspecified type,extremely to strongly acidic,chemical and physical, , , , , ,terrestrial, , , , 
2926,0085835,imperfectly drained,morainal till,skeletal,sedementary - sandstone,extremely to strongly acidic,chemical and physical, , , , , ,terrestrial, , , , 
2927,0085836,imperfectly drained,glacio-fluvial,stratified - mineral,mixed,extremely to strongly acidic,chemical and physical, , , , , , , , , , 
2928,0085837,moderately well drained,morainal till,skeletal,sedementary - shale,extremely to strongly acidic,chemical and physical, , , , , ,terrestrial, , , , 
2929,0085838,moderately well drained,morainal till,skeletal,sedementary - unspecified type,extremely to strongly acidic,chemical and physical, , , , , ,terrestrial, , , , 
2930,0085839,imperfectly drained,morainal till,skeletal,sedementary - unspecified type,extremely to strongly acidic,chemical and physical, , , , , ,terrestrial, , , , 
2931,0085840,imperfectly drained,morainal till,skeletal,sedementary - unspecified type,extremely to strongly acidic,chemical and physical, , , , , ,terrestrial, , , , 
2932,0085841,moderately well drained,morainal till,skeletal,igneous - unspecified type,extremely to strongly acidic,chemical and physical, , , , , , , , , , 
2933,0085842,imperfectly drained,morainal till,skeletal,sedementary - shale,extremely to strongly acidic,chemical and physical, , , , , ,terrestrial, , , , 
2934,0085843,moderately well drained,morainal till,skeletal,sedementary - unspecified type,extremely to strongly acidic,chemical and physical, , , , , , , , , , 
2935,0085844,rapidly drained,fluvial,sandy,mixed, ,weak chemical, , , , , , , , , , 
2936,0085845,well drained,morainal till,skeletal,sedementary - shale,extremely to strongly acidic,chemical and physical, , , , , ,terrestrial, , , , 
2937,0085846,poorly drained,morainal till,clayey,sedementary - unspecified type,moderately acidic to neutral,chemical and physical, , , , , ,terrestrial, , , , 
2938,0085847,well drained,morainal till,skeletal,sedementary - conglomerate,extremely to strongly acidic,chemical and physical, , , , , ,terrestrial, , , , 
2939,0085848,imperfectly drained,morainal till,coarse loamy and coarse silty,sedementary - sandstone,extremely to strongly acidic,chemical and physical, , , , , ,terrestrial, , , , 
2940,0085849,imperfectly drained,fluvial,coarse loamy and coarse silty,sedementary - siltstone and mudstone,extremely to strongly acidic,weak chemical, , , , , , , , , , 
2941,0085850,moderately well drained,morainal till,skeletal,sedementary - shale,extremely to strongly acidic,chemical and physical, , , , , ,terrestrial, , , , 
2942,0085851,well drained,morainal till,skeletal,metamorphic - schist and phyllite,extremely to strongly acidic,chemical and physical, , , , , ,terrestrial, , , , 
2943,0085852,well drained,morainal till,coarse loamy and coarse silty,metamorphic - schist and phyllite,extremely to strongly acidic,chemical and physical, , , , , ,terrestrial, , , , 
2944,0085853,moderately well drained,morainal till,skeletal,sedementary - shale,extremely to strongly acidic,chemical and physical, , , , , ,terrestrial, , , , 
2945,0085854,well drained,morainal till,skeletal,igneous - coarse acidic,extremely to strongly acidic,chemical and physical, , , , , ,terrestrial, , , , 
2946,0085855,moderately well drained,morainal till,skeletal,metamorphic - unspecified type,extremely to strongly acidic,chemical and physical, , , , , ,terrestrial, , , , 
2947,0085856,rapidly drained,glacio-fluvial,sandy,igneous - coarse acidic,extremely to strongly acidic,chemical and physical, , , , , ,terrestrial, , , , 
2948,0085857,imperfectly drained,morainal till,coarse loamy and coarse silty,sedementary - unspecified type,extremely to strongly acidic,chemical and physical, , , , , ,terrestrial, , , , 
2949,0085858,poorly drained,fluvial,fine loamy and fine silty,sedementary - siltstone and mudstone,extremely to strongly acidic,weak chemical, , , , , ,hydromorphic,perched,0.3, , 
2950,0085859,moderately well drained,morainal till,skeletal,sedementary - unspecified type,extremely to strongly acidic,chemical and physical, , , , , ,terrestrial, , , , 
2951,0085860,moderately well drained,morainal till,coarse loamy and coarse silty,sedementary - unspecified type,extremely to strongly acidic,chemical and physical, , , , , ,terrestrial, , , , 
2952,0085861,poorly drained,fluvial,fine loamy and fine silty,sedementary - siltstone and mudstone,extremely to strongly acidic,chemical and physical, , , , , , ,apparent,0.4, , 
2953,0085862,well drained,morainal till,skeletal,sedementary - unspecified type,extremely to strongly acidic,chemical and physical, , , , , ,terrestrial, , , , 
2954,0085863,well drained,morainal till,skeletal,sedementary - sandstone,extremely to strongly acidic,chemical and physical, , , , , ,terrestrial, , , , 
2955,0085864,imperfectly drained,fluvial,fine loamy and fine silty,sedementary - siltstone and mudstone,extremely to strongly acidic,weak chemical, , , , , , ,apparent,0.7, , 
2956,0085865,moderately well drained,morainal till,skeletal,igneous - fine acidic,extremely to strongly acidic,chemical and physical, , , , , ,terrestrial, , , , 
2957,0085866,moderately well drained,morainal till,skeletal,igneous - fine acidic,extremely to strongly acidic,chemical and physical, , , , , ,terrestrial, , , , 
2958,0085867,well drained,glacio-fluvial,sandy,sedementary - sandstone,extremely to strongly acidic,chemical and physical, , , , , , , , , , 
2959,0085868,moderately well drained,morainal till,coarse loamy and coarse silty,mixed,extremely to strongly acidic,chemical and physical, , , , , , , , , , 
2960,0085869,moderately well drained,morainal till,coarse loamy and coarse silty,mixed,extremely to strongly acidic,chemical and physical, , , , , , , , , , 
2961,0085870,imperfectly drained,morainal till, ,mixed,extremely to strongly acidic,chemical and physical, , , , , , , , , , 
2962,0085871,imperfectly drained,morainal till,fine loamy and fine silty,sedementary - shale,moderately acidic to neutral,chemical and physical, , , , , , ,perched, , , 
2963,0085872,imperfectly drained,marine,coarse loamy and coarse silty,sedementary - siltstone and mudstone,moderately acidic to neutral,chemical and physical, , , , , , , , , , 
2964,0085873,well drained,glacio-fluvial,stratified - mineral,sedementary - unspecified type,extremely to strongly acidic,chemical and physical, , , , , , , , , , 
2965,0085874,well drained,glacio-fluvial,sandy,sedementary - sandstone,extremely to strongly acidic,chemical and physical, , , , , , , , , , 
2966,0085875,imperfectly drained,glacio-fluvial,sandy,undifferentiated,extremely to strongly acidic,unspecified, , , , , , , , , , 
2967,0085876,well drained,morainal till,coarse loamy and coarse silty,mixed,extremely to strongly acidic,chemical and physical, , , , , , , , , , 
2968,0085877,poorly drained,glacio-fluvial,stratified - mineral,undifferentiated,extremely to strongly acidic,chemical and physical, , , , , , ,apparent,0.6, , 
2969,0085878,imperfectly drained,morainal till,coarse loamy and coarse silty,mixed,extremely to strongly acidic,chemical and physical, , , , , , , , , , 
2970,0085879,well drained,morainal till,coarse loamy and coarse silty,mixed,extremely to strongly acidic,chemical and physical, , , , , , , , , , 
2971,0085880,very poorly drained,fluvio-marine,fine loamy and fine silty,undifferentiated,extremely to strongly acidic,chemical and physical, , , , , , ,apparent,0.1, , 
2972,0085881,rapidly drained,morainal till,sandy,sedementary - unspecified type,extremely to strongly acidic,chemical and physical, , , , , , , , , , 
2973,0085882,rapidly drained,glacio-fluvial,skeletal,mixed,extremely to strongly acidic,chemical and physical, , , , , , , , , , 
2974,0085883,well drained,morainal till,coarse loamy and coarse silty,mixed,extremely to strongly acidic,chemical and physical, , , , , , , , , , 
2975,0085884,imperfectly drained,fluvio-marine,fine loamy and fine silty,undifferentiated,extremely to strongly acidic,chemical and physical, , , , , , , , , , 
2976,0085899,imperfectly drained,morainal till,fine loamy and fine silty,sedementary - shale,extremely to strongly acidic,chemical and physical, , , , , , , , , , 
2977,0085900,imperfectly drained,morainal till,fine loamy and fine silty,sedementary - shale,extremely to strongly acidic,chemical and physical, , , , , , , , , , 
2978,0085901,imperfectly drained,morainal till,fine loamy and fine silty,sedementary - shale,extremely to strongly acidic,chemical and physical, , , , , , , , , , 
2979,0085902,imperfectly drained,morainal till,fine loamy and fine silty,sedementary - shale,extremely to strongly acidic,chemical and physical, , , , , , , , , , 
2980,0085903,imperfectly drained,morainal till,fine loamy and fine silty,sedementary - shale,extremely to strongly acidic,chemical and physical, , , , , , , , , , 
2981,0085904,imperfectly drained,morainal till,fine loamy and fine silty,sedementary - shale,extremely to strongly acidic,chemical and physical, , , , , , , , , , 
2982,0095905,poorly drained,morainal till,fine loamy and fine silty,sedementary - shale,moderately acidic to neutral,weak chemical, , , , , , ,apparent,1, , 
2983,0095906,well drained,morainal till,coarse loamy and coarse silty,sedementary - siltstone and mudstone, ,chemical and physical, , , , , ,terrestrial, , , , 
2984,0095907,well drained,morainal till,coarse loamy and coarse silty,sedementary - sandstone,extremely to strongly acidic,chemical and physical, , , , , ,terrestrial, , , , 
2985,0095908,imperfectly drained,morainal till,coarse loamy and coarse silty,sedementary - siltstone and mudstone,extremely to strongly acidic,chemical and physical, , , , , ,terrestrial, , , , 
2986,0095909,well drained,marine,stratified - mineral,sedementary - sandstone, ,chemical and physical, , , , , , , ,2, , 
2987,0095910,well drained,morainal till,coarse loamy and coarse silty,sedementary - siltstone and mudstone,extremely to strongly acidic,chemical and physical, , , , , , , , , , 
2988,0095911,very poorly drained,glaciomarine,stratified - mineral and organic,sedementary - siltstone and mudstone,weakly calcareous, , , , , , ,hydromorphic,other,0.7, , 
2989,0095912,very poorly drained,morainal till,coarse loamy and coarse silty,sedementary - siltstone and mudstone,moderately acidic to neutral,weak chemical, , , , , ,hydromorphic,perched, , , 
2990,0095914,moderately well drained,morainal till,coarse loamy and coarse silty,sedementary - siltstone and mudstone,extremely to strongly acidic,moderate chemical, , , , , , , , , , 
2991,0095915,well drained,glacio-fluvial,stratified - mineral,sedementary - sandstone,extremely to strongly acidic,chemical and physical, , , , , ,terrestrial, , , , 
2992,0095916,poorly drained,glaciomarine,stratified - mineral,sedementary - sandstone,extremely to strongly acidic,chemical and physical, , , , , , ,apparent,1.2, , 
2993,0095917,moderately well drained,morainal till,coarse loamy and coarse silty,sedementary - siltstone and mudstone,moderately acidic to neutral,weak chemical, , , , , , , , , , 
2994,0095918,imperfectly drained,glaciomarine,stratified - mineral,sedementary - sandstone,moderately acidic to neutral,weak chemical,morainal till, , , , , , ,1, , 
2995,0095920,well drained,morainal till,coarse loamy and coarse silty,sedementary - sandstone,extremely to strongly acidic,moderate chemical, , ,sedementary - siltstone and mudstone, , ,terrestrial, , , , 
2996,0095921,imperfectly drained,glaciomarine,coarse loamy and coarse silty,sedementary - sandstone, ,moderate chemical,residual, ,sedementary - sandstone, , , ,other,1.2, , 
2997,0095922,well drained,morainal till,coarse loamy and coarse silty,sedementary - siltstone and mudstone,extremely to strongly acidic,chemical and physical,residual, ,sedementary - sandstone, ,shatteredl, , , , , 
2998,0095923,well drained,morainal till, ,sedementary - siltstone and mudstone, , , ,coarse loamy and coarse silty,sedementary - sandstone,extremely to strongly acidic,weak chemical,terrestrial, , , , 
2999,0095924,imperfectly drained,morainal till,fine loamy and fine silty,sedementary - siltstone and mudstone,moderately acidic to neutral,weak chemical,residual,fine loamy and fine silty,sedementary - siltstone and mudstone,moderately to very strongly calcareous,unspecified,terrestrial, , , , 
3000,0095925,moderately well drained,morainal till,coarse loamy and coarse silty,sedementary - siltstone and mudstone,extremely to strongly acidic,weak chemical, , , , , , , , , , 
3001,0095926,well drained,morainal till, ,sedementary - siltstone and mudstone, , , , , , , , , , , , 
3002,0095928,moderately well drained,morainal till, ,sedementary - siltstone and mudstone, , , , , , , , , , , , 
3003,0095931,poorly drained,morainal till, ,sedementary - siltstone and mudstone, , , , , , , , , , , , 
3004,0095932,well drained,morainal till,fine loamy and fine silty,sedementary - sandstone,extremely to strongly acidic,chemical and physical,residual,coarse loamy and coarse silty,sedementary - sandstone,extremely to strongly acidic, ,terrestrial, , , , 
3005,0095933,moderately well drained,morainal till,coarse loamy and coarse silty,sedementary - sandstone,extremely to strongly acidic,chemical and physical, , , , , , , , , , 
3006,0095934,well drained,morainal till,coarse loamy and coarse silty,sedementary - sandstone,extremely to strongly acidic,chemical and physical, , , , , ,terrestrial, , , , 
3007,0095935,well drained,morainal till,coarse loamy and coarse silty,sedementary - sandstone,extremely to strongly acidic,chemical and physical, , , , , , , , , , 
3008,0095936,well drained,morainal till,coarse loamy and coarse silty,sedementary - sandstone,extremely to strongly acidic,chemical and physical, , , , , , , , , , 
3009,0095937,well drained,morainal till,coarse loamy and coarse silty,sedementary - siltstone and mudstone,extremely to strongly acidic,chemical and physical, , , , , , , , , , 
3010,0095938,well drained,morainal till,coarse loamy and coarse silty,sedementary - sandstone,extremely to strongly acidic,chemical and physical, , , , , , , , , , 
3011,0095939,imperfectly drained,morainal till,coarse loamy and coarse silty,sedementary - siltstone and mudstone,extremely to strongly acidic,chemical and physical, , , , , ,terrestrial,perched, , , 
3012,0095940,rapidly drained,glacio-fluvial,coarse loamy and coarse silty,sedementary - siltstone and mudstone,extremely to strongly acidic,chemical and physical,morainal till, , , , , , , , , 
3013,0095941,well drained,morainal till,coarse loamy and coarse silty,sedementary - sandstone,extremely to strongly acidic,chemical and physical,residual, ,sedementary - sandstone,extremely to strongly acidic,chemical and physical, , , , , 
3014,0095942,well drained,glacio-fluvial,coarse loamy and coarse silty,sedementary - sandstone,extremely to strongly acidic,chemical and physical,residual,coarse loamy and coarse silty,sedementary - siltstone and mudstone,extremely to strongly acidic,chemical and physical, , , , , 
3015,0095943,well drained,morainal till,coarse loamy and coarse silty,sedementary - siltstone and mudstone,extremely to strongly acidic,chemical and physical,residual,skeletal,sedementary - conglomerate,extremely to strongly acidic,weak chemical, , , , , 
3016,0095944,well drained,morainal till,coarse loamy and coarse silty,sedementary - sandstone,extremely to strongly acidic,chemical and physical,residual,coarse loamy and coarse silty,sedementary - sandstone,extremely to strongly acidic,moderate chemical, , , , , 
3017,0095945,well drained,glacio-fluvial,sandy,sedementary - sandstone,extremely to strongly acidic,chemical and physical, , , , , ,terrestrial, , , , 
3018,0095946,imperfectly drained,glacio-fluvial,sandy,sedementary - sandstone,extremely to strongly acidic,chemical and physical,morainal till,coarse loamy and coarse silty, ,extremely to strongly acidic,chemical and physical, ,apparent,0.8, , 
3019,0095947,well drained,morainal till,coarse loamy and coarse silty,sedementary - sandstone,extremely to strongly acidic,chemical and physical, , , , , , , , , , 
3020,0095948,well drained,morainal till,coarse loamy and coarse silty,sedementary - siltstone and mudstone,extremely to strongly acidic,chemical and physical, , , , , , , , , , 
3021,0095949,well drained,morainal till,coarse loamy and coarse silty,sedementary - sandstone,extremely to strongly acidic,chemical and physical, , , , , , , , , , 
3022,0095950,poorly drained,glacio-fluvial,coarse loamy and coarse silty,sedementary - sandstone,extremely to strongly acidic,chemical and physical,morainal till,coarse loamy and coarse silty, ,extremely to strongly acidic, , ,perched,1, , 
3023,0095952,well drained,morainal till,coarse loamy and coarse silty,sedementary - sandstone,extremely to strongly acidic,chemical and physical, , , , , , , , , , 
3024,0095953,moderately well drained,morainal till,fine loamy and fine silty,sedementary - siltstone and mudstone,extremely to strongly acidic,chemical and physical, , , , , , , , , , 
3025,0095955,rapidly drained,glacio-fluvial,coarse loamy and coarse silty,igneous - coarse acidic,extremely to strongly acidic,chemical and physical, , , , , , , , , , 
3026,0095956,well drained,morainal till,coarse loamy and coarse silty,sedementary - sandstone,extremely to strongly acidic,chemical and physical, , , , , , , , , , 
3027,0095957,poorly drained,morainal till,coarse loamy and coarse silty,sedementary - sandstone,extremely to strongly acidic,chemical and physical, , , , , ,terrestrial, , , , 
3028,0095959,well drained,morainal till,coarse loamy and coarse silty,sedementary - sandstone,extremely to strongly acidic,chemical and physical, , , , , , , , , , 
3029,0095961,well drained,morainal till,coarse loamy and coarse silty,sedementary - sandstone,extremely to strongly acidic,chemical and physical,residual, , , , ,terrestrial, , , , 
3030,0095962,rapidly drained,glacio-fluvial,sandy,sedementary - sandstone,extremely to strongly acidic,chemical and physical, , , , , , , , , , 
3031,0095963,moderately well drained,morainal till,coarse loamy and coarse silty,sedementary - siltstone and mudstone,extremely to strongly acidic,chemical and physical, , , , , , , , , , 
3032,0095965,imperfectly drained,marine,stratified - mineral,sedementary - sandstone,extremely to strongly acidic,chemical and physical, , , , , , ,apparent,0.3, , 
3033,0095966,imperfectly drained,glaciomarine,stratified - mineral,sedementary - siltstone and mudstone,moderately acidic to neutral,chemical and physical, , , , , , , , , , 
3034,0095967,well drained,glaciomarine,coarse loamy and coarse silty,sedementary - sandstone,extremely to strongly acidic,chemical and physical,residual,fragmental,sedementary - sandstone,extremely to strongly acidic,shatteredl, , ,99.9, , 
3035,0095969,well drained,morainal till,coarse loamy and coarse silty,sedementary - sandstone,extremely to strongly acidic,chemical and physical,residual,skeletal,sedementary - sandstone,extremely to strongly acidic,shatteredl, , , , , 
3036,0095970,well drained,glacio-fluvial,coarse loamy and coarse silty,sedementary - sandstone,extremely to strongly acidic,chemical and physical,morainal till,coarse loamy and coarse silty,sedementary - sandstone,extremely to strongly acidic, , , ,99.9, , 
3037,0095971,well drained,marine,coarse loamy and coarse silty,sedementary - sandstone,extremely to strongly acidic,chemical and physical, , , , , , , , , , 
3038,0105973,well drained,morainal till,fine loamy and fine silty,sedementary - shale,extremely to strongly acidic,chemical and physical, , , , , , ,other,40, , 
3039,0105974,moderately well drained,fluvial,coarse loamy and coarse silty,mixed,extremely to strongly acidic,chemical and physical, , , , , , , , , , 
3040,0105975,poorly drained,morainal till,fine loamy and fine silty,sedementary - shale,moderately acidic to neutral,chemical and physical, , , , , , , , , , 
3041,0105976,well drained,morainal till,fine loamy and fine silty,igneous - unspecified type,extremely to strongly acidic,chemical and physical, , , , , , , , , , 
3042,0105977,poorly drained,morainal till,coarse loamy and coarse silty,sedementary - shale,extremely to strongly acidic,chemical and physical, , , , , , , , , , 
3043,0105978,imperfectly drained,morainal till,coarse loamy and coarse silty,igneous - unspecified type,extremely to strongly acidic,chemical and physical, , , , , , , , , , 
3044,0105979,moderately well drained,morainal till,coarse loamy and coarse silty,sedementary - unspecified type,extremely to strongly acidic,chemical and physical, , , , , , , , , , 
3045,0105980,well drained,morainal till,coarse loamy and coarse silty,sedementary - shale,moderately acidic to neutral,chemical and physical, , , , , , , , , , 
3046,0105981,moderately well drained,morainal till,stratified - mineral and organic,igneous - unspecified type,moderately acidic to neutral,chemical and physical, , , , , , , , , , 
3047,0105982,moderately well drained,morainal till,stratified - mineral,igneous - unspecified type,extremely to strongly acidic,chemical and physical, , , , , , , , , , 
3048,0105983,imperfectly drained,morainal till,fine loamy and fine silty,sedementary - shale,extremely to strongly acidic,chemical and physical, , , , , , ,apparent,0.6, , 
3049,0105984, ,fluvial,coarse loamy and coarse silty,mixed,extremely to strongly acidic,chemical and physical, , , , , , , , , , 
3050,0105986, ,morainal till,fine loamy and fine silty,igneous - unspecified type,extremely to strongly acidic,chemical and physical, , , , , , , , , , 
3051,0105987,poorly drained,morainal till,fine loamy and fine silty,sedementary - shale,moderately acidic to neutral,chemical and physical, , , , , , ,apparent,0.7, , 
3052,0105988,well drained,morainal till,clayey,sedementary - shale,moderately acidic to neutral,chemical and physical, , , , , , , , , , 
3053,0105989,imperfectly drained,morainal till,coarse loamy and coarse silty,igneous - unspecified type,extremely to strongly acidic,chemical and physical, , , , , , , , , , 
3054,0105990,poorly drained,morainal till,coarse loamy and coarse silty,igneous - unspecified type,extremely to strongly acidic,chemical and physical, , , , , , , , , , 
3055,0105991, ,morainal till,coarse loamy and coarse silty,igneous - unspecified type,extremely to strongly acidic,chemical and physical, , , , , , , , , , 
3056,0105992,imperfectly drained,morainal till,coarse loamy and coarse silty,igneous - unspecified type,extremely to strongly acidic,chemical and physical, , , , , , , , , , 
3057,0105994,well drained,morainal till,coarse loamy and coarse silty,igneous - unspecified type,extremely to strongly acidic,chemical and physical, , , , , , , , , , 
3058,0105995,moderately well drained,morainal till,fragmental,igneous - unspecified type,extremely to strongly acidic,chemical and physical, , , , , , , , , , 
3059,0106001,moderately well drained,morainal till,clayey,sedementary - unspecified type,extremely to strongly acidic,chemical and physical, , , , , , , , , , 
3060,0106005,imperfectly drained,morainal till,coarse loamy and coarse silty,sedementary - unspecified type,extremely to strongly acidic,chemical and physical, , , , , , , , , , 
3061,0106013,moderately well drained,fluvial,fragmental,igneous - unspecified type,extremely to strongly acidic,chemical and physical, , , , , ,terrestrial, , , , 
3062,0106014,moderately well drained,morainal till,coarse loamy and coarse silty,sedementary - unspecified type,extremely to strongly acidic,chemical and physical, , , , , , , , , , 
3063,0106018,moderately well drained,morainal till,coarse loamy and coarse silty,igneous - unspecified type,extremely to strongly acidic,chemical and physical, , , , , , , , , , 
3064,0106026,rapidly drained,morainal till, ,igneous - unspecified type,extremely to strongly acidic,chemical and physical, , , , , , , , , , 
3065,0106027,well drained,morainal till,stratified - mineral,sedementary - unspecified type,extremely to strongly acidic,chemical and physical, , , , , ,terrestrial, , , , 
3066,0106030,imperfectly drained,morainal till,undifferentiated,sedementary - unspecified type,extremely to strongly acidic,chemical and physical, , , , , , , , , , 
3067,0106031, ,morainal till, ,sedementary - siltstone and mudstone, , , , , , , , , , , , 
3068,0106032, , , ,sedementary - siltstone and mudstone, , , , , , , , , , , , 
3069,0106039, ,morainal till, ,sedementary - shale, , , , , , , , , , , , 
3070,0106049,well drained,morainal till,fine loamy and fine silty,sedementary - slate,extremely to strongly acidic,chemical and physical, , , , , , ,apparent,2, , 
3071,0106050,moderately well drained,morainal till,sandy,igneous - coarse acidic,extremely to strongly acidic,chemical and physical, , , , , ,terrestrial, , , , 
3072,0106051,well drained,morainal till,skeletal,igneous - fine acidic,extremely to strongly acidic,moderate chemical, , , , , ,terrestrial, , , , 
3073,0106052,moderately well drained,morainal till,clayey,sedementary - sandstone,extremely to strongly acidic,chemical and physical, , , , , ,terrestrial, , , , 
3074,0106053,imperfectly drained,morainal till,sandy,igneous - coarse acidic,extremely to strongly acidic,moderate chemical, , , , , ,terrestrial, , , , 
3075,0106054,imperfectly drained,morainal till,coarse loamy and coarse silty,igeneous - fine basic,moderately acidic to neutral,weak chemical, , , , , ,terrestrial, , , , 
3076,0106055,poorly drained,morainal till,skeletal,igneous - coarse acidic,moderately acidic to neutral,chemical and physical, , , , , ,terrestrial, ,0.8, , 
3077,0106056,moderately well drained,morainal till,coarse loamy and coarse silty,igneous - coarse acidic,extremely to strongly acidic,moderate chemical, , , , , ,terrestrial, , , , 
3078,0106057,well drained,glacio-fluvial,skeletal,mixed,extremely to strongly acidic,moderate chemical,glacio-fluvial,fragmental,mixed,extremely to strongly acidic,unspecified,terrestrial, , , , 
3079,0106058,moderately well drained,marine,clayey,undifferentiated,extremely to strongly acidic,chemical and physical, , , , , , , , , , 
3080,0106059,well drained,morainal till,fine loamy and fine silty,sedementary - shale, ,weak chemical, , , , , ,terrestrial, , , , 
3081,0106060,imperfectly drained,marine,coarse loamy and coarse silty,undifferentiated,moderately acidic to neutral,weak chemical, , , , , ,terrestrial,apparent, , , 
3082,0106061,moderately well drained,morainal till,coarse loamy and coarse silty,sedementary - sandstone,weakly calcareous,weak chemical, , , , , ,terrestrial, , , , 
3083,0106062,moderately well drained,morainal till,coarse loamy and coarse silty,igneous - coarse acidic,extremely to strongly acidic,weak chemical, , , , , , , , , , 
3084,0106063,imperfectly drained,morainal till,coarse loamy and coarse silty,igneous - unspecified type,weakly calcareous,chemical and physical, , , , , , ,apparent,0.7, , 
3085,0106064,well drained,glacio-fluvial,skeletal,igneous - unspecified type,moderately acidic to neutral,chemical and physical, , , , , , , , , , 
3086,0106065,moderately well drained,glacio-fluvial,skeletal,mixed,extremely to strongly acidic,weak chemical, , , , , , , , , , 
3087,0106066,imperfectly drained,morainal till,coarse loamy and coarse silty,gneiss,extremely to strongly acidic,weak chemical, , , , , , ,apparent, , , 
3088,0106067,well drained,morainal till,coarse loamy and coarse silty,metamorphic - schist and phyllite,extremely to strongly acidic,weak chemical, , , , , , , , , , 
3089,0106068,imperfectly drained,morainal till,skeletal,metamorphic - schist and phyllite,extremely to strongly acidic,moderate chemical, , , , , ,terrestrial, , , , 
3090,0106069,moderately well drained,morainal till,skeletal,sedementary - unspecified type,extremely to strongly acidic,weak chemical, , , , , ,terrestrial, , , , 
3091,0106070,poorly drained,morainal till,coarse loamy and coarse silty,igneous - coarse acidic,extremely to strongly acidic,moderate chemical, , , , , ,terrestrial,perched,0.4, , 
3092,0106074,moderately well drained,morainal till,coarse loamy and coarse silty,sedementary - unspecified type, , , , , , , ,terrestrial, , , , 
3093,0106081,poorly drained,morainal till, ,mixed,extremely to strongly acidic,unspecified,glacio-fluvial,sandy,mixed,extremely to strongly acidic,unspecified,terrestrial,apparent,0.5, , 
3094,0106084,rapidly drained,morainal till,coarse loamy and coarse silty,mixed,extremely to strongly acidic,unspecified,glacio-fluvial,sandy,mixed,extremely to strongly acidic,unspecified,terrestrial,apparent,0.5, , 
3095,0106087,well drained,morainal till,coarse loamy and coarse silty,mixed,extremely to strongly acidic,unspecified,morainal till,sandy,mixed,extremely to strongly acidic,unspecified,terrestrial,apparent,3, , 
3096,0106089,well drained,morainal till,coarse loamy and coarse silty,mixed,extremely to strongly acidic,unspecified, , , , , ,terrestrial,apparent,1, , 
3097,0106103,moderately well drained,morainal till,skeletal,pyroclastic - unspecified type,extremely to strongly acidic,chemical and physical, , , , , ,terrestrial, , , , 
3098,0106104,moderately well drained,glacio-fluvial,skeletal,mixed,extremely to strongly acidic,chemical and physical, , , , , ,terrestrial, , , , 
3099,0106105,moderately well drained,glacio-fluvial,coarse loamy and coarse silty,mixed,extremely to strongly acidic,chemical and physical,glacio-fluvial,fine loamy and fine silty,mixed,extremely to strongly acidic,weak chemical,terrestrial, , , , 
3100,0106106,moderately well drained,morainal till,coarse loamy and coarse silty,igneous - coarse acidic,extremely to strongly acidic,moderate chemical, , , , , ,terrestrial, , , , 
3101,0106107,imperfectly drained,morainal till,coarse loamy and coarse silty,sedementary - slate,extremely to strongly acidic,moderate chemical, , , , , ,terrestrial, , , , 
3102,0106108,poorly drained, ,undifferentiated,"organic material - litter (leaves, needles)",extremely to strongly acidic,unspecified, , , , , ,terrestrial, , , , 
3103,0106109,poorly drained,morainal till,skeletal,pyroclastic - unspecified type,extremely to strongly acidic,moderate chemical, , , , , ,terrestrial,perched, , , 
3104,0106110,well drained,morainal till,sandy,sedementary - siltstone and mudstone, , , , , , , , , , , , 
3105,0106111,imperfectly drained,morainal till,sandy,sedementary - siltstone and mudstone,moderately acidic to neutral,chemical and physical, , , , , ,terrestrial, , , , 
3106,0106113,well drained,morainal till,skeletal,sedementary - shale,extremely to strongly acidic,shattered, , , , , ,terrestrial, , , , 
3107,0106114,poorly drained,morainal till,coarse loamy and coarse silty,igneous - unspecified type, , , , , , , ,terrestrial,perched,0.2, , 
3108,0106115,moderately well drained,morainal till,skeletal,sedementary - shale,extremely to strongly acidic,shattered, , , , , ,terrestrial, , , , 
3109,0106116,well drained,morainal till,coarse loamy and coarse silty,igneous - unspecified type,extremely to strongly acidic, , , , , , , , , , , 
3110,0106117,imperfectly drained,morainal till,coarse loamy and coarse silty,igneous - coarse acidic,extremely to strongly acidic,chemical and physical, , , , , ,terrestrial, , , , 
3111,0106118,moderately well drained,morainal till, ,igneous - unspecified type, , , , , , , ,terrestrial, , , , 
3112,0106119,moderately well drained,morainal till,coarse loamy and coarse silty,igneous - unspecified type,extremely to strongly acidic, , , , , , , , , , , 
3113,0106123,moderately well drained,morainal till, ,igneous - unspecified type,extremely to strongly acidic,chemical and physical, , , , , , , , , , 
3114,0106139,well drained,glacio-fluvial,skeletal,mixed,extremely to strongly acidic,moderate chemical, , , , , ,terrestrial, , , , 
3115,0106140,well drained,morainal till,skeletal,sedementary - shale,extremely to strongly acidic,chemical and physical,residual,fragmental,sedementary - shale,extremely to strongly acidic,shatteredl, , , , , 
3116,0106141,moderately well drained,morainal till,coarse loamy and coarse silty,igeneous - fine basic,extremely to strongly acidic,moderate chemical, , , , , , , , , , 
3117,0106142,moderately well drained,morainal till,skeletal,sedementary - shale,extremely to strongly acidic,moderate chemical, , , , , , , , , , 
3118,0106143,moderately well drained,morainal till,skeletal,sedementary - shale,extremely to strongly acidic,moderate chemical, , , , , , , , , , 
3119,0106144,well drained,glacio-fluvial,skeletal,mixed,extremely to strongly acidic,moderate chemical,glacio-fluvial,skeletal, ,extremely to strongly acidic,moderate chemical, , , , , 
3120,0106145,imperfectly drained,morainal till,skeletal,sedementary - shale,extremely to strongly acidic,moderate chemical, , , , , , , , , , 
3121,0106146,moderately well drained,morainal till,skeletal,sedementary - shale,extremely to strongly acidic,moderate chemical, , , , , , , , , , 
3122,0106147,moderately well drained,morainal till,skeletal,igneous - unspecified type,extremely to strongly acidic,moderate chemical, , , , , , , , , , 
3123,0106148,well drained,morainal till,skeletal,igneous - unspecified type,extremely to strongly acidic,chemical and physical, , , , , , , , , , 
3124,0106149,very poorly drained,organic, ,organic material - fen peat, , , , , , , , , ,0.2, , 
3125,0106150,imperfectly drained,morainal till,skeletal,igneous - unspecified type,extremely to strongly acidic,chemical and physical, , , , , , , , , , 
3126,0106151,well drained,glacio-fluvial,skeletal,mixed,extremely to strongly acidic,moderate chemical, , , , , ,terrestrial, , , , 
3127,0106153,poorly drained,organic, ,organic material - sphagnum peat, , , , , , , , , , , , 
3128,0106154,poorly drained,glacio-fluvial,skeletal,mixed,extremely to strongly acidic,moderate chemical, , , , , , , , , , 
3129,0106155,well drained,glacio-fluvial,skeletal,mixed,extremely to strongly acidic,moderate chemical, , , , , , , , , , 
3130,0106156,well drained,morainal till,fine loamy and fine silty,sedementary - sandstone,extremely to strongly acidic,moderate chemical, , , , , , , , , , 
3131,0106157,imperfectly drained,glacio-fluvial,coarse loamy and coarse silty,sedementary - sandstone,extremely to strongly acidic,moderate chemical, , , , , , , , , , 
3132,0106158,moderately well drained,morainal till,coarse loamy and coarse silty,sedementary - sandstone,extremely to strongly acidic,moderate chemical, , , , , , , , , , 
3133,0106159,well drained,morainal till,coarse loamy and coarse silty,sedementary - sandstone,extremely to strongly acidic,moderate chemical, , , , , , , , , , 
3134,0106160,moderately well drained,morainal till,skeletal,igneous - unspecified type,extremely to strongly acidic,moderate chemical,glacio-marine,skeletal,undifferentiated,extremely to strongly acidic,weak chemical, , , , , 
3135,0106161,imperfectly drained,morainal till,skeletal,igneous - unspecified type,extremely to strongly acidic,moderate chemical, , , , , , , , , , 
3136,0106162,imperfectly drained,fluvio-marine,skeletal,undifferentiated,extremely to strongly acidic,moderate chemical, , , , , , , , , , 
3137,0106163,imperfectly drained,glacio-fluvial,skeletal,sedementary - sandstone,extremely to strongly acidic,moderate chemical, , , , , , , , , , 
3138,0106164,moderately well drained,glacio-fluvial,skeletal,sedementary - sandstone,extremely to strongly acidic,weak chemical, , , , , , , , , , 
3139,0106165,moderately well drained,morainal till,coarse loamy and coarse silty,sedementary - sandstone,extremely to strongly acidic,moderate chemical, , , , , , , , , , 
3140,0106166,poorly drained,morainal till,skeletal,igneous - unspecified type,extremely to strongly acidic,moderate chemical, , , , , , , , , , 
3141,0106167,moderately well drained,morainal till,skeletal,igneous - unspecified type,extremely to strongly acidic,moderate chemical, , , , , , , , , , 
3142,0106168,moderately well drained,morainal till,skeletal,igneous - unspecified type,extremely to strongly acidic,moderate chemical, , , , , , , , , , 
3143,0106169,moderately well drained,morainal till,coarse loamy and coarse silty,igneous - unspecified type,extremely to strongly acidic,moderate chemical, , , , , , , , , , 
3144,0106170,well drained,glacio-fluvial,skeletal,sedementary - sandstone,extremely to strongly acidic,moderate chemical, , , , , , , , , , 
3145,0106171,well drained,glacio-fluvial,skeletal,sedementary - sandstone,extremely to strongly acidic,moderate chemical, , , , , , , , , , 
3146,0106172,well drained,morainal till,skeletal,sedementary - sandstone,extremely to strongly acidic,moderate chemical, , , , , , , , , , 
3147,0106173,poorly drained, ,skeletal,sedementary - sandstone,extremely to strongly acidic,moderate chemical, , , , , , , , , , 
3148,0106174,very poorly drained,organic, ,sedementary - siltstone and mudstone,extremely to strongly acidic, ,morainal till,coarse loamy and coarse silty,sedementary - sandstone,extremely to strongly acidic, , , , , , 
3149,0106175,moderately well drained,morainal till,skeletal,sedementary - sandstone,extremely to strongly acidic,moderate chemical, , , , , , , , , , 
3150,0106176,moderately well drained,glacio-fluvial,skeletal,mixed,extremely to strongly acidic,moderate chemical, , , , , , , ,0.7, , 
3151,0106178,moderately well drained,glacio-fluvial,sandy,sedementary - sandstone,extremely to strongly acidic,weak chemical, , , , , , , , , , 
3152,0106179,well drained,morainal till,skeletal,sedementary - sandstone,extremely to strongly acidic,moderate chemical, , , , , , , , , , 
3153,0106180,well drained,glacio-fluvial, ,sedementary - sandstone, , , , , , , , , , , , 
3154,0106181,well drained,morainal till,skeletal,sedementary - shale,extremely to strongly acidic,moderate chemical, , , , , , , , , , 
3155,0106182,well drained,morainal till,coarse loamy and coarse silty,sedementary - sandstone,extremely to strongly acidic,moderate chemical, , , , , , , , , , 
3156,0106183, ,morainal till,skeletal,sedementary - sandstone,extremely to strongly acidic,moderate chemical, , , , , , , , , , 
3157,0106184,well drained,morainal till,coarse loamy and coarse silty,sedementary - sandstone,extremely to strongly acidic,moderate chemical, , , , , , , , , , 
3158,0106185,poorly drained,morainal till,coarse loamy and coarse silty,sedementary - siltstone and mudstone,extremely to strongly acidic,moderate chemical, , , , , , , , , , 
3159,0106186,moderately well drained,morainal till,skeletal,sedementary - sandstone,extremely to strongly acidic,moderate chemical, , , , , , , , , , 
3160,0106187,imperfectly drained,morainal till,skeletal,sedementary - sandstone,extremely to strongly acidic,moderate chemical, , , , , , , , , , 
3161,0106188, ,morainal till,skeletal,sedementary - siltstone and mudstone,extremely to strongly acidic,moderate chemical, , , , , , , , , , 
3162,0106190,moderately well drained, , ,sedementary - siltstone and mudstone, , , , , , , , , , , , 
3163,0106192,imperfectly drained, , ,sedementary - siltstone and mudstone, , , , , , , , , ,0.3, , 
3164,0106197,imperfectly drained, ,sandy,sedementary - siltstone and mudstone, , , , , , , , , ,0.3, , 
3165,0106205,rapidly drained,fluvial,sandy,sedementary - siltstone and mudstone, , , , , , , , , , , , 
3166,0106207,poorly drained,organic, ,organic material - sphagnum peat, , , , , , , , , ,0.3, , 
3167,0106208,poorly drained,organic, ,organic material - sphagnum peat, , , , ,organic material - sphagnum peat, , , ,apparent,0.3, , 
3168,0106209,very poorly drained,organic, ,organic material - fen peat, , , , , , , , , ,0.1, , 
3169,0106210,very poorly drained,organic, ,organic material - sphagnum peat, , , , , , , , , ,0.1, , 
3170,0106211,poorly drained, , ,organic material - unspecified type, , , , , , , , ,apparent, , , 
3171,0106212,poorly drained,organic, ,sedementary - siltstone and mudstone, , , , , , , , , , , , 
3172,0106213,very poorly drained,organic, ,organic material - sphagnum peat, , , , , , , , ,apparent,0.2, , 
3173,0106214,very poorly drained, , ,organic material - unspecified type, , , , , , , , ,apparent,1, , 
3174,0106215,poorly drained, , ,organic material - unspecified type, , , , , , , , ,apparent,0.3, , 
3175,0106216,poorly drained,organic, ,organic material - sphagnum peat, , , , , , , , ,apparent,0.3, , 
3176,0106217,very poorly drained,organic, ,sedementary - siltstone and mudstone, , , , , , , , , ,0.3, , 
3177,0106218,very poorly drained,organic, ,organic material - sphagnum peat, , , , , , , , , ,0.3, , 
3178,0106219,well drained,morainal till,fine loamy and fine silty,sedementary - sandstone,extremely to strongly acidic,moderate chemical, , , , , , , , , , 
3179,0106220,moderately well drained,morainal till,coarse loamy and coarse silty,sedementary - sandstone,extremely to strongly acidic,moderate chemical, , , , , , , , , , 
3180,0106221,moderately well drained,morainal till,skeletal,sedementary - shale,extremely to strongly acidic,moderate chemical, , , , , , , , , , 
3181,0106222,very poorly drained,organic, ,sedementary - siltstone and mudstone, , , , , , , , , ,0.1, , 
3182,0106223,poorly drained,organic, ,organic material - sphagnum peat, , , , , , , , , ,0.5, , 
3183,0106224,well drained,morainal till,coarse loamy and coarse silty,sedementary - sandstone,extremely to strongly acidic,moderate chemical, , , , , , , , , , 
3184,0106225,poorly drained,organic, ,organic material - sphagnum peat, , , , , , , , , ,0.3, , 
3185,0106226,poorly drained,organic, ,organic material - sphagnum peat, , , , , , , , , ,0.5, , 
3186,0106227,very poorly drained,organic, ,organic material - sphagnum peat, , , , , , , , , ,0.2, , 
3187,0106228,imperfectly drained,organic, ,organic material - sphagnum peat, , , , , , , , , ,0.5, , 
3188,0106229,moderately well drained,morainal till, ,igneous - coarse basic,extremely to strongly acidic,moderate chemical, , , , , , , , , , 
3189,0106230,well drained,morainal till,coarse loamy and coarse silty,sedementary - shale,extremely to strongly acidic,moderate chemical, , , , , , , , , , 
3190,0106231,well drained,morainal till,skeletal,sedementary - shale,extremely to strongly acidic,moderate chemical, , , , , , , , , , 
3191,0106232,imperfectly drained,morainal till,skeletal,igneous - coarse acidic,extremely to strongly acidic,moderate chemical, , , , , , , , , , 
3192,0106233,well drained,glacio-fluvial,skeletal,mixed,extremely to strongly acidic,moderate chemical, , , , , , , , , , 
3193,0106234,imperfectly drained,morainal till,skeletal,mixed,extremely to strongly acidic,moderate chemical, , , , , , , , , , 
3194,0106235,moderately well drained,fluvial,fine loamy and fine silty,sedementary - siltstone and mudstone, , ,fluvial,skeletal, , , , , , , , 
3195,0106236,rapidly drained,glacio-fluvial,fine loamy and fine silty,sedementary - siltstone and mudstone, , ,glacio-fluvial, , , , , , , , , 
3196,0106237,moderately well drained,glacio-fluvial,coarse loamy and coarse silty,sedementary - siltstone and mudstone, , , , , , , , , , , , 
3197,0106238,well drained,glacio-fluvial,sandy,sedementary - siltstone and mudstone, , , , , , , , , , , , 
3198,0106239,imperfectly drained,glaciolacustrine, ,sedementary - siltstone and mudstone, , , , , , , , , , , , 
3199,0106240,well drained,morainal till,coarse loamy and coarse silty,igeneous - fine basic, , , , , , , , , , , , 
3200,0106241,well drained,glacio-fluvial,skeletal,sedementary - siltstone and mudstone, , , , , , , , , , , , 
3201,0106242,well drained,glacio-fluvial,skeletal,sedementary - siltstone and mudstone, , , , , , , , , , , , 
3202,0106243,well drained,glacio-fluvial, ,sedementary - siltstone and mudstone, , , , , , , , , , , , 
3203,0106244,imperfectly drained,morainal till,fine loamy and fine silty,sedementary - siltstone and mudstone, , , , , , , , ,perched, , , 
3204,0106245,poorly drained,organic,undifferentiated,sedementary - siltstone and mudstone,extremely to strongly acidic, ,glacio-fluvial,stratified - mineral,mixed,extremely to strongly acidic, , , , , , 
3205,0106246,poorly drained,organic,undifferentiated,sedementary - siltstone and mudstone,extremely to strongly acidic, ,morainal till,stratified - mineral,mixed,extremely to strongly acidic, , , , , , 
3206,0106247,poorly drained,organic,undifferentiated,sedementary - siltstone and mudstone,extremely to strongly acidic, ,glacio-fluvial,stratified - mineral,mixed,extremely to strongly acidic, , , , , , 
3207,0106248,very poorly drained,morainal till,undifferentiated,sedementary - siltstone and mudstone,extremely to strongly acidic, ,glacio-fluvial,stratified - mineral, ,extremely to strongly acidic, , , ,0, , 
3208,0106249,poorly drained,organic,undifferentiated,sedementary - siltstone and mudstone,extremely to strongly acidic, ,glacio-fluvial,stratified - mineral, ,extremely to strongly acidic, , , , , , 
3209,0106250, ,organic,undifferentiated,sedementary - siltstone and mudstone,extremely to strongly acidic, ,glacio-fluvial,stratified - mineral, ,extremely to strongly acidic, , , , , , 
3210,0106251,poorly drained,organic,undifferentiated,sedementary - siltstone and mudstone,extremely to strongly acidic, ,glacio-fluvial,stratified - mineral,mixed,extremely to strongly acidic, , , , , , 
3211,0106252,poorly drained,morainal till,skeletal,igneous - coarse acidic,extremely to strongly acidic,moderate chemical, , , , , , ,perched,0.2, , 
3212,0106253,well drained,organic, ,organic material - sphagnum peat, , , , , , , , , , , , 
3213,0106255,rapidly drained,fluvial,stratified - mineral,mixed, ,chemical and physical, , , , , , ,other, , , 
3214,0106257,rapidly drained,lacustrine,stratified - mineral,mixed, ,chemical and physical, , , , , , ,other, , , 
3215,0106258,rapidly drained,fluvial,stratified - mineral,mixed, , , , , , , , , , , , 
3216,0106260,very poorly drained,organic, ,organic material - unspecified type, ,chemical and physical,morainal till, ,mixed, , , ,apparent, , , 
3217,0106264,imperfectly drained,morainal till,fine loamy and fine silty,sedementary - unspecified type, ,chemical and physical, , , , , , ,apparent, , , 
3218,0106266,moderately well drained,fluvial,stratified - mineral,mixed, ,chemical and physical, , , , , , , , , , 
3219,0106267,imperfectly drained,morainal till,fine loamy and fine silty,sedementary - sandstone, , , , , , , , , ,0.5, , 
3220,0106271,imperfectly drained,morainal till,coarse loamy and coarse silty,mixed, ,chemical and physical, , , , , , , , , , 
3221,0106272,rapidly drained,fluvial,stratified - mineral,mixed, , , , , , , , , , , , 
3222,0106274,poorly drained,morainal till,fine loamy and fine silty,mixed, ,chemical and physical, , , , , , , , , , 
3223,0106275,poorly drained,fluvial,stratified - mineral,mixed, ,chemical and physical, , , , , , ,apparent,0.4, , 
3224,0106277,well drained,morainal till,coarse loamy and coarse silty,mixed, , , , , , , , , , , , 
3225,0106281,poorly drained,morainal till,coarse loamy and coarse silty,sedementary - sandstone,extremely to strongly acidic,moderate chemical, , , , , , , , , , 
3226,0106282,very poorly drained,glaciolacustrine,fine loamy and fine silty,sedementary - siltstone and mudstone,extremely to strongly acidic,chemical and physical, , , , , , , ,0.1, , 
3227,0106283,very poorly drained,glacio-fluvial,skeletal,sedementary - sandstone,extremely to strongly acidic,moderate chemical, , , , , , ,apparent,0.3, , 
3228,0106284,imperfectly drained,glacio-fluvial,skeletal,mixed,extremely to strongly acidic,moderate chemical, , , , , , , , , , 
3229,0106285,imperfectly drained,morainal till,skeletal,sedementary - sandstone,extremely to strongly acidic,chemical and physical,glacio-fluvial,stratified - mineral,sedementary - sandstone,extremely to strongly acidic,weak chemical, , , , , 
3230,0106286,imperfectly drained,marine,fine loamy and fine silty,undifferentiated,extremely to strongly acidic,unspecified, , , , , , , , , , 
3231,0106287,rapidly drained,marine,fragmental,mixed, , , , , , , , , , , , 
3232,0106290,well drained,morainal till, ,sedementary - siltstone and mudstone,extremely to strongly acidic,chemical and physical, , , , , , , , , , 
3233,0106291,moderately well drained,morainal till, ,sedementary - sandstone,extremely to strongly acidic,chemical and physical, , , , , , , , , , 
3234,0106292,moderately well drained,morainal till, ,igneous - coarse acidic, ,chemical and physical, , , , , , , , , , 
3235,0106293,moderately well drained,morainal till, ,sedementary - siltstone and mudstone, ,chemical and physical, , , , , , , , , , 
3236,0106294,moderately well drained,glacio-fluvial, ,sedementary - siltstone and mudstone, , , , , , , , , , , , 
3237,0106295,imperfectly drained,morainal till,skeletal,igneous - unspecified type,extremely to strongly acidic,chemical and physical, , , , , , ,apparent,0.5, , 
3238,0106296,moderately well drained,morainal till,skeletal,igneous - unspecified type,extremely to strongly acidic,chemical and physical, , , , , , , , , , 
3239,0106297,imperfectly drained,morainal till,skeletal,sedementary - siltstone and mudstone,extremely to strongly acidic,chemical and physical, , , , , , ,apparent,0.5, , 
3240,0106298,poorly drained,morainal till,skeletal,sedementary - siltstone and mudstone,extremely to strongly acidic,chemical and physical, , , , , , ,perched,0.7, , 
3241,0116301,well drained,morainal till, ,sedementary - siltstone and mudstone, , , , , , , , , , , , 
3242,0116302, ,morainal till, ,sedementary - siltstone and mudstone, , , , , , , , , , , , 
3243,0116303,poorly drained,fluvial, ,sedementary - siltstone and mudstone, , ,morainal till, , , , , , , , , 
3244,0116304,well drained,fluvial, ,sedementary - siltstone and mudstone, , , , , , , , , , , , 
3245,0116307,imperfectly drained,fluvial, ,sedementary - siltstone and mudstone, , , , , , , , , , , , 
3246,0116309,well drained,fluvial, ,sedementary - siltstone and mudstone, , , , , , , , , , , , 
3247,0116310,well drained,fluvial, ,sedementary - siltstone and mudstone, , , , , , , , , , , , 
3248,0116312,well drained,fluvial, ,sedementary - siltstone and mudstone, , , , , , , , , , , , 
3249,0116313,imperfectly drained,fluvial, ,sedementary - siltstone and mudstone, , , , , , , , , , , , 
3250,0116314,poorly drained,fluvial, ,sedementary - siltstone and mudstone, , , , , , , , , , , , 
3251,0116315,poorly drained,fluvial, ,sedementary - siltstone and mudstone, , , , , , , , , , , , 
3252,0116316,well drained,fluvial, ,sedementary - siltstone and mudstone, , , , , , , , , , , , 
3253,0116317,well drained,fluvial, ,sedementary - siltstone and mudstone, , , , , , , , , , , , 
3254,0116318,well drained,fluvial, ,sedementary - siltstone and mudstone, , , , , , , , , , , , 
3255,0116319,well drained,fluvial, ,sedementary - siltstone and mudstone, , , , , , , , , , , , 
3256,0116320,poorly drained,fluvial, ,sedementary - siltstone and mudstone, , , , , , , , , , , , 
3257,0116321,poorly drained,fluvial, ,sedementary - siltstone and mudstone, , , , , , , , , , , , 
3258,0116322,well drained,fluvial, ,sedementary - siltstone and mudstone, , , , , , , , , , , , 
3259,0116323,well drained,fluvial, ,sedementary - siltstone and mudstone, , , , , , , , , , , , 
3260,0116324,well drained,morainal till, ,sedementary - siltstone and mudstone, , , , , , , , , , , , 
3261,0116325,well drained,fluvial, ,sedementary - siltstone and mudstone, , , , , , , , , , , , 
3262,0116326,poorly drained,fluvial, ,sedementary - siltstone and mudstone, , ,morainal till, , , , , , , , , 
3263,0116327,imperfectly drained,fluvial, ,sedementary - siltstone and mudstone, , ,morainal till, , , , , , , , , 
3264,0116328,well drained,fluvial, ,sedementary - siltstone and mudstone, , ,morainal till, , , , , , , , , 
3265,0116329,well drained,fluvial, ,sedementary - siltstone and mudstone, , , , , , , , , , , , 
3266,0116330,well drained,fluvial, ,sedementary - siltstone and mudstone, , , , , , , , , , , , 
3267,0116332,well drained,fluvial, ,sedementary - siltstone and mudstone, , ,morainal till, , , , , , , , , 
3268,0116333,well drained,fluvial, ,sedementary - siltstone and mudstone, , ,lacustrine, , , , , , , , , 
3269,0116334,poorly drained,fluvial, ,sedementary - siltstone and mudstone, , , , , , , , , , , , 
3270,0116335,well drained,fluvial, ,sedementary - siltstone and mudstone, , ,lacustrine, , , , , , , , , 
3271,0116336,well drained,fluvial, ,sedementary - siltstone and mudstone, , ,lacustrine, , , , , , , , , 
3272,0116337,well drained,fluvial, ,sedementary - siltstone and mudstone, , , , , , , , , , , , 
3273,0116338,well drained,fluvial, ,sedementary - siltstone and mudstone, , , , , , , , , , , , 
3274,0116339,poorly drained,fluvial, ,sedementary - siltstone and mudstone, , ,morainal till, , , , , , , , , 
3275,0116340,well drained,lacustrine, ,sedementary - siltstone and mudstone, , , , , , , , , , , , 
3276,0116341,well drained,fluvial, ,sedementary - siltstone and mudstone, , ,morainal till, , , , , , , , , 
3277,0116342,well drained,morainal till, ,sedementary - siltstone and mudstone, , , , , , , , , , , , 
3278,0116343,well drained,fluvial, ,sedementary - siltstone and mudstone, , , , , , , , , , , , 
3279,0116344,well drained,morainal till, ,sedementary - siltstone and mudstone, , , , , , , , , , , , 
3280,0116345,poorly drained,fluvial, ,sedementary - siltstone and mudstone, , , , , , , , , , , , 
3281,0116346,well drained,fluvial, ,sedementary - siltstone and mudstone, , , , , , , , , , , , 
3282,0116347,well drained,fluvial, ,sedementary - siltstone and mudstone, , ,lacustrine, , , , , , , , , 
3283,0116348,well drained,fluvial, ,sedementary - siltstone and mudstone, , ,lacustrine, , , , , , , , , 
3284,0116349,well drained,lacustrine, ,sedementary - siltstone and mudstone, , , , , , , , , , , , 
3285,0116350,well drained,fluvial, ,sedementary - siltstone and mudstone, , , , , , , , , , , , 
3286,0116351,poorly drained,lacustrine, ,sedementary - siltstone and mudstone, , , , , , , , , , , , 
3287,0116352,well drained,fluvial, ,sedementary - siltstone and mudstone, , , , , , , , , , , , 
3288,0116353,poorly drained,fluvial, ,sedementary - siltstone and mudstone, , ,lacustrine, , , , , , , , , 
3289,0116354,poorly drained,fluvial, ,sedementary - siltstone and mudstone, , ,lacustrine, , , , , , , , , 
3290,0116357,well drained,lacustrine, ,sedementary - siltstone and mudstone, , , , , , , , , , , , 
3291,0116358,well drained,lacustrine, ,sedementary - siltstone and mudstone, , , , , , , , , , , , 
3292,0116359,imperfectly drained,fluvial, ,sedementary - siltstone and mudstone, , , , , , , , , , , , 
3293,0116360,imperfectly drained,fluvial, ,sedementary - siltstone and mudstone, , , , , , , , , , , , 
3294,0116361,well drained,fluvial, ,sedementary - siltstone and mudstone, , ,lacustrine, , , , , , , , , 
3295,0116362,well drained,fluvial, ,sedementary - siltstone and mudstone, , ,lacustrine, , , , , , , , , 
3296,0116363,rapidly drained,fluvial, ,sedementary - siltstone and mudstone, , , , , , , , , , , , 
3297,0116364,rapidly drained,fluvial, ,sedementary - siltstone and mudstone, , , , , , , , , , , , 
3298,0116365,well drained,fluvial, ,sedementary - siltstone and mudstone, , , , , , , , , , , , 
3299,0116367,well drained,fluvial, ,sedementary - siltstone and mudstone, , , , , , , , , , , , 
3300,0116368,rapidly drained,fluvial, ,sedementary - siltstone and mudstone, , , , , , , , , , , , 
3301,0116369,rapidly drained,fluvial, ,sedementary - siltstone and mudstone, , , , , , , , , , , , 
3302,0116370,rapidly drained,fluvial, ,sedementary - siltstone and mudstone, , , , , , , , , , , , 
3303,0116372,well drained,fluvial, ,sedementary - siltstone and mudstone, , , , , , , , , , , , 
3304,0116373,imperfectly drained,lacustrine, ,undifferentiated, , , , , , , , , , , , 
3305,0116374,moderately well drained,fluvial, ,undifferentiated, , , , , , , , , , , , 
3306,0116375,moderately well drained,fluvial, ,undifferentiated, , , , , , , , , , , , 
3307,0116376,poorly drained,fluvial, ,undifferentiated, , ,lacustrine, ,undifferentiated, , , , , , , 
3308,0116378,poorly drained,fluvial, ,undifferentiated, , , , , , , , , , , , 
3309,0116379,poorly drained,fluvial, ,undifferentiated, , , , , , , , , , , , 
3310,0116380, ,fluvial, ,undifferentiated, , , , , , , , , , , , 
3311,0116381,well drained,lacustrine, ,undifferentiated, , , , , , , , , , , , 
3312,0116382,poorly drained,lacustrine, ,undifferentiated, , , , , , , , , , , , 
3313,0116383,well drained,lacustrine, ,undifferentiated, , , , , , , , , , , , 
3314,0116384, ,fluvial, ,undifferentiated, , , , , , , , , , , , 
3315,0116385, ,fluvial, ,undifferentiated, , , , , , , , , , , , 
3316,0116386,moderately well drained,fluvial, ,undifferentiated, , , , , , , , , , , , 
3317,0116387,poorly drained,lacustrine, ,undifferentiated, , , , , , , , , , , , 
3318,0116388,moderately well drained,fluvial, ,undifferentiated, , , , , , , , , , , , 
3319,0116389,well drained,lacustrine, ,undifferentiated, , ,fluvial, ,undifferentiated, , , , , , , 
3320,0116390,poorly drained,fluvial, ,undifferentiated, , , , , , , , , , , , 
3321,0116391,well drained,fluvial, ,undifferentiated, , ,lacustrine, ,undifferentiated, , , , , , , 
3322,0116392,poorly drained,lacustrine, ,undifferentiated, , , , , , , , , , , , 
3323,0116394,well drained,fluvial, ,sedementary - siltstone and mudstone, , , , , , , , , , , , 
3324,0116396, , , ,sedementary - siltstone and mudstone, , , , , , , , , , , , 
3325,0116397, ,organic, ,sedementary - siltstone and mudstone, , , , , , , , , , , , 
3326,0116399,well drained,fluvio-marine, ,sedementary - siltstone and mudstone, , , , , , , , , , , , 
3327,0116401, ,organic, ,sedementary - siltstone and mudstone, , , , , , , , , , , , 
3328,0116402, ,organic, ,sedementary - siltstone and mudstone, , , , , , , , , , , , 
3329,0116403, ,organic, ,sedementary - siltstone and mudstone, , , , , , , , , , , , 
3330,0116404,imperfectly drained,morainal till, ,sedementary - siltstone and mudstone, , , , , , , , , , , , 
3331,0116406, ,morainal till, ,sedementary - siltstone and mudstone, , , , , , , , , , , , 
3332,0116407, , , ,sedementary - siltstone and mudstone, , , , , , , , , , , , 
3333,0116408, ,organic, ,sedementary - siltstone and mudstone, , , , , , , , , , , , 
3334,0116411, ,morainal till, ,sedementary - siltstone and mudstone, , , , , , , , , , , , 
3335,0116413, ,organic, ,sedementary - siltstone and mudstone, , , , , , , , , , , , 
3336,0116418, ,morainal till, ,sedementary - siltstone and mudstone, , , , , , , , , , , , 
3337,0116419, ,organic, ,sedementary - siltstone and mudstone, , , , , , , , , , , , 
3338,0116423, ,fluvio-marine, ,sedementary - siltstone and mudstone, , , , , , , , , , , , 
3339,0116424, ,morainal till, ,sedementary - siltstone and mudstone, , , , , , , , , , , , 
3340,0116426, ,morainal till, ,sedementary - siltstone and mudstone, , , , , , , , , , , , 
3341,0116428, , , ,sedementary - siltstone and mudstone, , , , , , , , , , , , 
3342,0116429,imperfectly drained,morainal till, ,sedementary - siltstone and mudstone, , , , , , , , , , , , 
3343,0116436,well drained,morainal till, ,sedementary - siltstone and mudstone, , , , , , , , , , , , 
3344,0116439,rapidly drained,glacio-fluvial, ,sedementary - siltstone and mudstone, , , , , , , , , , , , 
3345,0116474,moderately well drained,morainal till,fine loamy and fine silty,sedementary - siltstone and mudstone,extremely to strongly acidic, , , , , , , , , , , 
3346,0116475,imperfectly drained,morainal till,fine loamy and fine silty,sedementary - siltstone and mudstone,extremely to strongly acidic, , , , , , , , , , , 
3347,0116476,well drained,morainal till, ,sedementary - siltstone and mudstone,extremely to strongly acidic, , , , , , , , , , , 
3348,0116477,moderately well drained,colluvial, ,sedementary - siltstone and mudstone, , , , , , , , , , , , 
3349,0116478,moderately well drained,morainal till, ,sedementary - siltstone and mudstone, , , , , , , , , , , , 
3350,0116481,imperfectly drained,morainal till, ,sedementary - siltstone and mudstone, , , , , , , , , , , , 
3351,0116483,imperfectly drained,morainal till, ,sedementary - siltstone and mudstone, , , , , , , , , , , , 
3352,0116484,well drained,fluvial,fine loamy and fine silty,sedementary - siltstone and mudstone,moderately acidic to neutral, , , , , , , , , , , 
3353,0116485, ,morainal till, ,sedementary - siltstone and mudstone, , , , , , , , , , , , 
3354,0116486,imperfectly drained,lacustrine, ,sedementary - siltstone and mudstone, , , , , , , , , , , , 
3355,0116487,imperfectly drained, , ,sedementary - siltstone and mudstone, , , , , , , , , , , , 
3356,0116489,imperfectly drained,lacustrine, ,sedementary - siltstone and mudstone, , , , , , , , , , , , 
3357,0116490,imperfectly drained,lacustrine, ,sedementary - siltstone and mudstone, , , , , , , , , , , , 
3358,0116491,imperfectly drained,colluvial,clayey,sedementary - siltstone and mudstone, , , , , , , , , , , , 
3359,0116493,imperfectly drained,morainal till,fine loamy and fine silty,sedementary - siltstone and mudstone, , , , , , , , , , , , 
3360,0116494,rapidly drained,fluvial,sandy,igneous - coarse basic,weakly calcareous,weak chemical, , , , , , , , , , 
3361,0116496, ,glacio-fluvial,coarse loamy and coarse silty,sedementary - siltstone and mudstone, , , , , , , , , , , , 
3362,0116497,well drained,fluvial,fine loamy and fine silty,mixed,moderately to very strongly calcareous,weak chemical, , , , , , , , , , 
3363,0116499,poorly drained,organic, ,organic material - fen peat, , , , , , , , , , , , 
3364,0116501,imperfectly drained, ,fine loamy and fine silty,sedementary - siltstone and mudstone, , , , , , , , , , , , 
3365,0116503,imperfectly drained,morainal till,fine loamy and fine silty,sedementary - siltstone and mudstone,weakly calcareous,unspecified, , , , , ,terrestrial,other,0.7, , 
3366,0116507,poorly drained,organic, ,sedementary - siltstone and mudstone,moderately acidic to neutral, ,morainal till,stratified - mineral and organic, ,moderately acidic to neutral, ,hydromorphic, , , , 
3367,0116509,moderately well drained,morainal till,clayey,sedementary - shale, , , , , , , , , , , , 
3368,0116510,imperfectly drained,organic, ,organic material - sphagnum peat, , , , ,organic material - forest peat, , , , , , , 
3369,0116511,moderately well drained,fluvial, ,sedementary - siltstone and mudstone, , , , , , , , , , , , 
3370,0116513,moderately well drained,morainal till,clayey,sedementary - siltstone and mudstone,extremely to strongly acidic, , , , , , , , , , , 
3371,0116514,poorly drained, , ,organic material - fen peat,extremely to strongly acidic, , , , , , , , , , , 
3372,0116515,moderately well drained,morainal till,fine loamy and fine silty,sedementary - siltstone and mudstone, , , , , , , , , , , , 
3373,0116516,well drained,glacio-fluvial,coarse loamy and coarse silty,sedementary - siltstone and mudstone, , , , , , , , , , , , 
3374,0116517,imperfectly drained,fluvial,fine loamy and fine silty,sedementary - siltstone and mudstone,moderately to very strongly calcareous,unspecified, , , , , , , , , , 
3375,0116518,imperfectly drained,fluvial,fine loamy and fine silty,sedementary - siltstone and mudstone,moderately to very strongly calcareous,unspecified, , , , , , , , , , 
3376,0116519,imperfectly drained,fluvial,fine loamy and fine silty,sedementary - siltstone and mudstone,moderately to very strongly calcareous,unspecified, , , , , , , , , , 
3377,0116520,imperfectly drained,fluvial,fine loamy and fine silty,sedementary - siltstone and mudstone,moderately to very strongly calcareous,unspecified, , , , , , , , , , 
3378,0116522,poorly drained,organic, ,organic material - sphagnum peat,extremely to strongly acidic, ,morainal till,fine loamy and fine silty, ,extremely to strongly acidic, , , , , , 
3379,0116524,well drained,glacio-fluvial,sandy,sedementary - siltstone and mudstone,weakly calcareous,weak chemical, , , , , , , , , , 
3380,0116525,well drained,fluvial,fine loamy and fine silty,sedementary - siltstone and mudstone, , , , , , , , , , , , 
3381,0116526,imperfectly drained,fluvial,fine loamy and fine silty,sedementary - siltstone and mudstone,moderately to very strongly calcareous,unspecified, , , , , , , , , , 
3382,0116532,imperfectly drained,glacio-fluvial,sandy,sedementary - siltstone and mudstone,moderately to very strongly calcareous, , , , , , , , , , , 
3383,0116533,well drained,glacio-fluvial,sandy,sedementary - siltstone and mudstone,moderately acidic to neutral,weak chemical, , , , , , , , , , 
3384,0116534,poorly drained,fluvial,sandy,sedementary - siltstone and mudstone,moderately acidic to neutral, , , , , , , , , , , 
3385,0116535,imperfectly drained,morainal till,clayey,sedementary - siltstone and mudstone,extremely to strongly acidic,unspecified, , , , , , , , , , 
3386,0116536,moderately well drained,morainal till,fine loamy and fine silty,sedementary - siltstone and mudstone,moderately acidic to neutral, , , , , , , , , , , 
3387,0116538, ,morainal till,fine loamy and fine silty,sedementary - siltstone and mudstone,moderately acidic to neutral,weak chemical, , , , , , , , , , 
3388,0116539,moderately well drained,morainal till,fine loamy and fine silty,sedementary - siltstone and mudstone,moderately acidic to neutral,weak chemical, , , , , , , , , , 
3389,0116540,moderately well drained,morainal till,coarse loamy and coarse silty,sedementary - siltstone and mudstone,moderately acidic to neutral,shattered, , , , , , , , , , 
3390,0116541,moderately well drained,morainal till,fine loamy and fine silty,sedementary - siltstone and mudstone,moderately to very strongly calcareous,weak chemical, , , , , , , , , , 
3391,0116544,well drained,eolian,sandy,sedementary - siltstone and mudstone,moderately acidic to neutral,weak chemical,morainal till,fine loamy and fine silty, ,moderately acidic to neutral,weak chemical, , , , , 
3392,0116545,well drained,fluvial,coarse loamy and coarse silty,sedementary - siltstone and mudstone,moderately acidic to neutral,weak chemical, , , , , , , , , , 
3393,0116546,imperfectly drained,morainal till,fine loamy and fine silty,sedementary - siltstone and mudstone,moderately acidic to neutral,weak chemical, , , , , , , , , , 
3394,0116547,imperfectly drained,morainal till,fine loamy and fine silty,sedementary - siltstone and mudstone,moderately acidic to neutral,weak chemical, , , , , , , , , , 
3395,0116551,imperfectly drained,colluvial,fine loamy and fine silty,sedementary - siltstone and mudstone,moderately acidic to neutral,weak chemical, , , , , , , , , , 
3396,0116554,well drained,glacio-fluvial,skeletal,sedementary - siltstone and mudstone,moderately acidic to neutral,weak chemical,lacustrine,fine loamy and fine silty, ,moderately acidic to neutral,weak chemical, , , , , 
3397,0116560,moderately well drained,morainal till,coarse loamy and coarse silty,mixed,moderately to very strongly calcareous,chemical and physical, , , , , , , , , , 
3398,0116561,very poorly drained,fluvio-lacustrine,clayey,sedementary - siltstone and mudstone, , , , , , , , , , , , 
3399,0116562,imperfectly drained,organic, ,organic material - sphagnum peat, , ,glacio-lacustrine, , , , , , , , , 
3400,0116563,imperfectly drained,organic, ,sedementary - siltstone and mudstone,undifferentiated,chemical and physical,glacio-lacustrine,fine loamy and fine silty,undifferentiated, ,chemical and physical, , , , , 
3401,0116564,moderately well drained,glaciolacustrine,fine loamy and fine silty,sedementary - siltstone and mudstone,moderately acidic to neutral,chemical and physical, , , , , ,terrestrial, , , , 
3402,0116565,rapidly drained,glacio-fluvial,sandy,igneous - fine acidic,undifferentiated,chemical and physical, , , , , ,terrestrial, , , , 
3403,0116567,imperfectly drained,glacio-fluvial,sandy,sedementary - siltstone and mudstone, , , , , , , ,terrestrial, ,0.3, , 
3404,0116568,moderately well drained,organic,stratified - mineral and organic,organic material - sphagnum peat, , , , , , , , , , , , 
3405,0116569, ,organic, ,sedementary - siltstone and mudstone, , , , , , , , , , , , 
3406,0116571,imperfectly drained,morainal till,fine loamy and fine silty,mixed,undifferentiated,chemical and physical, , , , , , , , , , 
3407,0116573,moderately well drained,glacio-fluvial,sandy,sedementary - siltstone and mudstone,weakly calcareous, ,glacio-fluvial,coarse loamy and coarse silty, ,weakly calcareous, , , , , , 
3408,0116574,rapidly drained,glacio-fluvial,skeletal,mixed,moderately acidic to neutral,chemical and physical, , , , , , , , , , 
3409,0116575,rapidly drained,glacio-fluvial,skeletal,mixed, , , , , , , , , , , , 
3410,0116576,moderately well drained,fluvial,fine loamy and fine silty,mixed,moderately to very strongly calcareous, , , , , , , , , , , 
3411,0116577,poorly drained,fluvial,coarse loamy and coarse silty,sedementary - siltstone and mudstone, , ,glacio-fluvial,skeletal, , , , ,apparent,0.6, , 
3412,0116578,imperfectly drained,morainal till,fine loamy and fine silty,sedementary - siltstone and mudstone,moderately to very strongly calcareous, , , , , , , , , , , 
3413,0116579,imperfectly drained,glacio-fluvial,stratified - mineral,mixed,undifferentiated,chemical and physical, , , , , , , , , , 
3414,0116581,imperfectly drained,morainal till,fine loamy and fine silty,mixed,moderately to very strongly calcareous,chemical and physical, , , , , , , , , , 
3415,0116583,imperfectly drained,morainal till,fine loamy and fine silty,mixed,undifferentiated,chemical and physical, , , , , , , , , , 
3416,0116584,moderately well drained,glacio-fluvial,sandy,sedementary - siltstone and mudstone,undifferentiated, , , , , , , , , , , 
3417,0116585,poorly drained,organic, ,organic material - sphagnum peat, , , , , , , , , , , , 
3418,0116586,imperfectly drained,glaciolacustrine,clayey,sedementary - siltstone and mudstone,moderately to very strongly calcareous, , , , , , , , , , , 
3419,0116587,moderately well drained,glaciolacustrine,fine loamy and fine silty,undifferentiated,undifferentiated,chemical and physical, , , , , ,terrestrial, , , , 
3420,0116588,imperfectly drained,lacustrine,clayey,sedementary - siltstone and mudstone,moderately to very strongly calcareous, , , , , , , , , , , 
3421,0116589,imperfectly drained,morainal till, ,sedementary - siltstone and mudstone, , , , , , , , , , , , 
3422,0116590,poorly drained,morainal till,fine loamy and fine silty,sedementary - siltstone and mudstone,moderately to very strongly calcareous, , , , , , , , , , , 
3423,0116591,imperfectly drained,glacio-fluvial,coarse loamy and coarse silty,sedementary - siltstone and mudstone, , , , , , , , ,perched,0.3, , 
3424,0116592,poorly drained,morainal till,clayey,sedementary - siltstone and mudstone,moderately to very strongly calcareous, , , , , , , ,perched,0.1, , 
3425,0116593,moderately well drained,glacio-fluvial,stratified - mineral,mixed,undifferentiated,chemical and physical, , , , , , ,apparent,0.7, , 
3426,0116594,moderately well drained,morainal till,clayey,mixed,weakly calcareous,chemical and physical, , , , , , , , , , 
3427,0116595,imperfectly drained,morainal till,fine loamy and fine silty,sedementary - siltstone and mudstone,weakly calcareous,chemical and physical, , , , , , , , , , 
3428,0116596,imperfectly drained,morainal till,coarse loamy and coarse silty,sedementary - siltstone and mudstone,weakly calcareous, , , , , , , , , , , 
3429,0116597,moderately well drained,morainal till,fine loamy and fine silty,mixed, , , , , , , , , , , , 
3430,0116598,rapidly drained,glacio-fluvial,sandy,mixed,weakly calcareous, , , , , , , , , , , 
3431,0116600,imperfectly drained,morainal till,fine loamy and fine silty,mixed,undifferentiated, , , , , , , , , , , 
3432,0116601,moderately well drained,morainal till,fine loamy and fine silty,mixed,moderately to very strongly calcareous,chemical and physical, , , , , , , , , , 
3433,0116602,poorly drained,morainal till,fine loamy and fine silty,sedementary - shale,weakly calcareous, , , , , , , , , , , 
3434,0116603,moderately well drained,morainal till,coarse loamy and coarse silty,sedementary - limestone,moderately to very strongly calcareous, , , , , , ,terrestrial, , , , 
3435,0116604,moderately well drained,morainal till,skeletal,mixed,moderately to very strongly calcareous, , , , , , ,terrestrial, , , , 
3436,0116605,imperfectly drained,organic, ,sedementary - siltstone and mudstone,extremely to strongly acidic, ,lacustrine,sandy, , , , , , , , 
3437,0116606,moderately well drained,morainal till,coarse loamy and coarse silty,mixed,moderately to very strongly calcareous,chemical and physical, , , , , ,terrestrial, , , , 
3438,0116607,well drained,morainal till,coarse loamy and coarse silty,sedementary - siltstone and mudstone,extremely to strongly acidic, , , , , , , , , , , 
3439,0116608,moderately well drained,morainal till,coarse loamy and coarse silty,mixed,weakly calcareous,chemical and physical, , , , , , , , , , 
3440,0116609,imperfectly drained,morainal till,coarse loamy and coarse silty,sedementary - siltstone and mudstone,extremely to strongly acidic, , , , , , , , , , , 
3441,0116610,rapidly drained,glacio-fluvial,skeletal,undifferentiated,extremely to strongly acidic,chemical and physical, , , , , ,terrestrial, , , , 
3442,0116611,moderately well drained,morainal till,fine loamy and fine silty,igneous - unspecified type,extremely to strongly acidic, , , , , , , , , , , 
3443,0116613,moderately well drained,morainal till, ,igneous - unspecified type, , , , , , , , , , , , 
3444,0116614,imperfectly drained,morainal till,coarse loamy and coarse silty,sedementary - siltstone and mudstone,moderately acidic to neutral, , , , , , , ,apparent,0.2, , 
3445,0116615,poorly drained,morainal till,fine loamy and fine silty,sedementary - siltstone and mudstone, ,chemical and physical, , , , , , ,apparent, , , 
3446,0116616,poorly drained,morainal till,skeletal,metamorphic - quartzite,moderately acidic to neutral, , , , , , , ,apparent,0.1, , 
3447,0116617,imperfectly drained,morainal till,skeletal,mixed,moderately acidic to neutral,chemical and physical, , , , , ,terrestrial,apparent,0.1, , 
3448,0116618,well drained,morainal till,coarse loamy and coarse silty,igneous - unspecified type,extremely to strongly acidic, , , , , , ,terrestrial, , , , 
3449,0116619,imperfectly drained,morainal till,skeletal,sedementary - siltstone and mudstone,moderately acidic to neutral,chemical and physical, , , , , ,terrestrial,apparent,0.4, , 
3450,0116620,imperfectly drained,morainal till,coarse loamy and coarse silty,metamorphic - unspecified type,moderately to very strongly calcareous, , , , , , ,terrestrial,apparent,0.8, , 
3451,0116621,poorly drained,morainal till,coarse loamy and coarse silty,mixed,moderately acidic to neutral, , , , , , , ,apparent,0.2, , 
3452,0116622,well drained,morainal till,skeletal,metamorphic - quartzite,moderately acidic to neutral,chemical and physical, , , , , , , , , , 
3453,0116623,well drained,morainal till,skeletal,metamorphic - unspecified type,moderately acidic to neutral, , , , , , ,terrestrial, , , , 
3454,0116624,moderately well drained,morainal till,coarse loamy and coarse silty,sedementary - limestone,moderately to very strongly calcareous, , , , , , ,terrestrial,perched,0.2, , 
3455,0116625,moderately well drained,morainal till,skeletal,sedementary - unspecified type,extremely to strongly acidic,chemical and physical, , , , , , , , , , 
3456,0116626,imperfectly drained,morainal till,coarse loamy and coarse silty,sedementary - siltstone and mudstone,extremely calcareous, , , , , , ,terrestrial, , , , 
3457,0116627,imperfectly drained,morainal till,skeletal,sedementary - siltstone and mudstone,moderately to very strongly calcareous,chemical and physical, , , , , ,hydromorphic, , , , 
3458,0116628,imperfectly drained,organic, ,organic material - sphagnum peat, , , , , , , , , , , , 
3459,0116630,moderately well drained,glaciolacustrine,clayey,sedementary - siltstone and mudstone,undifferentiated,chemical and physical, , , , , , , , , , 
3460,0116631,rapidly drained,glacio-fluvial,sandy,sedementary - siltstone and mudstone,extremely to strongly acidic, , , , , , ,terrestrial, , , , 
3461,0116633,moderately well drained,organic, ,organic material - forest peat, , , , , , , , , , , , 
3462,0116634,well drained,glacio-fluvial,sandy,sedementary - siltstone and mudstone,extremely to strongly acidic, , , , , , ,terrestrial, , , , 
3463,0116635,imperfectly drained,organic, ,sedementary - siltstone and mudstone, ,chemical and physical,glacio-lacustrine,coarse loamy and coarse silty, ,undifferentiated,chemical and physical, ,perched, , , 
3464,0116636,imperfectly drained,organic, ,organic material - sphagnum peat, ,chemical and physical, , , , , , ,apparent,0.5, , 
3465,0116638,moderately well drained,glaciolacustrine,coarse loamy and coarse silty,sedementary - siltstone and mudstone,moderately to very strongly calcareous,chemical and physical, , , , , , , , , , 
3466,0116639,imperfectly drained,glacio-fluvial,skeletal,sedementary - siltstone and mudstone,moderately to very strongly calcareous, ,morainal till,fine loamy and fine silty,sedementary - shale,moderately to very strongly calcareous, ,terrestrial, , , , 
3467,0116640,imperfectly drained,glacio-fluvial,sandy,undifferentiated,extremely to strongly acidic,chemical and physical, , , , , , ,apparent,0.6, , 
3468,0116641,poorly drained,organic, ,organic material - sphagnum peat, , , , , , , , ,perched, , , 
3469,0116643,poorly drained,morainal till,fine loamy and fine silty,undifferentiated,moderately to very strongly calcareous,chemical and physical, , , , , , ,apparent,0.2, , 
3470,0116644,well drained,morainal till,skeletal,igneous - unspecified type,moderately acidic to neutral, , , , , , ,terrestrial, , , , 
3471,0116645,moderately well drained,glacio-fluvial,skeletal,mixed,moderately acidic to neutral, , , , , , , , , , , 
3472,0116646,well drained,morainal till,skeletal,mixed, , , , , , , , , , , , 
3473,0116647,well drained,glacio-fluvial,stratified - mineral,mixed,extremely to strongly acidic,chemical and physical, , , , , , ,apparent,1, , 
3474,0116648,imperfectly drained,morainal till,coarse loamy and coarse silty,sedementary - siltstone and mudstone,extremely to strongly acidic, , , , , , , , , , , 
3475,0116649,imperfectly drained,organic, ,organic material - sphagnum peat, , ,morainal till,skeletal, ,undifferentiated,unspecified, , , , , 
3476,0116650,moderately well drained,morainal till,fine loamy and fine silty,sedementary - limestone,moderately to very strongly calcareous,chemical and physical, , , , , ,terrestrial, , , , 
3477,0116651,well drained,morainal till,coarse loamy and coarse silty,sedementary - limestone,moderately to very strongly calcareous,chemical and physical, , , , , ,terrestrial, , , , 
3478,0116652,imperfectly drained,morainal till,fine loamy and fine silty,sedementary - limestone,moderately to very strongly calcareous,chemical and physical, , , , , , , , , , 
3479,0126653,imperfectly drained,fluvial, ,sedementary - siltstone and mudstone, , ,lacustrine, , , , , , , , , 
3480,0126654,poorly drained,fluvial, ,sedementary - siltstone and mudstone, , ,lacustrine, , , , , , , , , 
3481,0126655,well drained,fluvial, ,sedementary - siltstone and mudstone, , , , , , , , , , , , 
3482,0126656,well drained,morainal till, ,sedementary - siltstone and mudstone, , , , , , , , , , , , 
3483,0126657,well drained,fluvio-marine, ,sedementary - siltstone and mudstone, , ,morainal till, ,undifferentiated, , , , , , , 
3484,0126658,well drained,lacustrine, ,sedementary - siltstone and mudstone, , , , , , , , , , , , 
3485,0126659,poorly drained,fluvial, ,sedementary - siltstone and mudstone, , , , , , , , , , , , 
3486,0126660,well drained,lacustrine, ,sedementary - siltstone and mudstone, , , , , , , , , , , , 
3487,0126661,well drained,lacustrine, ,sedementary - siltstone and mudstone, , , , , , , , , , , , 
3488,0126663,well drained,fluvio-marine, ,sedementary - siltstone and mudstone, , ,morainal till, ,undifferentiated, , , , , , , 
3489,0126664,well drained,eolian, ,sedementary - siltstone and mudstone, , , , , , , , , , , , 
3490,0126665,well drained,fluvial, ,sedementary - siltstone and mudstone, , , , , , , , , , , , 
3491,0126667,well drained,fluvial, ,sedementary - siltstone and mudstone, , ,lacustrine, , , , , , , , , 
3492,0126668,well drained,fluvial, ,sedementary - siltstone and mudstone, , , , , , , , , , , , 
3493,0126669,poorly drained,fluvial, ,sedementary - siltstone and mudstone, , , , , , , , , , , , 
3494,0126670,well drained,fluvial, ,sedementary - siltstone and mudstone, , , , , , , , , , , , 
3495,0126671,well drained,fluvial, ,sedementary - siltstone and mudstone, , ,lacustrine, , , , , , , , , 
3496,0126672,poorly drained,lacustrine, ,sedementary - siltstone and mudstone, , , , , , , , , , , , 
3497,0126673,poorly drained,fluvial, ,sedementary - siltstone and mudstone, , ,lacustrine, , , , , , , , , 
3498,0126674,well drained,fluvial, ,sedementary - siltstone and mudstone, , ,lacustrine, , , , , , , , , 
3499,0126675,well drained,lacustrine, ,sedementary - siltstone and mudstone, , , , , , , , , , , , 
3500,0126676,well drained,fluvial, ,sedementary - siltstone and mudstone, , , , , , , , , , , , 
3501,0126677,poorly drained,lacustrine, ,sedementary - siltstone and mudstone, , , , , , , , , , , , 
3502,0126678,well drained,fluvial, ,sedementary - siltstone and mudstone, , , , , , , , , , , , 
3503,0126679,well drained,lacustrine, ,sedementary - siltstone and mudstone, , , , , , , , , , , , 
3504,0126680,poorly drained,lacustrine, ,sedementary - siltstone and mudstone, , , , , , , , , , , , 
3505,0126681,rapidly drained,fluvial, ,sedementary - siltstone and mudstone, , , , , , , , , , , , 
3506,0126682,well drained,fluvial, ,sedementary - siltstone and mudstone, , , , , , , , , , , , 
3507,0126683,well drained,glaciolacustrine,fine loamy and fine silty,sedementary - siltstone and mudstone,moderately to very strongly calcareous,unspecified, , , , , ,terrestrial, , , , 
3508,0126684,well drained,eolian,fine loamy and fine silty,metamorphic - schist and phyllite,moderately acidic to neutral,chemical and physical,residual,skeletal,metamorphic - schist and phyllite,moderately acidic to neutral,shatteredl,terrestrial, , , , 
3509,0126685,imperfectly drained,colluvial,coarse loamy and coarse silty,sedementary - siltstone and mudstone, ,unspecified, , , , , ,hydromorphic, , , , 
3510,0126687,rapidly drained,glacio-fluvial,skeletal,undifferentiated,moderately acidic to neutral,unspecified, , , , , ,terrestrial, , , , 
3511,0126689,poorly drained,organic, ,sedementary - siltstone and mudstone,extremely to strongly acidic, ,fluvial,fine loamy and fine silty, ,undifferentiated,unspecified,hydromorphic, , , , 
3512,0126691,moderately well drained,lacustrine,coarse loamy and coarse silty,sedementary - siltstone and mudstone,moderately to very strongly calcareous, , , , , , , , , , , 
3513,0126693,well drained,fluvial, ,sedementary - siltstone and mudstone, , , , , , , , , , , , 
3514,0126694,rapidly drained, ,coarse loamy and coarse silty,sedementary - siltstone and mudstone,moderately acidic to neutral,weak chemical,glacio-fluvial,sandy, ,moderately acidic to neutral,weak chemical, , , , , 
3515,0126695,imperfectly drained,fluvial, ,sedementary - siltstone and mudstone, , , , , , , , , , , , 
3516,0126696,imperfectly drained,colluvial, ,sedementary - siltstone and mudstone, , , , , , , , , , , , 
3517,0126697,well drained,morainal till, ,sedementary - siltstone and mudstone, , , , , , , , , , , , 
3518,0126698, ,morainal till, ,sedementary - siltstone and mudstone, , , , , , , , , , , , 
3519,0126699,poorly drained,fluvial, ,sedementary - siltstone and mudstone, , , , , , , , , , , , 
3520,0126701,well drained,morainal till, ,sedementary - siltstone and mudstone, , , , , , , , , , , , 
3521,0126702,rapidly drained,morainal till, ,sedementary - siltstone and mudstone, , , , , , , , , , , , 
3522,0126703,rapidly drained,glacio-fluvial, ,sedementary - siltstone and mudstone, , , , , , , , , , , , 
3523,0126705,well drained,colluvial, ,sedementary - siltstone and mudstone, , , , , , , , , , , , 
3524,0126706, ,eolian, ,sedementary - siltstone and mudstone, , ,fluvial, , , , , , , , , 
3525,0126709,well drained,colluvial, ,sedementary - siltstone and mudstone, , , , , , , , , , , , 
3526,0126710,rapidly drained,fluvial, ,sedementary - siltstone and mudstone, , , , , , , , , , , , 
3527,0126711,imperfectly drained,morainal till, ,sedementary - siltstone and mudstone, , , , , , , , , , , , 
3528,0126712,imperfectly drained,fluvial, ,sedementary - siltstone and mudstone, , , , , , , , , , , , 
3529,0126713,rapidly drained,fluvial, ,sedementary - siltstone and mudstone, , ,glacio-fluvial, , , , , , , , , 
3530,0126715,well drained,morainal till, ,sedementary - siltstone and mudstone, , , , , , , , , , , , 
3531,0126716,well drained,morainal till, ,sedementary - siltstone and mudstone, , , , , , , , , , , , 
3532,0126717,moderately well drained,colluvial, ,sedementary - siltstone and mudstone, , , , , , , , , , , , 
3533,0126718,well drained,morainal till, ,sedementary - siltstone and mudstone, , , , , , , , , , , , 
3534,0126719,poorly drained,lacustrine, ,sedementary - siltstone and mudstone, , , , , , , , , , , , 
3535,0126720,poorly drained,lacustrine, ,sedementary - siltstone and mudstone, , , , , , , , , , , , 
3536,0126721,very rapidly drained,fluvial, ,sedementary - siltstone and mudstone, , , , , , , , , , , , 
3537,0126722,imperfectly drained,glacio-fluvial, ,sedementary - siltstone and mudstone, , , , , , , , , , , , 
3538,0126723,poorly drained,organic, ,sedementary - siltstone and mudstone, , , , , , , , , , , , 
3539,0126724,well drained,morainal till, ,sedementary - siltstone and mudstone, , , , , , , , , , , , 
3540,0126725,well drained,colluvial, ,sedementary - siltstone and mudstone, , ,morainal till, , , , , , , , , 
3541,0126726, ,lacustrine, ,sedementary - siltstone and mudstone, , ,colluvial, , , , , , , , , 
3542,0126727,moderately well drained,morainal till, ,sedementary - siltstone and mudstone, , , , , , , , , , , , 
3543,0126728,well drained,morainal till, ,sedementary - siltstone and mudstone, , , , , , , , , , , , 
3544,0126729,moderately well drained,lacustrine, ,sedementary - siltstone and mudstone, , , , , , , , , , , , 
3545,0126730,moderately well drained,glacio-fluvial,sandy,undifferentiated, , , , , , , , , , , , 
3546,0126732,moderately well drained,morainal till, ,sedementary - siltstone and mudstone, , , , , , , , , , , , 
3547,0126733,moderately well drained,morainal till, ,undifferentiated, , , , , , , , , , , , 
3548,0126734,moderately well drained,glacio-fluvial, ,undifferentiated, , , , , , , , , , , , 
3549,0126735,moderately well drained,morainal till, ,sedementary - siltstone and mudstone, , , , , , , , , , , , 
3550,0126736,imperfectly drained,morainal till, ,sedementary - siltstone and mudstone, , , , , , , , , , , , 
3551,0126738, ,fluvial, ,sedementary - siltstone and mudstone, , ,glacio-lacustrine, , , , , , , , , 
3552,0126739,well drained,glaciolacustrine, ,sedementary - siltstone and mudstone, , , , , , , , , , , , 
3553,0126740,imperfectly drained,morainal till, ,sedementary - siltstone and mudstone, , , , , , , , , , , , 
3554,0126741,well drained,colluvial, ,igneous - coarse acidic, , , , , , , , , , , , 
3555,0126742,well drained,morainal till, ,sedementary - siltstone and mudstone, , , , , , , , , , , , 
3556,0126743, ,fluvial, ,sedementary - siltstone and mudstone, , , , , , , , , , , , 
3557,0126744,well drained,colluvial, ,sedementary - siltstone and mudstone, , , , , , , , , , , , 
3558,0126745,moderately well drained,colluvial, ,sedementary - siltstone and mudstone, , , , , , , , , , , , 
3559,0126746,well drained,fluvial, ,sedementary - siltstone and mudstone, , , , , , , , , , , , 
3560,0126747,moderately well drained,glacio-fluvial, ,sedementary - siltstone and mudstone, , , , , , , , , , , , 
3561,0126748,rapidly drained,glacio-fluvial, ,sedementary - siltstone and mudstone, , , , , , , , , , , , 
3562,0126751,moderately well drained,morainal till, ,sedementary - siltstone and mudstone, , , , , , , , , , , , 
3563,0126752,moderately well drained,lacustrine, ,sedementary - siltstone and mudstone, , , , , , , , , , , , 
3564,0126753,moderately well drained,fluvial, ,sedementary - siltstone and mudstone, , , , , , , , , , , , 
3565,0126754,rapidly drained,eolian, ,sedementary - siltstone and mudstone, , , , , , , , , , , , 
3566,0126755,moderately well drained,fluvial, ,sedementary - siltstone and mudstone, , , , , , , , , , , , 
3567,0126756,well drained,eolian, ,sedementary - siltstone and mudstone, , ,lacustrine, , , , , , , , , 
3568,0126758,imperfectly drained,colluvial, ,sedementary - siltstone and mudstone, , , , , , , , , , , , 
3569,0126759,very poorly drained,fluvial, ,sedementary - siltstone and mudstone, , , , , , , , , , , , 
3570,0126762, ,lacustrine, ,sedementary - siltstone and mudstone, , ,lacustrine, , , , , , , , , 
3571,0126764,moderately well drained,morainal till, ,sedementary - siltstone and mudstone, , , , , , , , , , , , 
3572,0126765,moderately well drained,colluvial, ,sedementary - siltstone and mudstone, , , , , , , , , , , , 
3573,0126766,moderately well drained,morainal till, ,sedementary - siltstone and mudstone, , , , , , , , , , , , 
3574,0126767,moderately well drained,morainal till, ,sedementary - siltstone and mudstone, , , , , , , , , , , , 
3575,0126768,well drained,glacio-fluvial, ,sedementary - siltstone and mudstone, , , , , , , , , , , , 
3576,0126769,moderately well drained,morainal till, ,sedementary - siltstone and mudstone, , , , , , , , , , , , 
3577,0126770,rapidly drained,glacio-fluvial, ,sedementary - siltstone and mudstone, , , , , , , , , , , , 
3578,0126771,imperfectly drained,glacio-fluvial, ,sedementary - siltstone and mudstone, , , , , , , , , , , , 
3579,0126772,well drained,glacio-fluvial, ,sedementary - siltstone and mudstone, , , , , , , , , , , , 
3580,0126774,imperfectly drained,morainal till, ,sedementary - siltstone and mudstone, , , , , , , , , , , , 
3581,0126775,well drained,eolian, ,sedementary - siltstone and mudstone, , ,fluvial, , , , , , , , , 
3582,0126776,moderately well drained,morainal till, ,sedementary - siltstone and mudstone, , , , , , , , , , , , 
3583,0126777,well drained,glacio-fluvial, ,sedementary - siltstone and mudstone, , , , , , , , , , , , 
3584,0126779,well drained,fluvial, ,sedementary - siltstone and mudstone, , , , , , , , , , , , 
3585,0126780,well drained,eolian, ,sedementary - siltstone and mudstone, , ,fluvial, , , , , , , , , 
3586,0126781,well drained,morainal till, ,sedementary - siltstone and mudstone, , , , , , , , , , , , 
3587,0126782,imperfectly drained,morainal till, ,sedementary - siltstone and mudstone, , , , , , , , , , , , 
3588,0126783,well drained,morainal till, ,sedementary - siltstone and mudstone, , , , , , , , , , , , 
3589,0126784,moderately well drained,fluvial, ,sedementary - siltstone and mudstone, , , , , , , , , , , , 
3590,0126786,well drained,morainal till, ,sedementary - siltstone and mudstone, , , , , , , , , , , , 
3591,0126787,imperfectly drained,lacustrine, ,sedementary - siltstone and mudstone, , , , , , , , , , , , 
3592,0126788,well drained,morainal till, ,sedementary - siltstone and mudstone, , , , , , , , , , , , 
3593,0126789,well drained,eolian, ,sedementary - siltstone and mudstone, , , , , , , , , , , , 
3594,0126790,well drained,morainal till, ,sedementary - siltstone and mudstone, , , , , , , , , , , , 
3595,0126792,rapidly drained,glacio-fluvial, ,sedementary - siltstone and mudstone, , , , , , , , , , , , 
3596,0126793,well drained,colluvial, ,sedementary - siltstone and mudstone, , , , , , , , , , , , 
3597,0126794,moderately well drained,morainal till, ,sedementary - siltstone and mudstone, , , , , , , , , , , , 
3598,0126795,moderately well drained,morainal till, ,sedementary - siltstone and mudstone, , , , , , , , , , , , 
3599,0126796,well drained,morainal till, ,sedementary - siltstone and mudstone, , , , , , , , , , , , 
3600,0126797,moderately well drained,colluvial, ,sedementary - siltstone and mudstone, , , , , , , , , , , , 
3601,0126799,well drained,lacustrine, ,sedementary - siltstone and mudstone, , , , , , , , , , , , 
3602,0126800,moderately well drained,morainal till, ,sedementary - siltstone and mudstone, , , , , , , , , , , , 
3603,0126801,poorly drained,fluvial, ,sedementary - siltstone and mudstone, , , , , , , , , , , , 
3604,0126802,moderately well drained,morainal till, ,sedementary - siltstone and mudstone, , , , , , , , , , , , 
3605,0126803,well drained,morainal till, ,sedementary - siltstone and mudstone, , , , , , , , , , , , 
3606,0126804,well drained,fluvial, ,sedementary - siltstone and mudstone, , , , , , , , , , , , 
3607,0126805,imperfectly drained,morainal till, ,sedementary - siltstone and mudstone, , , , , , , , , , , , 
3608,0126807,imperfectly drained,fluvial, ,sedementary - siltstone and mudstone, , , , , , , , , , , , 
3609,0126808,well drained,glacio-fluvial, ,sedementary - siltstone and mudstone, , , , , , , , , , , , 
3610,0126809,moderately well drained,colluvial, ,sedementary - siltstone and mudstone, , , , , , , , , , , , 
3611,0126811,imperfectly drained,morainal till, ,sedementary - siltstone and mudstone, , ,lacustrine, , , , , , , , , 
3612,0126812,imperfectly drained,lacustrine, ,sedementary - siltstone and mudstone, , , , , , , , , , , , 
3613,0126813,moderately well drained,colluvial, ,sedementary - siltstone and mudstone, , , , , , , , , , , , 
3614,0126814,well drained,morainal till, ,sedementary - siltstone and mudstone, , , , , , , , , , , , 
3615,0126815,well drained,glacio-fluvial, ,sedementary - siltstone and mudstone, , , , , , , , , , , , 
3616,0126817,well drained,colluvial, ,sedementary - siltstone and mudstone, , , , , , , , , , , , 
3617,0126818,imperfectly drained,morainal till, ,sedementary - siltstone and mudstone, , , , , , , , , , , , 
3618,0126819,moderately well drained,morainal till, ,sedementary - siltstone and mudstone, , , , , , , , , , , , 
3619,0126820,rapidly drained,glacio-fluvial, ,sedementary - siltstone and mudstone, , , , , , , , , , , , 
3620,0126821,moderately well drained,morainal till, ,sedementary - siltstone and mudstone, , , , , , , , , , , , 
3621,0126822,well drained,morainal till, ,sedementary - siltstone and mudstone, , , , , , , , , , , , 
3622,0126823,well drained,morainal till, ,sedementary - siltstone and mudstone, , , , , , , , , , , , 
3623,0126824,poorly drained,fluvial, ,sedementary - siltstone and mudstone, , , , , , , , , , , , 
3624,0126825,very rapidly drained,lacustrine, ,sedementary - siltstone and mudstone, , , , , , , , , , , , 
3625,0126826, ,fluvial, ,sedementary - siltstone and mudstone, , , , , , , , , , , , 
3626,0126827,well drained,colluvial, ,sedementary - siltstone and mudstone, , , , , , , , , , , , 
3627,0126829,well drained,glacio-fluvial, ,sedementary - siltstone and mudstone, , , , , , , , , , , , 
3628,0126830,well drained,morainal till, ,sedementary - siltstone and mudstone, , , , , , , , , , , , 
3629,0126831,moderately well drained,morainal till, ,sedementary - siltstone and mudstone, , , , , , , , , , , , 
3630,0126832,imperfectly drained,lacustrine, ,sedementary - siltstone and mudstone, , , , , , , , , , , , 
3631,0126833,poorly drained,fluvial, ,sedementary - siltstone and mudstone, , , , , , , , , , , , 
3632,0126834,moderately well drained,lacustrine, ,sedementary - siltstone and mudstone, , , , , , , , , , , , 
3633,0126835,imperfectly drained,morainal till, ,sedementary - siltstone and mudstone, , , , , , , , , , , , 
3634,0126836,well drained,fluvial, ,sedementary - siltstone and mudstone, , , , , , , , , , , , 
3635,0126837,moderately well drained,morainal till, ,sedementary - siltstone and mudstone, , , , , , , , , , , , 
3636,0126838,moderately well drained,fluvial, ,sedementary - siltstone and mudstone, , ,lacustrine, , , , , , , , , 
3637,0126839, ,morainal till, ,sedementary - siltstone and mudstone, , , , , , , , , , , , 
3638,0126840,moderately well drained,lacustrine, ,sedementary - siltstone and mudstone, , , , , , , , , , , , 
3639,0126841,moderately well drained,lacustrine, ,sedementary - siltstone and mudstone, , , , , , , , , , , , 
3640,0126842,very poorly drained,lacustrine, ,sedementary - siltstone and mudstone, , , , , , , , , , , , 
3641,0126843,moderately well drained,fluvial, ,sedementary - siltstone and mudstone, , , , , , , , , , , , 
3642,0126845,imperfectly drained,lacustrine, ,sedementary - siltstone and mudstone, , , , , , , , , , , , 
3643,0126846,imperfectly drained,morainal till, ,sedementary - siltstone and mudstone, , , , , , , , , , , , 
3644,0126847,well drained,colluvial, ,sedementary - siltstone and mudstone, , , , , , , , , , , , 
3645,0126848,moderately well drained,lacustrine, ,sedementary - siltstone and mudstone, , ,morainal till, , , , , , , , , 
3646,0126849,rapidly drained,glacio-fluvial, ,sedementary - siltstone and mudstone, , , , , , , , , , , , 
3647,0126852,well drained,glacio-fluvial, ,sedementary - siltstone and mudstone, , , , , , , , , , , , 
3648,0126853,moderately well drained,eolian, ,sedementary - siltstone and mudstone, , ,colluvial, , , , , , , , , 
3649,0126854,rapidly drained,glacio-fluvial, ,sedementary - siltstone and mudstone, , , , , , , , , , , , 
3650,0126855,imperfectly drained,morainal till, ,sedementary - siltstone and mudstone, , , , , , , , , , , , 
3651,0126856,well drained,organic, ,sedementary - siltstone and mudstone, , , , , , , , , , , , 
3652,0126857,well drained,eolian, ,sedementary - siltstone and mudstone, , ,morainal till, , , , , , , , , 
3653,0126858,well drained,colluvial, ,sedementary - siltstone and mudstone, , ,morainal till, , , , , , , , , 
3654,0126859,rapidly drained,eolian, ,sedementary - siltstone and mudstone, , , , , , , , , , , , 
3655,0126860,rapidly drained,eolian, ,sedementary - siltstone and mudstone, , ,glacio-fluvial, , , , , , , , , 
3656,0126861,moderately well drained,morainal till, ,sedementary - siltstone and mudstone, , , , , , , , , , , , 
3657,0126862,moderately well drained,fluvial, ,sedementary - siltstone and mudstone, , , , , , , , , , , , 
3658,0126863,well drained,fluvial, ,sedementary - siltstone and mudstone, , , , , , , , , , , , 
3659,0126865,well drained,lacustrine, ,sedementary - siltstone and mudstone, , , , , , , , , , , , 
3660,0126866,well drained,lacustrine, ,sedementary - siltstone and mudstone, , , , , , , , , , , , 
3661,0126867,imperfectly drained,lacustrine, ,sedementary - siltstone and mudstone, , , , , , , , , , , , 
3662,0126868,moderately well drained,eolian, ,sedementary - siltstone and mudstone, , ,lacustrine, , , , , , , , , 
3663,0126869,very rapidly drained,eolian, ,sedementary - siltstone and mudstone, , ,glacio-fluvial, , , , , , , , , 
3664,0126897,well drained,morainal till, ,sedementary - siltstone and mudstone, , , , , , , , , , , , 
3665,0126923,well drained,colluvial, ,sedementary - siltstone and mudstone, , , , , , , , , , , , 
3666,0126939,moderately well drained,morainal till, ,sedementary - siltstone and mudstone, , , , , , , , , , , , 
3667,0127037,rapidly drained,morainal till, ,sedementary - siltstone and mudstone, , ,glacio-fluvial, , , , , , , , , 
3668,0127038,imperfectly drained,morainal till, ,sedementary - siltstone and mudstone, , ,morainal till, , , , , , , , , 
3669,0127039,well drained,morainal till, ,sedementary - siltstone and mudstone, , , , , , , , , , , , 
3670,0127041,well drained,morainal till, ,sedementary - siltstone and mudstone, , , , , , , , , , , , 
3671,0127042,moderately well drained,morainal till, ,sedementary - siltstone and mudstone, , , , , , , , , , , , 
3672,0127045,well drained,morainal till, ,sedementary - siltstone and mudstone, , , , , , , , , , , , 
3673,0127046,well drained,morainal till, ,sedementary - siltstone and mudstone, , , , ,sedementary - shale, , , , , , , 
3674,0127047,imperfectly drained,morainal till, ,sedementary - siltstone and mudstone, , , , , , , , , , , , 
3675,0127055,imperfectly drained,organic, ,sedementary - siltstone and mudstone, , ,morainal till, , , , , , , , , 
3676,0127064,well drained,colluvial, ,sedementary - siltstone and mudstone, , , , , , , , , , , , 
3677,0127071,imperfectly drained,lacustrine, ,sedementary - siltstone and mudstone, , , , , , , , , , , , 
3678,0127093, ,morainal till, ,sedementary - siltstone and mudstone, , , , , , , , , , , , 
3679,0127096, ,morainal till, ,sedementary - siltstone and mudstone, , , , , , , , , , , , 
3680,0127097, ,morainal till, ,sedementary - siltstone and mudstone, , , , , , , , , , , , 
3681,0140001,well drained,fluvial and glacio-fluvial, , , , , , , , , , , , , ,80
3682,0140002,well drained,morainal till, , , , ,morainal till, , , , , , , , , 
3683,0140003,well drained,morainal till, , , , ,morainal till, , , , , , , ,39, 
3684,0140004,well drained,morainal till, , , , ,morainal till, , , , , , , ,55,0
3685,0140005,well drained,morainal till, , , , ,morainal till, , , , , , , ,60,0
3686,0140006,well drained,morainal till, , , , , , , , , , , , , , 
3687,0140007,well drained,morainal till, , , , , , , , , , , , ,45,0
3688,0140008,imperfectly drained, , , , , , , , , , , , , , , 
3689,0140009,imperfectly drained,morainal till, , , , , , , , , , , , , , 
3690,0140010,imperfectly drained, , , , , , , , , , , , , , , 
3691,0140011,well drained,morainal till, , , , , , , , , , , , ,35,0
3692,0140012,well drained,lacustrine and glacio-lacustrine, , , , , , , , , , , , , , 
3693,0140013,imperfectly drained,lacustrine and glacio-lacustrine, , , , ,lacustrine and glacio-lacustrine, , , , , , , , , 
3694,0140014,well drained,fluvial and glacio-fluvial, , , , , , , , , , , , , , 
3695,0140015,imperfectly drained,lacustrine and glacio-lacustrine, , , , , , , , , , , , , ,95
3696,0140016,imperfectly drained,morainal till, , , , , , , , , , , , , ,0
3697,0140017,imperfectly drained,morainal till, , , , , , , , , , , , , ,0
3698,0140018,imperfectly drained,lacustrine and glacio-lacustrine, , , , , , , , , , , , , , 
3699,0140019,well drained,morainal till, , , , , , , , , , , , , , 
3700,0140020,well drained,lacustrine and glacio-lacustrine, , , , , , , , , , , , , ,60
3701,0140021,poorly drained, , , , , , , , , , , , , , , 
3702,0140022,poorly drained, , , , , , , , , , , , , , , 
3703,0140023,poorly drained,marine, , , , , , , , , , , , , , 
3704,0140024,imperfectly drained,lacustrine and glacio-lacustrine, , , , , , , , , , , , , ,80
3705,0140025,imperfectly drained, , , , , , , , , , , , , , , 
3706,0140027,poorly drained, , , , , , , , , , , , , , , 
3707,0140028,poorly drained,lacustrine and glacio-lacustrine, , , , , , , , , , , , , , 
3708,0140029, ,lacustrine and glacio-lacustrine, , , , , , , , , , , , , , 
3709,0140030,well drained, , , , , , , , , , , , , , , 
3710,0140031,imperfectly drained,lacustrine and glacio-lacustrine, , , , ,lacustrine and glacio-lacustrine, , , , , , , , , 
3711,0140032,poorly drained, , , , , , , , , , , , , , , 
3712,0140033,well drained,lacustrine and glacio-lacustrine, , , , , , , , , , , , , , 
3713,0140034,well drained,lacustrine and glacio-lacustrine, , , , , , , , , , , , , , 
3714,0140035,well drained, , , , , , , , , , , , , , , 
3715,0140036,well drained,morainal till, , , , , , , , , , , , , , 
3716,0140037,well drained, , , , , , , , , , , , , , , 
3717,0140038,imperfectly drained,morainal till, , , , , , , , , , , , , , 
3718,0140039,well drained,lacustrine and glacio-lacustrine, , , , , , , , , , , , , , 
3719,0140040,well drained,fluvial and glacio-fluvial, , , , ,fluvial and glacio-fluvial, , , , , , , , , 
3720,0140041,well drained,lacustrine and glacio-lacustrine, , , , , , , , , , , , , , 
3721,0140042,imperfectly drained,lacustrine and glacio-lacustrine, , , , , , , , , , , , , , 
3722,0140043,poorly drained,fluvial and glacio-fluvial, , , , ,fluvial and glacio-fluvial, , , , , , , , , 
3723,0140044,well drained,morainal till, , , , , , , , , , , , , , 
3724,0140045,well drained,morainal till, , , , , , , , , , , , , , 
3725,0140046,well drained,fluvial and glacio-fluvial, , , , , , , , , , , , , , 
3726,0140047,imperfectly drained,lacustrine and glacio-lacustrine, , , , , , , , , , , , , , 
3727,0140048,poorly drained,lacustrine and glacio-lacustrine, , , , , , , , , , , , , , 
3728,0140049,poorly drained,lacustrine and glacio-lacustrine, , , , , , , , , , , , , , 
3729,0140050,well drained, , , , , , , , , , , , , , , 
3730,0140051,poorly drained,lacustrine and glacio-lacustrine, , , , , , , , , , , , , , 
3731,0140052,poorly drained,lacustrine and glacio-lacustrine, , , , , , , , , , , , , , 
3732,0140053,imperfectly drained,lacustrine and glacio-lacustrine, , , , , , , , , , , , , , 
3733,0140054,well drained, , , , , , , , , , , , , , , 
3734,0140055,poorly drained, , , , , , , , , , , , , , , 
3735,0140056,poorly drained,organic, , , , ,organic, , , , , , , , , 
3736,0140057,poorly drained,lacustrine and glacio-lacustrine, , , , , , , , , , , , , , 
3737,0140058,well drained,lacustrine and glacio-lacustrine, , , , , , , , , , , , , , 
3738,0140059,poorly drained,lacustrine and glacio-lacustrine, , , , , , , , , , , , , ,81
3739,0140060,well drained,morainal till, , , , , , , , , , , , , ,37
3740,0140061,poorly drained,morainal till, , , , , , , , , , , , , ,44
3741,0140062,poorly drained,morainal till, , , , , , , , , , , , , ,36
3742,0140063,imperfectly drained,morainal till, , , , , , , , , , , , , , 
3743,0140066,poorly drained,morainal till, , , , , , , , , , , , , ,80
3744,0140067, ,morainal till, , , , , , , , , , , , , , 
3745,0140069,imperfectly drained,morainal till, , , , , , , , , , , , , , 
3746,0140070, ,fluvial and glacio-fluvial, , , , , , , , , , , , , , 
3747,0140071,imperfectly drained,morainal till, , , , , , , , , , , , , ,54
3748,0140075,well drained,morainal till, , , , , , , , , , , , , ,19
3749,0140076,poorly drained,morainal till, , , , , , , , , , , , , ,20
3750,0140077,imperfectly drained,morainal till, , , , , , , , , , , , , ,21
3751,0140078,imperfectly drained,morainal till, , , , , , , , , , , , , , 
3752,0140079,well drained,morainal till, , , , , , , , , , , , , , 
3753,0140080,very poorly drained,fluvial and glacio-fluvial, , , , , , , , , , , , , , 
3754,0140081,very poorly drained,fluvial and glacio-fluvial, , , , , , , , , , , , , , 
3755,0140082,poorly drained,morainal till, , , , , , , , , , , , , ,50
3756,0140083,imperfectly drained,morainal till, , , , , , , , , , , , , ,60
3757,0140084,well drained,morainal till, , , , , , , , , , , , , ,47
3758,0140085,well drained,fluvial and glacio-fluvial, , , , , , , , , , , , , , 
3759,0140086,very poorly drained,fluvial and glacio-fluvial, , , , , , , , , , , , , ,50
3760,0140087,very poorly drained,fluvial and glacio-fluvial, , , , , , , , , , , , , ,30
3761,0140088,imperfectly drained,fluvial and glacio-fluvial, , , , , , , , , , , , , ,65
3762,0140089,poorly drained,fluvial and glacio-fluvial, , , , , , , , , , , , , ,150
3763,0140090,well drained,morainal till, , , , , , , , , , , , , , 
3764,0140091,well drained,eolian, , , , ,eolian, , , , , , , , , 
3765,0140092,well drained,morainal till, , , , , , , , , , , , , , 
3766,0140093,imperfectly drained,eolian, , , , ,eolian, , , , , , , , , 
3767,0140094,well drained,fluvial and glacio-fluvial, , , , , , , , , , , , , ,0
3768,0140095,well drained,fluvial and glacio-fluvial, , , , , , , , , , , , , ,42
3769,0140096,poorly drained,fluvial and glacio-fluvial, , , , , , , , , , , , , ,120
3770,0140097,well drained,fluvial and glacio-fluvial, , , , , , , , , , , , , ,37
3771,0140098,well drained,eolian, , , , ,eolian, , , , , , , , , 
3772,0140099,poorly drained,morainal till, , , , , , , , , , , , , ,23
3773,0140100,poorly drained,fluvial and glacio-fluvial, , , , ,fluvial and glacio-fluvial, , , , , , , , ,52
3774,0140101,poorly drained,morainal till, , , , ,morainal till, , , , , , , , ,22
3775,0140102,poorly drained,fluvial and glacio-fluvial, , , , ,fluvial and glacio-fluvial, , , , , , , , ,22
3776,0140103,well drained,fluvial and glacio-fluvial, , , , , , , , , , , , , , 
3777,0140104,very poorly drained,lacustrine and glacio-lacustrine, , , , , , , , , , , , , , 
3778,0140105,poorly drained,morainal till, , , , , , , , , , , , , , 
3779,0140106,poorly drained,fluvial and glacio-fluvial, , , , , , , , , , , , , , 
3780,0140107,imperfectly drained,lacustrine and glacio-lacustrine, , , , , , , , , , , , , , 
3781,0140108,well drained,fluvial and glacio-fluvial, , , , ,fluvial and glacio-fluvial, , , , , , , , , 
3782,0140109,imperfectly drained,fluvial and glacio-fluvial, , , , , , , , , , , , , , 
3783,0140110,imperfectly drained,fluvial and glacio-fluvial, , , , , , , , , , , , , ,80
3784,0140111,very poorly drained,lacustrine and glacio-lacustrine, , , , ,lacustrine and glacio-lacustrine, , , , , , , , , 
3785,0140112,poorly drained,lacustrine and glacio-lacustrine, , , , , , , , , , , , , ,0
3786,0140113,imperfectly drained,fluvial and glacio-fluvial, , , , , , , , , , , , , , 
3787,0140114,imperfectly drained,morainal till, , , , ,morainal till, , , , , , , , ,18
3788,0140115,poorly drained,morainal till, , , , , , , , , , , , , , 
3789,0140116,poorly drained,morainal till, , , , , , , , , , , , , , 
3790,0140117,well drained,morainal till, , , , , , , , , , , , , ,33
3791,0140118,poorly drained,lacustrine and glacio-lacustrine, , , , ,lacustrine and glacio-lacustrine, , , , , , , , ,28
3792,0140119,imperfectly drained,morainal till, , , , , , , , , , , , , ,48
3793,0140120,well drained,morainal till, , , , , , , , , , , , , ,37
3794,0140121,imperfectly drained,morainal till, , , , , , , , , , , , , ,44
3795,0140122,well drained,morainal till, , , , , , , , , , , , , ,38
3796,0140123,poorly drained,morainal till, , , , , , , , , , , , , ,60
3797,0140124,imperfectly drained,morainal till, , , , , , , , , , , , , ,42
3798,0140125,well drained,fluvial and glacio-fluvial, , , , , , , , , , , , , ,21
3799,0140126,imperfectly drained,fluvial and glacio-fluvial, , , , ,fluvial and glacio-fluvial, , , , , , , , ,49
3800,0140127,imperfectly drained,lacustrine and glacio-lacustrine, , , , , , , , , , , , , ,36
3801,0140128,poorly drained,colluvial, , , , ,colluvial, , , , , , , , ,0
3802,0140129,imperfectly drained,colluvial, , , , ,colluvial, , , , , , , , ,43
3803,0140130,well drained,morainal till, , , , , , , , , , , , , ,30
3804,0140131,well drained,morainal till, , , , , , , , , , , , , ,40
3805,0140132,well drained,morainal till, , , , , , , , , , , , , ,84
3806,0140133,poorly drained,morainal till, , , , , , , , , , , , , , 
3807,0140134,well drained,morainal till, , , , , , , , , , , , , ,42
3808,0140135,imperfectly drained,fluvial and glacio-fluvial, , , , ,fluvial and glacio-fluvial, , , , , , , , ,45
3809,0140136,well drained,morainal till, , , , , , , , , , , , , ,40
3810,0140137,well drained,lacustrine and glacio-lacustrine, , , , , , , , , , , , , ,81
3811,0140138,imperfectly drained,fluvial and glacio-fluvial, , , , , , , , , , , , , ,61
3812,0140139,poorly drained,lacustrine and glacio-lacustrine, , , , , , , , , , , , , ,0
3813,0140140,poorly drained,lacustrine and glacio-lacustrine, , , , , , , , , , , , , ,0
3814,0140141,imperfectly drained,fluvial and glacio-fluvial, , , , , , , , , , , , , ,78
3815,0140142,imperfectly drained,morainal till, , , , , , , , , , , , , ,117
3816,0140143,well drained,morainal till, , , , , , , , , , , , , ,112
3817,0140144,imperfectly drained,morainal till, , , , , , , , , , , , , , 
3818,0140145,well drained,morainal till, , , , , , , , , , , , , ,67
3819,0140146,well drained,fluvial and glacio-fluvial, , , , ,fluvial and glacio-fluvial, , , , , , , , ,59
3820,0140147,well drained,fluvial and glacio-fluvial, , , , , , , , , , , , , , 
3821,0140148,well drained,fluvial and glacio-fluvial, , , , , , , , , , , , , , 
3822,0140149,well drained,morainal till, , , , , , , , , , , , , ,47
3823,0140150,well drained,morainal till, , , , , , , , , , , , , ,20
3824,0140151,well drained,morainal till, , , , , , , , , , , , , ,36
3825,0140152,well drained,morainal till, , , , , , , , , , , , , ,24
3826,0140153,imperfectly drained,morainal till, , , , , , , , , , , , , ,40
3827,0140154,well drained,morainal till, , , , , , , , , , , , , ,62
3828,0140155,imperfectly drained,morainal till, , , , , , , , , , , , , ,70
3829,0140156,imperfectly drained,morainal till, , , , , , , , , , , , , ,58
3830,0140157,well drained,lacustrine and glacio-lacustrine, , , , , , , , , , , , , ,50
3831,0140158,poorly drained,lacustrine and glacio-lacustrine, , , , , , , , , , , , , ,39
3832,0140159,poorly drained,lacustrine and glacio-lacustrine, , , , , , , , , , , , , , 
3833,0140160,well drained,lacustrine and glacio-lacustrine, , , , , , , , , , , , , ,20
3834,0140161,poorly drained,lacustrine and glacio-lacustrine, , , , , , , , , , , , , ,40
3835,0140162,imperfectly drained,lacustrine and glacio-lacustrine, , , , , , , , , , , , , ,38
3836,0140163,imperfectly drained,lacustrine and glacio-lacustrine, , , , , , , , , , , , , ,65
3837,0140164,well drained,fluvial and glacio-fluvial, , , , ,fluvial and glacio-fluvial, , , , , , , , ,55
3838,0140165,well drained,fluvial and glacio-fluvial, , , , ,fluvial and glacio-fluvial, , , , , , , , ,40
3839,0140166,well drained,fluvial and glacio-fluvial, , , , ,fluvial and glacio-fluvial, , , , , , , , ,50
3840,0140167,well drained,morainal till, , , , , , , , , , , , , ,50
3841,0140168,poorly drained,fluvial and glacio-fluvial, , , , ,fluvial and glacio-fluvial, , , , , , , , ,70
3842,0140169,imperfectly drained,fluvial and glacio-fluvial, , , , ,fluvial and glacio-fluvial, , , , , , , , ,50
3843,0140170,poorly drained,fluvial and glacio-fluvial, , , , ,fluvial and glacio-fluvial, , , , , , , , ,36
3844,0140171,imperfectly drained,fluvial and glacio-fluvial, , , , ,fluvial and glacio-fluvial, , , , , , , , ,59
3845,0140172,well drained,fluvial and glacio-fluvial, , , , , , , , , , , , , ,93
3846,0140173,well drained,fluvial and glacio-fluvial, , , , , , , , , , , , , ,26
3847,0140174,well drained,fluvial and glacio-fluvial, , , , , , , , , , , , , ,48
3848,0140175,well drained,fluvial and glacio-fluvial, , , , , , , , , , , , , ,12
3849,0140176,poorly drained,morainal till, , , , ,morainal till, , , , , , , , ,15
3850,0140177,poorly drained,lacustrine and glacio-lacustrine, , , , , , , , , , , , , ,30
3851,0140178,poorly drained,lacustrine and glacio-lacustrine, , , , , , , , , , , , , ,25
3852,0140179,imperfectly drained,morainal till, , , , , , , , , , , , , ,53
3853,0140180,imperfectly drained,morainal till, , , , , , , , , , , , , ,60
3854,0140181,well drained,morainal till, , , , , , , , , , , , , ,34
3855,0140182,poorly drained,morainal till, , , , , , , , , , , , , ,0
3856,0140183,imperfectly drained,morainal till, , , , , , , , , , , , , ,64
3857,0140184,well drained,morainal till, , , , , , , , , , , , , ,37
3858,0140185,well drained,morainal till, , , , , , , , , , , , , ,50
3859,0140186,well drained,lacustrine and glacio-lacustrine, , , , ,lacustrine and glacio-lacustrine, , , , , , , , ,40
3860,0140187,imperfectly drained,lacustrine and glacio-lacustrine, , , , ,lacustrine and glacio-lacustrine, , , , , , , , ,40
3861,0140188,poorly drained,lacustrine and glacio-lacustrine, , , , ,lacustrine and glacio-lacustrine, , , , , , , , ,30
3862,0140189,well drained,lacustrine and glacio-lacustrine, , , , ,lacustrine and glacio-lacustrine, , , , , , , , ,32
3863,0140190,well drained,lacustrine and glacio-lacustrine, , , , ,lacustrine and glacio-lacustrine, , , , , , , , ,51
3864,0140191,imperfectly drained,lacustrine and glacio-lacustrine, , , , ,lacustrine and glacio-lacustrine, , , , , , , , ,52
3865,0140192,poorly drained,lacustrine and glacio-lacustrine, , , , ,lacustrine and glacio-lacustrine, , , , , , , , ,30
3866,0140193,imperfectly drained,lacustrine and glacio-lacustrine, , , , , , , , , , , , , ,0
3867,0140194,imperfectly drained,lacustrine and glacio-lacustrine, , , , , , , , , , , , , ,0
3868,0140195,imperfectly drained,fluvial and glacio-fluvial, , , , , , , , , , , , , ,103
3869,0140196,well drained,fluvial and glacio-fluvial, , , , , , , , , , , , , ,0
3870,0140197,poorly drained,fluvial and glacio-fluvial, , , , , , , , , , , , , ,0
3871,0140198,well drained,morainal till, , , , , , , , , , , , , ,61
3872,0140199,poorly drained,morainal till, , , , , , , , , , , , , ,0
3873,0140200,imperfectly drained,morainal till, , , , , , , , , , , , , ,66
3874,0140201,well drained,fluvial and glacio-fluvial, , , , , , , , , , , , , , 
3875,0140202,well drained,morainal till, , , , , , , , , , , , , ,26
3876,0140203,poorly drained,lacustrine and glacio-lacustrine, , , , , , , , , , , , , ,0
3877,0140204,poorly drained,lacustrine and glacio-lacustrine, , , , ,lacustrine and glacio-lacustrine, , , , , , , , ,0
3878,0140205,poorly drained,lacustrine and glacio-lacustrine, , , , , , , , , , , , , ,0
3879,0140206,poorly drained,lacustrine and glacio-lacustrine, , , , , , , , , , , , , ,0
3880,0140207,poorly drained,lacustrine and glacio-lacustrine, , , , , , , , , , , , , ,0
3881,0140208,well drained,morainal till, , , , , , , , , , , , , , 
3882,0140209,poorly drained,morainal till, , , , , , , , , , , , , , 
3883,0140210,poorly drained,lacustrine and glacio-lacustrine, , , , , , , , , , , , , ,40
3884,0140211,imperfectly drained,lacustrine and glacio-lacustrine, , , , , , , , , , , , , , 
3885,0140212,well drained,lacustrine and glacio-lacustrine, , , , , , , , , , , , , ,72
3886,0140213,poorly drained,lacustrine and glacio-lacustrine, , , , , , , , , , , , , , 
3887,0140214,imperfectly drained,lacustrine and glacio-lacustrine, , , , , , , , , , , , , , 
3888,0140215,imperfectly drained,lacustrine and glacio-lacustrine, , , , , , , , , , , , , , 
3889,0140216,poorly drained,lacustrine and glacio-lacustrine, , , , , , , , , , , , , , 
3890,0140217,poorly drained,lacustrine and glacio-lacustrine, , , , , , , , , , , , , ,72
3891,0140218,imperfectly drained,fluvial and glacio-fluvial, , , , , , , , , , , , , ,45
3892,0140219,imperfectly drained,morainal till, , , , , , , , , , , , , ,43
3893,0140220,well drained,morainal till, , , , , , , , , , , , , ,49
3894,0140221,poorly drained,morainal till, , , , , , , , , , , , , ,0
3895,0140222,well drained,morainal till, , , , , , , , , , , , , ,47
3896,0140223,imperfectly drained,morainal till, , , , , , , , , , , , , ,82
3897,0140224,well drained,morainal till, , , , , , , , , , , , , , 
3898,0140225,poorly drained,fluvial and glacio-fluvial, , , , , , , , , , , , , ,104
3899,0140227,well drained,morainal till, , , , , , , , , , , , , ,70
3900,0140228,well drained,morainal till, , , , , , , , , , , , , ,50
3901,0140229,imperfectly drained,fluvial and glacio-fluvial, , , , , , , , , , , , , ,77
3902,0140230,well drained,morainal till, , , , , , , , , , , , , , 
3903,0140231,well drained, , , , , , , , , , , , , , , 
3904,0140232,imperfectly drained,fluvial and glacio-fluvial, , , , , , , , , , , , , ,28
3905,0140233,poorly drained,fluvial and glacio-fluvial, , , , , , , , , , , , , ,0
3906,0140234,poorly drained,morainal till, , , , , , , , , , , , , ,25
3907,0140235,well drained,morainal till, , , , , , , , , , , , , ,0
3908,0140236,poorly drained,morainal till, , , , , , , , , , , , , ,21
3909,0140237,well drained,morainal till, , , , , , , , , , , , , ,22
3910,0140238,poorly drained,morainal till, , , , , , , , , , , , , ,31
3911,0140239,poorly drained,morainal till, , , , , , , , , , , , , ,44
3912,0140240,well drained,morainal till, , , , , , , , , , , , ,31,25
3913,0140241,imperfectly drained,morainal till, , , , , , , , , , , , , ,56
3914,0140242,well drained,morainal till, , , , , , , , , , , , ,53,52
3915,0140243,well drained,morainal till, , , , , , , , , , , , , , 
3916,0140244,well drained,morainal till, , , , , , , , , , , , , ,75
3917,0140245,well drained,morainal till, , , , , , , , , , , , , , 
3918,0140246,imperfectly drained,morainal till, , , , , , , , , , , , , ,48
3919,0140247,well drained,morainal till, , , , , , , , , , , , , ,68
3920,0140248,poorly drained,lacustrine and glacio-lacustrine, , , , , , , , , , , , , , 
3921,0140249,imperfectly drained,lacustrine and glacio-lacustrine, , , , , , , , , , , , , ,19
3922,0140250,well drained,morainal till, , , , , , , , , , , , ,28,28
3923,0140251,imperfectly drained,lacustrine and glacio-lacustrine, , , , , , , , , , , , , , 
3924,0140252,poorly drained,lacustrine and glacio-lacustrine, , , , , , , , , , , , , , 
3925,0140253,well drained,fluvial and glacio-fluvial, , , , , , , , , , , , ,76,64
3926,0140254,well drained,morainal till, , , , , , , , , , , , ,51,51
3927,0140255,poorly drained,fluvial and glacio-fluvial, , , , , , , , , , , , , , 
3928,0140256,imperfectly drained,lacustrine and glacio-lacustrine, , , , , , , , , , , , , , 
3929,0140257,poorly drained,lacustrine and glacio-lacustrine, , , , , , , , , , , , , , 
3930,0140258,well drained,morainal till, , , , , , , , , , , , ,80, 
3931,0140259,well drained,morainal till, , , , , , , , , , , , , , 
3932,0140260,poorly drained,lacustrine and glacio-lacustrine, , , , , , , , , , , , , , 
3933,0140261,poorly drained,morainal till, , , , , , , , , , , , ,90,18
3934,0140262,well drained,morainal till, , , , , , , , , , , , ,40,14
3935,0140263,well drained,morainal till, , , , , , , , , , , , , ,0
3936,0140264,imperfectly drained,morainal till, , , , , , , , , , , , , ,33
3937,0140265,poorly drained,morainal till, , , , , , , , , , , , , ,57
3938,0140266,well drained,morainal till, , , , , , , , , , , , , ,46
3939,0140267,well drained,lacustrine and glacio-lacustrine, , , , , , , , , , , , , ,20
3940,0140268,imperfectly drained,lacustrine and glacio-lacustrine, , , , , , , , , , , , , , 
3941,0140269,poorly drained,morainal till, , , , , , , , , , , , , , 
3942,0140270,imperfectly drained,morainal till, , , , , , , , , , , , , , 
3943,0140271,well drained,morainal till, , , , , , , , , , , , , , 
3944,0140272,poorly drained,morainal till, , , , , , , , , , , , , , 
3945,0140273,well drained,morainal till, , , , , , , , , , , , , , 
3946,0140274,poorly drained,morainal till, , , , , , , , , , , , , ,25
3947,0140275,imperfectly drained,lacustrine and glacio-lacustrine, , , , , , , , , , , , , , 
3948,0140276,imperfectly drained,lacustrine and glacio-lacustrine, , , , , , , , , , , , , , 
3949,0140277,imperfectly drained,lacustrine and glacio-lacustrine, , , , , , , , , , , , , , 
3950,0140278,poorly drained,lacustrine and glacio-lacustrine, , , , , , , , , , , , , , 
3951,0140279,poorly drained,lacustrine and glacio-lacustrine, , , , , , , , , , , , , , 
3952,0140280,imperfectly drained,lacustrine and glacio-lacustrine, , , , , , , , , , , , , , 
3953,0140281,poorly drained,lacustrine and glacio-lacustrine, , , , , , , , , , , , , , 
3954,0140282,well drained,morainal till, , , , , , , , , , , , ,72,30
3955,0140283,well drained,morainal till, , , , , , , , , , , , , ,53
3956,0140284,well drained,morainal till, , , , , , , , , , , , , ,50
3957,0140285,imperfectly drained,morainal till, , , , , , , , , , , , , ,35
3958,0140286,poorly drained,morainal till, , , , , , , , , , , , , ,18
3959,0140287,well drained,morainal till, , , , , , , , , , , , , ,20
3960,0140288,poorly drained,morainal till, , , , , , , , , , , , , ,33
3961,0140289,poorly drained,morainal till, , , , , , , , , , , , , ,27
3962,0140290,imperfectly drained,morainal till, , , , , , , , , , , , , ,15
3963,0140291,imperfectly drained,marine, , , , , , , , , , , , , , 
3964,0140292,poorly drained,marine, , , , , , , , , , , , , , 
3965,0140293,well drained,morainal till, , , , , , , , , , , , ,25, 
3966,0140294,poorly drained,fluvial and glacio-fluvial, , , , , , , , , , , , , , 
3967,0140295,imperfectly drained,fluvial and glacio-fluvial, , , , , , , , , , , , , , 
3968,0140296,poorly drained,fluvial and glacio-fluvial, , , , , , , , , , , , , , 
3969,0140297,imperfectly drained,marine, , , , , , , , , , , , , , 
3970,0140298,poorly drained,marine, , , , , , , , , , , , , , 
3971,0140299,imperfectly drained,lacustrine and glacio-lacustrine, , , , , , , , , , , , , , 
3972,0140300,poorly drained,lacustrine and glacio-lacustrine, , , , , , , , , , , , , ,75
3973,0140301,well drained,residual, , , , , , , , , , , , , ,70
3974,0140302,well drained,lacustrine and glacio-lacustrine, , , , , , , , , , , , , ,0
3975,0140303,poorly drained,lacustrine and glacio-lacustrine, , , , , , , , , , , , , ,28
3976,0140304,imperfectly drained,lacustrine and glacio-lacustrine, , , , , , , , , , , , , ,50
3977,0140305,imperfectly drained,lacustrine and glacio-lacustrine, , , , , , , , , , , , , , 
3978,0140306,imperfectly drained,morainal till, , , , , , , , , , , , , , 
3979,0140307,moderately drained,morainal till, , , , , , , , , , , , , , 
3980,0140308,well drained,morainal till, , , , , , , , , , , , ,34, 
3981,0140309,poorly drained,morainal till, , , , , , , , , , , , ,35, 
3982,0140310,imperfectly drained,morainal till, , , , , , , , , , , , ,35, 
3983,0140311,well drained,fluvial and glacio-fluvial, , , , , , , , , , , , , ,43
3984,0140312,well drained,fluvial and glacio-fluvial, , , , , , , , , , , , , , 
3985,0140313,poorly drained,marine, , , , , , , , , , , , , , 
3986,0140314,well drained,fluvial and glacio-fluvial, , , , , , , , , , , , , ,38
3987,0140315,imperfectly drained,fluvial and glacio-fluvial, , , , , , , , , , , , , , 
3988,0140316,poorly drained,fluvial and glacio-fluvial, , , , , , , , , , , , , ,56
3989,0140317,poorly drained,fluvial and glacio-fluvial, , , , , , , , , , , , , , 
3990,0140318,well drained,fluvial and glacio-fluvial, , , , , , , , , , , , , , 
3991,0140319,imperfectly drained,fluvial and glacio-fluvial, , , , , , , , , , , , , , 
3992,0140320,poorly drained,lacustrine and glacio-lacustrine, , , , , , , , , , , , , , 
3993,0140321,moderately drained,lacustrine and glacio-lacustrine, , , , , , , , , , , , , ,72
3994,0140322,poorly drained,lacustrine and glacio-lacustrine, , , , , , , , , , , , , ,85
3995,0140323,imperfectly drained,lacustrine and glacio-lacustrine, , , , , , , , , , , , , ,28
3996,0140324,well drained,fluvial and glacio-fluvial, , , , , , , , , , , , , ,0
3997,0140325,imperfectly drained,fluvial and glacio-fluvial, , , , , , , , , , , , , ,70
3998,0140326,imperfectly drained,fluvial and glacio-fluvial, , , , , , , , , , , , , , 
3999,0140327,imperfectly drained,fluvial and glacio-fluvial, , , , , , , , , , , , , , 
4000,0140328,well drained,fluvial and glacio-fluvial, , , , , , , , , , , , , , 
4001,0140329,imperfectly drained,fluvial and glacio-fluvial, , , , , , , , , , , , , , 
4002,0140330,poorly drained,fluvial and glacio-fluvial, , , , , , , , , , , , , , 
4003,0140331,well drained,fluvial and glacio-fluvial, , , , , , , , , , , , , , 
4004,0140332,well drained,morainal till, , , , , , , , , , , , , , 
4005,0140333,imperfectly drained,morainal till, , , , , , , , , , , , , , 
4006,0140334,well drained,morainal till, , , , , , , , , , , , , , 
4007,0140335,imperfectly drained,morainal till, , , , , , , , , , , , , ,0
4008,0140336,imperfectly drained,morainal till, , , , , , , , , , , , , ,53
4009,0140337,well drained,morainal till, , , , , , , , , , , , , ,67
4010,0140338,imperfectly drained,morainal till, , , , , , , , , , , , , ,71
4011,0140339,well drained,morainal till, , , , , , , , , , , , , ,22
4012,0140340,imperfectly drained,morainal till, , , , , , , , , , , , , ,31
4013,0140341,imperfectly drained,morainal till, , , , , , , , , , , , , ,68
4014,0140342,imperfectly drained,morainal till, , , , , , , , , , , , , ,68
4015,0140343,well drained,morainal till, , , , , , , , , , , , , ,40
4016,0140344,well drained,fluvial and glacio-fluvial, , , , , , , , , , , , , , 
4017,0140345,well drained,fluvial and glacio-fluvial, , , , , , , , , , , , , , 
4018,0140346,well drained,fluvial and glacio-fluvial, , , , , , , , , , , , , , 
4019,0140347,well drained,morainal till, , , , , , , , , , , , , ,31
4020,0140348,imperfectly drained,morainal till, , , , , , , , , , , , , ,42
4021,0140349,well drained,morainal till, , , , , , , , , , , , , ,0
4022,0140350,imperfectly drained,morainal till, , , , , , , , , , , , , ,59
4023,0140351,well drained,morainal till, , , , , , , , , , , , , ,39
4024,0140352,poorly drained,morainal till, , , , , , , , , , , , , ,31
4025,0140353,imperfectly drained,morainal till, , , , , , , , , , , , , ,48
4026,0140354,well drained,morainal till, , , , , , , , , , , , , ,38
4027,0140355,well drained,morainal till, , , , , , , , , , , , , ,70
4028,0140356,imperfectly drained,morainal till, , , , , , , , , , , , , ,53
4029,0140357,well drained,morainal till, , , , , , , , , , , , , ,26
4030,0140358,well drained,morainal till, , , , , , , , , , , , , , 
4031,0140359,well drained,morainal till, , , , , , , , , , , , , ,50
4032,0140360,well drained,morainal till, , , , , , , , , , , , , ,75
4033,0140361,well drained,morainal till, , , , , , , , , , , , , ,80
4034,0140362,imperfectly drained,morainal till, , , , , , , , , , , , , ,20
4035,0140363,moderately drained,lacustrine and glacio-lacustrine, , , , ,lacustrine and glacio-lacustrine, , , , , , , , , 
4036,0140364,well drained,morainal till, , , , , , , , , , , , , ,38
4037,0140365,imperfectly drained,lacustrine and glacio-lacustrine, , , , ,lacustrine and glacio-lacustrine, , , , , , , , ,42
4038,0140366,well drained,morainal till, , , , , , , , , , , , , ,40
4039,0140367,poorly drained,organic, , , , ,organic, , , , , , , , ,80
4040,0140368,imperfectly drained,morainal till, , , , , , , , , , , , , ,53
4041,0140369,well drained,morainal till, , , , , , , , , , , , , ,55
4042,0140370,well drained,morainal till, , , , , , , , , , , , , ,50
4043,0140371,imperfectly drained,lacustrine and glacio-lacustrine, , , , ,lacustrine and glacio-lacustrine, , , , , , , , ,40
4044,0140372,poorly drained,lacustrine and glacio-lacustrine, , , , ,lacustrine and glacio-lacustrine, , , , , , , , ,50
4045,0140373,well drained,lacustrine and glacio-lacustrine, , , , ,lacustrine and glacio-lacustrine, , , , , , , , ,80
4046,0140374,imperfectly drained,lacustrine and glacio-lacustrine, , , , ,lacustrine and glacio-lacustrine, , , , , , , , ,90
4047,0140375,well drained,lacustrine and glacio-lacustrine, , , , ,lacustrine and glacio-lacustrine, , , , , , , , ,85
4048,0140376,well drained,lacustrine and glacio-lacustrine, , , , ,lacustrine and glacio-lacustrine, , , , , , , , ,60
4049,0140377,poorly drained,lacustrine and glacio-lacustrine, , , , ,lacustrine and glacio-lacustrine, , , , , , , , ,55
4050,0140378,imperfectly drained,lacustrine and glacio-lacustrine, , , , ,lacustrine and glacio-lacustrine, , , , , , , , ,60
4051,0140379,imperfectly drained,lacustrine and glacio-lacustrine, , , , ,lacustrine and glacio-lacustrine, , , , , , , , ,75
4052,0140380,imperfectly drained,lacustrine and glacio-lacustrine, , , , ,lacustrine and glacio-lacustrine, , , , , , , , , 
4053,0140381,well drained,fluvial and glacio-fluvial, , , , , , , , , , , , , ,55
4054,0140382,well drained,fluvial and glacio-fluvial, , , , , , , , , , , , , ,58
4055,0140383,well drained,fluvial and glacio-fluvial, , , , , , , , , , , , , ,65
4056,0140384,well drained,fluvial and glacio-fluvial, , , , , , , , , , , , , ,50
4057,0140385,imperfectly drained,morainal till, , , , , , , , , , , , , ,45
4058,0140386,imperfectly drained,morainal till, , , , , , , , , , , , , , 
4059,0140387,imperfectly drained,morainal till, , , , , , , , , , , , , ,53
4060,0140388,imperfectly drained,morainal till, , , , , , , , , , , , , ,50
4061,0140389,imperfectly drained,morainal till, , , , , , , , , , , , , ,40
4062,0140390,well drained,morainal till, , , , , , , , , , , , , ,0
4063,0140391,well drained,morainal till, , , , , , , , , , , , , ,0
4064,0140392,well drained,morainal till, , , , , , , , , , , , , ,0
4065,0140393,well drained,lacustrine and glacio-lacustrine, , , , , , , , , , , , , ,80
4066,0140394,well drained,lacustrine and glacio-lacustrine, , , , , , , , , , , , , ,20
4067,0140395,well drained,morainal till, , , , , , , , , , , , ,50, 
4068,0140396,poorly drained,morainal till, , , , , , , , , , , , ,50,45
4069,0140397,well drained,morainal till, , , , , , , , , , , , ,50,0
4070,0140398,poorly drained,morainal till, , , , , , , , , , , , ,55,45
4071,0140399,well drained,morainal till, , , , , , , , , , , , ,55, 
4072,0140400,imperfectly drained,morainal till, , , , , , , , , , , , ,70,33
4073,0140401,well drained,morainal till, , , , , , , , , , , , ,40,0
4074,0140402,imperfectly drained,morainal till, , , , , , , , , , , , ,65,45
4075,0140403,poorly drained,morainal till, , , , , , , , , , , , ,50,25
4076,0140404,well drained,morainal till, , , , , , , , , , , , ,40,0
4077,0140405,well drained,morainal till, , , , , , , , , , , , ,40,0
4078,0140406,well drained,morainal till, , , , , , , , , , , , ,40,0
4079,0140407,well drained,morainal till, , , , , , , , , , , , ,50,0
4080,0140408,well drained,morainal till, , , , , , , , , , , , ,45,0
4081,0140409,well drained,fluvial and glacio-fluvial, , , , , , , , , , , , , ,45
4082,0140410,well drained,fluvial and glacio-fluvial, , , , , , , , , , , , , ,53
4083,0140411,well drained,fluvial and glacio-fluvial, , , , , , , , , , , , , ,65
4084,0140412,well drained,fluvial and glacio-fluvial, , , , , , , , , , , , , ,55
4085,0140413,well drained,fluvial and glacio-fluvial, , , , , , , , , , , , , ,42
4086,0140414,well drained,fluvial and glacio-fluvial, , , , , , , , , , , , , ,38
4087,0140415,imperfectly drained,fluvial and glacio-fluvial, , , , , , , , , , , , , ,35
4088,0140416,poorly drained,fluvial and glacio-fluvial, , , , , , , , , , , , , ,40
4089,0140417,well drained,morainal till, , , , , , , , , , , , , ,30
4090,0140418,well drained,morainal till, , , , , , , , , , , , , ,95
4091,0140419,well drained,morainal till, , , , , , , , , , , , , ,68
4092,0140420,well drained,morainal till, , , , , , , , , , , , , ,60
4093,0140421,imperfectly drained,morainal till, , , , , , , , , , , , , ,100
4094,0140422,well drained,morainal till, , , , , , , , , , , , , , 
4095,0140423,well drained,morainal till, , , , , , , , , , , , , ,35
4096,0140424,well drained,fluvial and glacio-fluvial, , , , , , , , , , , , , ,43
4097,0140425,well drained,fluvial and glacio-fluvial, , , , , , , , , , , , , ,35
4098,0140426,well drained,fluvial and glacio-fluvial, , , , , , , , , , , , , ,58
4099,0140427,well drained,fluvial and glacio-fluvial, , , , , , , , , , , , , ,60
4100,0140428,well drained,fluvial and glacio-fluvial, , , , , , , , , , , , , ,65
4101,0140429,imperfectly drained,fluvial and glacio-fluvial, , , , , , , , , , , , , ,0
4102,0140430,imperfectly drained,fluvial and glacio-fluvial, , , , , , , , , , , , , ,70
4103,0140431,imperfectly drained,lacustrine and glacio-lacustrine, , , , , , , , , , , , , ,48
4104,0140432,well drained,lacustrine and glacio-lacustrine, , , , , , , , , , , , , , 
4105,0140433,well drained,lacustrine and glacio-lacustrine, , , , ,lacustrine and glacio-lacustrine, , , , , , , , ,60
4106,0140434,well drained,lacustrine and glacio-lacustrine, , , , ,lacustrine and glacio-lacustrine, , , , , , , , ,93
4107,0140435,well drained,lacustrine and glacio-lacustrine, , , , ,lacustrine and glacio-lacustrine, , , , , , , , ,68
4108,0140436,imperfectly drained,lacustrine and glacio-lacustrine, , , , , , , , , , , , , , 
4109,0140437,well drained,lacustrine and glacio-lacustrine, , , , , , , , , , , , , , 
4110,0140438,well drained,lacustrine and glacio-lacustrine, , , , , , , , , , , , , , 
4111,0140439,well drained,lacustrine and glacio-lacustrine, , , , , , , , , , , , , , 
4112,0140440,well drained,fluvial and glacio-fluvial, , , , , , , , , , , , , , 
4113,0140441,well drained,lacustrine and glacio-lacustrine, , , , , , , , , , , , , , 
4114,0140442,imperfectly drained,marine, , , , , , , , , , , , , , 
4115,0140443,imperfectly drained,marine, , , , , , , , , , , , , , 
4116,0140444,imperfectly drained,lacustrine and glacio-lacustrine, , , , , , , , , , , , , , 
4117,0140445,poorly drained,lacustrine and glacio-lacustrine, , , , , , , , , , , , , , 
4118,0140446,imperfectly drained,lacustrine and glacio-lacustrine, , , , , , , , , , , , , , 
4119,0140447,poorly drained,lacustrine and glacio-lacustrine, , , , , , , , , , , , , , 
4120,0140448,rapidly drained,lacustrine and glacio-lacustrine, , , , , , , , , , , , , , 
4121,0140449,well drained,morainal till, , , , , , , , , , , , , , 
4122,0140450,imperfectly drained,lacustrine and glacio-lacustrine, , , , , , , , , , , , , , 
4123,0140451,imperfectly drained,lacustrine and glacio-lacustrine, , , , ,lacustrine and glacio-lacustrine, , , , , , , , , 
4124,0140452,poorly drained,marine, , , , , , , , , , , , , , 
4125,0140453,imperfectly drained,lacustrine and glacio-lacustrine, , , , , , , , , , , , , , 
4126,0140454,well drained,lacustrine and glacio-lacustrine, , , , , , , , , , , , , , 
4127,0140455,well drained,lacustrine and glacio-lacustrine, , , , , , , , , , , , , , 
4128,0140456,well drained,lacustrine and glacio-lacustrine, , , , , , , , , , , , , , 
4129,0140457,imperfectly drained,lacustrine and glacio-lacustrine, , , , , , , , , , , , , , 
4130,0140458,imperfectly drained,lacustrine and glacio-lacustrine, , , , , , , , , , , , , , 
4131,0140459,poorly drained,marine, , , , , , , , , , , , , , 
4132,0140460,imperfectly drained,lacustrine and glacio-lacustrine, , , , , , , , , , , , , , 
4133,0140461,imperfectly drained,lacustrine and glacio-lacustrine, , , , , , , , , , , , , , 
4134,0140462,poorly drained,marine, , , , , , , , , , , , , , 
4135,0140463,well drained,morainal till, , , , , , , , , , , , , ,20
4136,0140464,well drained,morainal till, , , , , , , , , , , , , , 
4137,0140465,imperfectly drained,fluvial and glacio-fluvial, , , , , , , , , , , , , , 
4138,0140466,poorly drained,fluvial and glacio-fluvial, , , , , , , , , , , , , , 
4139,0140467,imperfectly drained,fluvial and glacio-fluvial, , , , , , , , , , , , , , 
4140,0140468,poorly drained,lacustrine and glacio-lacustrine, , , , , , , , , , , , , , 
4141,0140469,poorly drained,marine, , , , , , , , , , , , , , 
4142,0140470,poorly drained,lacustrine and glacio-lacustrine, , , , , , , , , , , , , , 
4143,0140471,poorly drained,lacustrine and glacio-lacustrine, , , , , , , , , , , , , , 
4144,0140472,imperfectly drained,lacustrine and glacio-lacustrine, , , , , , , , , , , , , , 
4145,0140473,imperfectly drained,lacustrine and glacio-lacustrine, , , , , , , , , , , , , , 
4146,0140474,imperfectly drained,lacustrine and glacio-lacustrine, , , , , , , , , , , , , , 
4147,0140475,imperfectly drained,lacustrine and glacio-lacustrine, , , , ,lacustrine and glacio-lacustrine, , , , , , , , , 
4148,0140476,poorly drained,lacustrine and glacio-lacustrine, , , , , , , , , , , , , , 
4149,0140477,poorly drained,fluvial and glacio-fluvial, , , , , , , , , , , , , , 
4150,0140478,imperfectly drained,fluvial and glacio-fluvial, , , , , , , , , , , , , , 
4151,0140479,rapidly drained,fluvial and glacio-fluvial, , , , , , , , , , , , , , 
4152,0140480,well drained,morainal till, , , , , , , , , , , , , ,0
4153,0140481,poorly drained,marine, , , , , , , , , , , , , , 
4154,0140482,poorly drained,marine, , , , , , , , , , , , , , 
4155,0140483,poorly drained,lacustrine and glacio-lacustrine, , , , ,lacustrine and glacio-lacustrine, , , , , , , , , 
4156,0140484,poorly drained,lacustrine and glacio-lacustrine, , , , , , , , , , , , , , 
4157,0140485,imperfectly drained,marine, , , , , , , , , , , , , , 
4158,0140486,imperfectly drained,marine, , , , , , , , , , , , , , 
4159,0140487,well drained,marine, , , , , , , , , , , , , , 
4160,0140488,poorly drained,marine, , , , , , , , , , , , , , 
4161,0140489,poorly drained,marine, , , , , , , , , , , , , , 
4162,0140490,poorly drained,marine, , , , , , , , , , , , , , 
4163,0140491,well drained,morainal till, , , , , , , , , , , , , , 
4164,0140492,well drained,morainal till, , , , , , , , , , , , , ,23
4165,0140493,well drained,morainal till, , , , , , , , , , , , , , 
4166,0140494,well drained,morainal till, , , , , , , , , , , , , , 
4167,0140497,poorly drained,lacustrine and glacio-lacustrine, , , , , , , , , , , , , , 
4168,0140498,imperfectly drained,morainal till, , , , , , , , , , , , , , 
4169,0140499,imperfectly drained,morainal till, , , , , , , , , , , , , ,50
4170,0140500,imperfectly drained,morainal till, , , , , , , , , , , , , , 
4171,0140501,poorly drained,marine, , , , , , , , , , , , , , 
4172,0140502,poorly drained,marine, , , , , , , , , , , , , , 
4173,0140503,poorly drained,marine, , , , , , , , , , , , , , 
4174,0140504,well drained,morainal till, , , , , , , , , , , , , , 
4175,0140505,poorly drained,lacustrine and glacio-lacustrine, , , , , , , , , , , , , , 
4176,0140506,well drained,morainal till, , , , , , , , , , , , , , 
4177,0140507,well drained,fluvial and glacio-fluvial, , , , , , , , , , , , , , 
4178,0140508,well drained,morainal till, , , , , , , , , , , , , , 
4179,0140509,well drained,morainal till, , , , , , , , , , , , , , 
4180,0140511,well drained,fluvial and glacio-fluvial, , , , , , , , , , , , , , 
4181,0140512,well drained,fluvial and glacio-fluvial, , , , , , , , , , , , , , 
4182,0140513,imperfectly drained,lacustrine and glacio-lacustrine, , , , , , , , , , , , , , 
4183,0140514,well drained,morainal till, , , , , , , , , , , , , , 
4184,0140515,well drained,lacustrine and glacio-lacustrine, , , , , , , , , , , , , , 
4185,0140516,poorly drained,lacustrine and glacio-lacustrine, , , , , , , , , , , , , , 
4186,0140517,well drained,fluvial and glacio-fluvial, , , , , , , , , , , , , , 
4187,0150001,imperfectly drained,morainal till,clayey, ,moderately acidic to neutral,chemical and physical, , , , , , , , , , 
4188,0150003,well drained,morainal till,skeletal,mixed,moderately to very strongly calcareous,weak chemical, , , , , , , , , , 
4189,0150004,imperfectly drained,fluvial,coarse loamy and coarse silty,mixed,moderately acidic to neutral,weak chemical, , , , , , , , , , 
4190,0150005,moderately well drained,eolian,coarse loamy and coarse silty, ,moderately acidic to neutral,weak chemical,morainal till,skeletal,mixed, ,moderate chemical, , , , , 
4191,0150006,very poorly drained,organic, ,sphagnum peat, , ,eolian,coarse loamy and coarse silty, ,moderately acidic to neutral,weak chemical, , , , , 
4192,0150007,rapidly drained,eolian,coarse loamy and fine silty, ,moderately acidic to neutral,weak chemical,glacio-fluvial,sandy,mixed,moderately acidic to neutral ,moderate chemical, , , , , 
4193,0150008,imperfectly drained,fluvial,fine loamy and fine silty,mixed,moderately acidic to neutral ,weak chemical, , , , , , , , , , 
4194,0150009,moderately well drained,residual,skeletal, ,moderately acidic to neutral,moderate chemical, , , , , , , , , , 
4195,0150010,well drained,eolian,fine loamy and fine silty,mixed,moderately acidic to neutral,weak chemical,morainal till,skeletal,mixed,moderately to very strongly calcareous,weak chemical, , , , , 
4196,0150011,moderately well drained,eolian, ,mixed,weakly calcareous,weak chemical,morainal till,coarse loamy and coarse silty,mixed,moderately to very strongly calcareous,chemical and physical, , , , , 
4197,0150012,well drained,morainal till,skeletal, ,moderately acidic to neutral,shattered, , , , , , , , , , 
4198,0150013,rapidly drained,glacio-fluvial,skeletal,mixed,moderately acidic to neutral,weak chemical, , , , , , , , , , 
4199,0150014,imperfectly drained,morainal till,sandy,coarse acid, ,chemical and physical, , , , , , , , , , 
4200,0150015,well drained,morainal till,skeletal,coarse acid,moderately acidic to neutral,moderate chemical, , , , , , , , , , 
4201,0150016,rapidly drained,morainal till,sandy,coarse acid, ,chemical and physical, , , , , , , , , , 
4202,0150017,moderately well drained,colluvial,skeletal,mixed,moderately acidic to neutral,shattered, , , , , , , , ,50, 
4203,0150018, ,morainal till,sandy,mixed, ,chemical and physical, , , , , , , , , , 
4204,0150019,rapidly drained,glacio-fluvial,skeletal,mixed, , , , , , , , , , , , 
4205,0150020,well drained,colluvial,skeletal,mixed, , , , , , , , , , , , 
4206,0150021,rapidly drained,glacio-fluvial,skeletal,mixed,moderately acidic to neutral,weak chemical, , , , , , , , , , 
4207,0150022,imperfectly drained,morainal,fragmental,mixed, , , , , , , , , , , , 
4208,0150023,well drained,morainal till,skeletal,mixed,moderately to very strongly calcareous,weak chemical, , , , , , , , , , 
4209,0150024,moderately well drained,morainal till,skeletal,mixed, , , , , , , , , , , , 
4210,0150025,moderately well drained,morainal till,skeletal,mixed, , , , , , , , , , , , 
4211,0150026,imperfectly drained,organic, ,fen peat, , , , , , , , , , , , 
4212,0150027,well drained,morainal till,coarse loamy and coarse silty,igneous,moderately acidic to neutral,chemical and physical, , , , , , , , ,30, 
4213,0150028,well drained,eolian,fine loamy and fine silty,mixed,moderately acidic to neutral,moderate chemical,morainal till,coarse loamy and coarse silty,mixed,moderately acidic to neutral,chemical and physical, , , , , 
4214,0150029,rapidly drained,glacio-fluvial,skeletal,mixed,weakly calcareous,weak chemical, , , , , , , , , , 
4215,0150030,rapidly drained,eolian,fine loamy and fine silty,mixed,moderately acidic to neutral,weak chemical,glacio-fluvial,fine loamy and fine silty,mixed,moderately acidic to neutral,weak chemical, , , , , 
4216,0150031,moderately well drained,fluvial, , , , , , , , , , , , , , 
4217,0150032,poorly drained,morainal till,skeletal, , ,chemical and physical, , , , , , , , , , 
4218,0150033,well drained,fluvial,fine loamy and fine silty, ,extremely calcareous,weak chemical, , , , , , , , , , 
4219,0150034,well drained,morainal till,coarse loamy and coarse silty,slate, ,chemical and physical, , , , , , , , , , 
4220,0150035,imperfectly drained,morainal till, , , ,chemical and physical, , , , , , , , , , 
4221,0150036,well drained,fluvio-lacustrine,sandy, , ,chemical and physical, , , , , , , , , , 
4222,0150037,moderately well drained,lacustrine,fine loamy and fine silty, , ,weak chemical, , , , , , , , , , 
4223,0150038,moderately well drained,colluvial,coarse loamy and coarse silty, , ,chemical and physical, , , , , , , , , , 
4224,0150039,moderately well drained,fluvial,stratified - mineral and organic, , ,chemical and physical, , , , , , , , , , 
4225,0150040,well drained,morainal till,coarse loamy and coarse silty, , ,chemical and physical, , , , , , , , , , 
4226,0150041,rapidly drained,colluvial,fragmental, , ,shattered, , , , , , , , , , 
4227,0150042,well drained,morainal till, , , ,chemical and physical, , , , , , , , , , 
4228,0150043,imperfectly drained,colluvial,fragmental, , ,chemical and physical, , , , , , , , ,58, 
4229,0150044, ,morainal till, , , ,chemical and physical, , , , , , , , , , 
4230,0150045,well drained,glacio-fluvial, , , ,chemical and physical, , , , , , , , , , 
4231,0150046,well drained,glacio-fluvial, , , ,chemical and physical, , , , , , , , , , 
4232,0150047,moderately well drained,morainal, , , , , , , , , , , , , , 
4233,0150048, ,morainal till, , , ,chemical and physical, , , , , , , , , , 
4234,0150049,well drained,glacio-fluvial, , , ,chemical and physical, , , , , , , , , , 
4235,0150050,well drained,glacio-fluvial, , , ,chemical and physical,glacio-fluvial, , , , , , , , , 
4236,0150051,moderately well drained,colluvial,skeletal, , ,shattered, , , , , , , , , , 
4237,0150052,poorly drained,glaciolacustrine, , , ,chemical and physical, , , , , , , , , , 
4238,0150053,well drained,glacio-fluvial, , , ,chemical and physical, , , , , , , , , , 
4239,0150054,rapidly drained, , , , , ,fluvio-eolian, , , ,chemical and physical, , , , , 
4240,0150055,rapidly drained, , , , , ,morainal, , , ,chemical and physical, , , , , 
4241,0150056,imperfectly drained,lacustrine, ,sedimentary, ,moderate chemical, , , , , , , , , , 
4242,0150057,well drained,glacio-fluvial, , , ,chemical and physical, , , , , , , , , , 
4243,0150058,well drained,eolian, , , ,chemical and physical,glacio-fluvial, , , ,chemical and physical, , , , , 
4244,0150059,rapidly drained,morainal till, , , ,chemical and physical, , , , , , , , , , 
4245,0150060,poorly drained,morainal till, , , ,chemical and physical, , , , , , , , , , 
4246,0150061,poorly drained,organic, , , ,weak chemical,glacio-lacustrine, , , , , , , , , 
4247,0150062,moderately well drained,eolian, , , ,chemical and physical,fluvial,skeletal, , ,chemical and physical, , , , , 
4248,0150063,well drained,fluvial, , , , , , , , , , , , , , 
4249,0150064,well drained,glacio-fluvial, , , ,chemical and physical, , , , , , , , , , 
4250,0150065,imperfectly drained,colluvial, , , , , , , , , , , , , , 
4251,0150066,well drained,fluvial, , , , , , , , , , , , , , 
4252,0150067,moderately well drained,colluvial,skeletal,sedimentary, ,shattered, , , , , , , , , , 
4253,0150068,well drained,fluvial, , , , , , , , , , , , , , 
4254,0150069,poorly drained,organic, , ,extremely to strongly acidic, , , , , , , , , , , 
4255,0150070,poorly drained,fluvial, , , , , , , , , , , , , , 
4256,0150071,well drained,colluvial, , , , ,morainal, , , ,moderate chemical, , , , , 
4258,0150073,well drained,colluvial, ,sedimentary, ,chemical and physical, , , , , , , , , , 
4259,0150074,moderately well drained,fluvial, ,sedimentary, , , , , , , , , , , , 
4260,0150075,well drained,fluvial, , , , , , , , , , , , , , 
4261,0150076,moderately well drained,morainal, ,mixed, , , , , , , , , , , , 
4262,0150077,imperfectly drained,morainal,fine loamy and fine silty,sedimentary,moderately acidic to neutral,weak chemical, , , , , , , , , , 
4263,0150078,poorly drained,organic, ,forest peat,moderately acidic to neutral,weak chemical, , , , , , , , , , 
4264,0150079,poorly drained,colluvial, ,shale, ,fractured, , , , , , , , , , 
4265,0150080,poorly drained,organic, , , , , , , , , , , , , , 
4266,0150081, ,colluvial, ,shale, , , , , , , , , , , , 
4267,0150082,poorly drained,colluvial, ,shale, , , , , , , , , , , , 
4268,0150083,well drained,colluvial,skeletal,limestone,moderately to very strongly calcareous,moderate chemical, , , , , , , , , , 
4269,0150084,rapidly drained,colluvial, ,shale, ,moderate chemical, , , , , , , , , , 
4270,0150085,poorly drained,glacio-fluvial, , , , , , , , , , , , , , 
4271,0150086,rapidly drained,fluvial, , , , , , , , , , , , , , 
4272,0150087,very rapidly drained,glacio-fluvial, , , , , , , , , , , , , , 
4273,0150088,imperfectly drained,fluvial, , , , , , , , , , , , , , 
4274,0150089,imperfectly drained,morainal, , , , , , , , , , , , , , 
4275,0150090,rapidly drained,colluvial,skeletal,limestone,moderately to very strongly calcareous,fractured, , , , , , , , , , 
4276,0150091,well drained,fluvial,fine loamy and fine silty,mixed,moderately acidic to neutral,weak chemical, , , , , , , , , , 
4277,0150092, ,colluvial,skeletal,mixed,moderately acidic to neutral,fractured, , , , , , , , , , 
4278,0150094, , , ,limestone, , , , , , , , , , ,20, 
4279,0150095,well drained,eolian, , , ,chemical and physical,morainal, , , , , , , , , 
4280,0150096, ,glacio-fluvial,skeletal,mixed,moderately acidic to neutral,weak chemical, , , , , , , , , , 
4281,0150097,well drained,fluvial, , , , , , , , , , , , , , 
4282,0150098,poorly drained,colluvial,fine loamy and fine silty,mixed,moderately acidic to neutral,weak chemical, , , , , , , , , , 
4283,0150099,moderately well drained,eolian, , , , ,morainal,skeletal,mixed,weakly calcareous,weak chemical, , , , , 
4284,0150100,well drained,residual,skeletal,schist,moderately acidic to neutral,weak chemical, , , , , , , , , , 
4285,0150101,well drained,morainal,coarse loamy and coarse silty,mixed,moderately acidic to neutral,weak chemical, , , , , , , , , , 
4286,0150102, ,morainal, , , , , , , , , , , , , , 
4287,0150103,rapidly drained,colluvial,skeletal,quartzite,extremely to strongly acidic,moderate chemical, , , , , , , , ,58, 
4288,0150104,imperfectly drained,morainal,coarse loamy and coarse silty,coarse acid,moderately acidic to neutral,moderate chemical, , , , , , , , ,60, 
4289,0150105,well drained,morainal,skeletal,mixed,moderately to very strongly calcareous,weak chemical, , , , , , , , , , 
4290,0150106,moderately well drained,glacial,fine loamy and fine silty, , , , , , , , , , , , , 
4291,0150107,moderately well drained,morainal,skeletal,igneous,moderately acidic to neutral,moderately chemical, , , , , , , , , , 
4292,0150108,well drained,eolian, ,mixed,moderately acidic to neutral,weak chemical, , , , , ,mor, , , , 
4293,0150109,imperfectly drained,glaciolacustrine,fine loamy and fine silty, ,moderately to very strongly calcareous,chemical and physical, , , , , ,mor, , , , 
4294,0150110,well drained,lacustrine,clayey,mixed,moderately acidic to neutral,weak chemical,morainal till,coarse loamy and coarse silty,mixed,moderately acidic to neutral,weak chemical,mor, , , , 
4295,0150111,well drained,glacio-fluvial,skeletal,mixed,moderately acidic to neutral,weak chemical, , , , , ,mor, , , , 
4296,0150112,very poorly drained,organic, ,forest peat, ,weak chemical,fluvial,skeletal,mixed, ,weak chemical,mull, , , , 
4297,0150113,moderately well drained,eolian,fine loamy and fine silty,mixed,moderately acidic to neutral,weak chemical,morainal,skeletal,mixed,weakly calcareous,weak chemical,mor, , , , 
4298,0150114,rapidly drained,glacio-fluvial,skeletal,mixed,moderately acidic to neutral,weak chemical, , , , , ,mor, , , , 
4299,0150115,well drained,eolian,coarse loamy and coarse silty,mixed,moderately acidic to neutral,weak chemical,morainal,skeletal,mixed,moderately acidic to neutral,unspecified,mor, , , , 
4300,0150116,moderately well drained,eolian,coarse loamy and coarse silty,mixed,moderately acidic to neutral,weak chemical,morainal,skeletal,mixed,moderately acidic to neutral,unspecified,mor, , , , 
4301,0150117,moderately well drained,eolian,coarse loamy and coarse silty,mixed,moderately acidic to neutral,weak chemical,morainal,skeletal,mixed,moderately acidic to neutral,unspecified,mor, , , , 
4302,0150118,rapidly drained,fluvio-eolian,coarse loamy and coarse silty,mixed,moderately acidic to neutral,unspecified,fluvial,skeletal,mixed,moderately acidic to neutral,unspecified,mor, , , , 
4303,0150119,well drained,glacio-fluvial,skeletal,mixed,moderately acidic to neutral,weak chemical, , , , , ,mor, , , , 
4304,0150120,well drained,glacio-fluvial,skeletal,mixed,moderately acidic to neutral,unspecified, , , , , ,mor, , , , 
4305,0150121,moderately well drained,eolian,fine loamy and fine silty,ash,moderately acidic to neutral,unspecified,eolian,coarse loamy and coarse silty,mixed,moderately acidic to neutral,weak chemical,mor, , , , 
4306,0150122,imperfectly drained,eolian,coarse loamy and coarse silty,ash,moderately acidic to neutral,unspecified, , , , , ,moder, , , , 
4307,0150123,well drained,eolian,coarse loamy and coarse silty,ash,moderately acidic to neutral,unspecified,eolian,coarse loamy and coarse silty,mixed,moderately acidic to neutral,weak chemical,mor, , , , 
4308,0150124,moderately well drained,eolian,coarse loamy and coarse silty,ash,moderately acidic to neutral,unspecified,eolian,fine loamy and fine silty,mixed,moderately acidic to neutral,weak chemical,mor, , , , 
4309,0150125,rapidly drained,eolian,fine loamy and fine silty,ash,moderately acidic to neutral,unspecified,eolian,coarse loamy and coarse silty,mixed,moderately acidic to neutral,weak chemical,mor, , , , 
4310,0150126,rapidly drained,eolian,fine loamy and fine silty,ash,moderately acidic to neutral,unspecified,eolian,fine loamy and fine silty,mixed,moderately acidic to neutral,weak chemical,mor, , , , 
4311,0150127, ,eolian,fine loamy and fine silty,ash,moderately acidic to neutral,unspecified, , , , , ,mor, , , , 
4312,0150128,well drained,eolian,coarse loamy and coarse silty,mixed,moderately acidic to neutral,weak chemical,eolian,fine loamy and fine silty,ash,moderately acidic to neutral,unspecified,mor, , , , 
4313,0150129,imperfectly drained,morainal,fine loamy and fine silty,mixed,weakly calcareous,weak chemical, , , , , ,moder, , , , 
4314,0150130,moderately well drained,morainal,fine loamy and fine silty,mixed,moderately acidic to neutral,weak chemical, , , , , ,mor, , , , 
4315,0150131,moderately well drained,glaciolacustrine,fine loamy and fine silty,mixed,moderately acidic to neutral,weak chemical, , , , , ,mor, , , , 
4316,0150132,moderately well drained,morainal,coarse loamy and coarse silty,mixed,moderately acidic to neutral,weak chemical, , , , , ,mor, , , , 
4317,0150133,imperfectly drained,glaciolacustrine,fine loamy and fine silty,mixed,moderately acidic to neutral,weak chemical, , , , , ,mor, , , , 
4318,0150134,moderately well drained,eolian,fine loamy and fine silty,ash,moderately acidic to neutral,weak chemical,morainal,fine loamy and fine silty, ,moderately acidic to neutral,weak chemical,mor, , , , 
4319,0150135,well drained,eolian,fine loamy and fine silty,ash,moderately acidic to neutral,unspecified,glacio-fluvial,sandy,mixed,moderately acidic to neutral,unspecified,mor, , , , 
4320,0150136,imperfectly drained,eolian,fine loamy and fine silty,ash,moderately acidic to neutral,unspecified,glacio-lacustrine,clayey,mixed,moderately acidic to neutral,weak chemical,mor, , , , 
4321,0150137,imperfectly drained,eolian,fine loamy and fine silty,ash,moderately acidic to neutral,unspecified,glacio-lacustrine,clayey,mixed,moderately acidic to neutral,weak chemical,mor, , ,55, 
4322,0150138,imperfectly drained,morainal,skeletal,mixed,moderately acidic to neutral,weak chemical,glacio-lacustrine,fine loamy and fine silty, ,moderately acidic to neutral,weak chemical,mor, , , , 
4323,0150139,well drained,glacio-fluvial,coarse loamy and coarse silty,mixed,moderately acidic to neutral,weak chemical, , , , , ,mor, , , , 
4324,0150140,well drained,glacio-fluvial,coarse loamy and coarse silty,mixed,moderately acidic to neutral,weak chemical,morainal,fine loamy and fine silty, ,moderately acidic to neutral,unspecified,moder, , , , 
4325,0150141,moderately well drained,eolian, ,ash,moderately acidic to neutral,weak chemical,glacio-fluvial,coarse loamy and coarse silty,mixed,moderately acidic to neutral,weak chemical, , , , , 
4326,0150142,rapidly drained,eolian,coarse loamy and coarse silty,mixed,moderately acidic to neutral,weak chemical,eolian,coarse loamy and coarse silty,mixed,moderately acidic to neutral,weak chemical,mor, , , , 
4327,0150143,well drained,eolian,coarse loamy and coarse silty,ash,moderately acidic to neutral,unspecified,eolian,fine loamy and fine silty,mixed,moderately acidic to neutral,weak chemical,mor, , , , 
4328,0150144,imperfectly drained,fluvial,coarse loamy and coarse silty,mixed,moderately acidic to neutral,weak chemical, , , , , ,mor, , , , 
4329,0150145,moderately well drained,eolian,coarse loamy and coarse silty,mixed,moderately acidic to neutral,weak chemical,glacio-fluvial,coarse loamy and coarse silty,mixed,moderately acidic to neutral,weak chemical,moder, , , , 
4330,0150146,moderately well drained,eolian,coarse loamy and coarse silty,ash,moderately acidic to neutral,weak chemical,eolian,coarse loamy and coarse silty,mixed,moderately acidic to neutral,weak chemical,moder, , , , 
4331,0150147,imperfectly drained,eolian,fine loamy and fine silty,ash,moderately acidic to neutral,unspecified,glacio-fluvial,skeletal,mixed,moderately acidic to neutral,weak chemical,mor, , , , 
4332,0150148,moderately well drained,morainal,skeletal,mixed, ,weak chemical, , , , , , , , , , 
4333,0150149,moderately well drained,morainal,skeletal,mixed,moderately acidic to neutral,weak chemical, , , , , , , , , , 
4334,0150150,moderately well drained,morainal,skeletal,mixed, ,weak chemical, , , , , , , , , , 
4335,0150151,well drained,eolian,fine loamy and fine silty,mixed,medium acid,weak chemical,glacio-fluvial,skeletal,mixed,moderately acidic to neutral,weak chemical, , , , , 
4336,0150152,very rapidly drained,glacio-fluvial,sandy,mixed,moderately acidic to neutral,weak chemical, , , , , , , , , , 
4337,0150153,imperfectly drained,morainal,skeletal,mixed, ,weak chemical, , , , , , , , , , 
4338,0150154,moderately well drained,morainal,skeletal,mixed, ,weak chemical, , , , , , , , , , 
4339,0150155,well drained,glacio-fluvial,skeletal,mixed, ,weak chemical, , , , , , , , , , 
4340,0150156,well drained,glacio-fluvial,skeletal,mixed, ,weak chemical, , , , , , , , , , 
4341,0150157,rapidly drained,glacio-fluvial,skeletal,mixed,moderately acidic to neutral,weak chemical, , , , , , , , , , 
4342,0150158,rapidly drained,glacio-fluvial,skeletal,mixed,moderately acidic to neutral,weak chemical, , , , , , , , , , 
4343,0150159,well drained,glacio-fluvial,skeletal,mixed, ,weak chemical, , , , , , , , , , 
4344,0150160,imperfectly drained,eolian,coarse loamy and coarse silty,ash,moderately acidic to neutral,weak chemical,morainal,skeletal,mixed,moderately calcitic, , , , , , 
4345,0150161,moderately well drained,morainal,skeletal,mixed, ,weak chemical, , , , , , , , , , 
4346,0150162,rapidly drained,glacio-fluvial,skeletal, ,moderately acidic to neutral,weak chemical, , , , , , , , , , 
4347,0150163,very rapidly drained,glacio-fluvial,skeletal,mixed,moderately acidic to neutral,weak chemical, , , , , , , , , , 
4348,0150164,rapidly drained,glacio-fluvial,sandy,mixed,moderately acidic to neutral,weak chemical, , , , , , , , , , 
4349,0150165,imperfectly drained,morainal,skeletal,mixed,moderately acidic to neutral,weak chemical, , , , , , , , , , 
4350,0150166,very poorly drained,morainal,fine loamy and fine silty,mixed,undifferentiated,weak chemical, , , , , , , , , , 
4351,0150167,imperfectly drained,morainal,fine loamy and fine silty,mixed, ,weak chemical, , , , , , , , , , 
4352,0150168,moderately well drained,eolian,fine loamy and fine silty,mixed, ,weak chemical,morainal,fragmental,mixed, , , , , , , 
4353,0150169,rapidly drained,fluvial,sandy,mixed, ,weak chemical, , , , , , , , , , 
4354,0150170,moderately well drained,eolian,coarse loamy and coarse silty,ash,moderately acidic to neutral,unspecified,morainal,skeletal, ,moderately to very strongly calcareous,weak chemical, , , , , 
4355,0150171,well drained,eolian,fine loamy and fine silty,ash, ,weak chemical,glacio-fluvial,sandy,mixed, ,weak chemical, , , , , 
4356,0150172,moderately well drained,fluvial,coarse loamy and coarse silty,mixed,weakly calcareous,weak chemical, , , , , , , , , , 
4357,0150173,moderately well drained,lacustrine,fine loamy and fine silty,mixed,weakly calcareous,weak chemical,eolian,fine loamy and fine silty,mixed,weakly calcareous,weak chemical, , , , , 
4358,0150174,imperfectly drained,eolian,coarse loamy and coarse silty,ash,moderately acidic to neutral,unspecified,morainal,skeletal, ,moderately acidic to neutral,weak chemical, , , , , 
4359,0150175,moderately well drained,eolian,fine loamy and fine silty,ash, ,weak chemical,morainal,skeletal,mixed, ,weak chemical, , , , , 
4360,0150176,well drained,glacio-fluvial, , , , , , , , , , , , , , 
4361,0150179,well drained,eolian, , , , , , , , , , , , , , 
4362,0210002,imperfectly drained,morainal,coarse loamy and coarse silty,mixed,extremely to strongly acidic,chemical and physical, , , , , , , , , , 
4363,0210007,well drained,morainal,coarse loamy and coarse silty, ,extremely to strongly acidic,chemical and physical, , , , , , , , , , 
4364,0210008,well drained,morainal,coarse loamy and coarse silty, ,extremely to strongly acidic,chemical and physical, , , , , , , , , , 
4365,0210009,rapidly drained,glacio-fluvial, , , ,chemical and physical, , , , , , , , , , 
4366,0210010,well drained,morainal,coarse loamy and coarse silty, ,extremely to strongly acidic,chemical and physical, , , , , , , , , , 
4367,0210011,well drained,morainal,coarse loamy and coarse silty, ,extremely to strongly acidic,chemical and physical, , , , , , , , , , 
4368,0210013,well drained,morainal,coarse loamy and coarse silty, ,extremely to strongly acidic,chemical and physical, , , , , , , , , , 
4369,0210014,well drained,morainal,coarse loamy and coarse silty, ,extremely to strongly acidic,chemical and physical, , , , , , , , , , 
4370,0210015,well drained,morainal, , ,extremely to strongly acidic,chemical and physical, , , , , , , , , , 
4371,0210017,moderately well drained,morainal,coarse loamy and coarse silty, , ,chemical and physical, , , , , , , , , , 
4372,0210018,moderately well drained,morainal,coarse loamy and coarse silty, ,extremely to strongly acidic,chemical and physical, , , , , , , , , , 
4373,0210019,moderately well drained,morainal,coarse loamy and coarse silty, ,extremely to strongly acidic,chemical and physical, , , , , , , , , , 
4374,0210020,well drained,morainal,coarse loamy and coarse silty, ,extremely to strongly acidic,chemical and physical, , , , , , , , , , 
4375,0210021,well drained,morainal,coarse loamy and coarse silty, ,extremely to strongly acidic,chemical and physical, , , , , , , , , , 
4376,0210022,well drained,morainal,coarse loamy and coarse silty, ,extremely to strongly acidic,chemical and physical, , , , , , , , , , 
4377,0210023,moderately well drained,morainal,coarse loamy and coarse silty, ,extremely to strongly acidic,chemical and physical, , , , , , , , , , 
4378,0210024,well drained,morainal,coarse loamy and coarse silty, ,extremely to strongly acidic,chemical and physical, , , , , , , , , , 
4379,0210025,well drained,morainal,coarse loamy and coarse silty, ,extremely to strongly acidic,chemical and physical, , , , , , , , , , 
4380,0210026,moderately well drained,morainal,coarse loamy and coarse silty, ,extremely to strongly acidic,chemical and physical, , , , , , , , , , 
4381,0210027,well drained,morainal,coarse loamy and coarse silty, ,extremely to strongly acidic,chemical and physical, , , , , , , , , , 
4382,0210028,well drained,morainal,coarse loamy and coarse silty, ,extremely to strongly acidic,chemical and physical, , , , , , , , , , 
4383,0210029,well drained,morainal,coarse loamy and coarse silty, ,extremely to strongly acidic,chemical and physical, , , , , , , , , , 
4384,0210030,well drained,morainal,coarse loamy and coarse silty, ,extremely to strongly acidic,chemical and physical, , , , , , , , , , 
4385,0210031,moderately well drained,glacio-fluvial, , , ,chemical and physical, , , , , , , , , , 
4386,0210032,well drained,morainal,coarse loamy and coarse silty, ,extremely to strongly acidic,chemical and physical, , , , , , , , , , 
4387,0210033,imperfectly drained,morainal,coarse loamy and coarse silty, ,extremely to strongly acidic,chemical and physical, , , , , , , , , , 
4388,0210034,well drained,morainal,coarse loamy and coarse silty, ,extremely to strongly acidic,chemical and physical, , , , , , , , , , 
4389,0210035,well drained,morainal,coarse loamy and coarse silty, ,extremely to strongly acidic,chemical and physical, , , , , , , , , , 
4390,0210036, ,glacio-fluvial,sandy,mixed,extremely to strongly acidic,chemical and physical, , , , , , , , , , 
4391,0210037,well drained,glacio-fluvial,skeletal,mixed,extremely to strongly acidic,chemical and physical, , , , , , , , , , 
4392,0210038,rapidly drained,glacio-fluvial,sandy, ,extremely to strongly acidic,chemical and physical, , , , , , , , , , 
4393,0210039,well drained,morainal,coarse loamy and coarse silty, ,extremely to strongly acidic,chemical and physical, , , , , , , , , , 
4394,0210040,moderately well drained,morainal,coarse loamy and coarse silty, ,extremely to strongly acidic,chemical and physical, , , , , , , , , , 
4395,0210041,well drained,morainal,coarse loamy and coarse silty, ,extremely to strongly acidic,chemical and physical, , , , , , , , , , 
4396,0210042,well drained,morainal,coarse loamy and coarse silty, ,extremely to strongly acidic,chemical and physical, , , , , , , , , , 
4397,0210043,well drained,morainal,coarse loamy and coarse silty, ,extremely to strongly acidic,chemical and physical, , , , , , , , , , 
4398,0210047,well drained,morainal,coarse loamy and coarse silty,sandstone,extremely to strongly acidic,chemical and physical, , , , , , , , , , 
4399,0210048,well drained,morainal,coarse loamy and coarse silty, ,extremely to strongly acidic,chemical and physical, , , , , , , , , , 
4400,0210049,moderately well drained,morainal,coarse loamy and coarse silty, ,extremely to strongly acidic,chemical and physical, , , , , , , , , , 
4401,0210050,well drained,morainal,coarse loamy and coarse silty, ,extremely to strongly acidic,chemical and physical, , , , , , , , , , 
4402,0210051,imperfectly drained,glacio-fluvial, , ,extremely to strongly acidic,chemical and physical, , , , , , , , , , 
4403,0210054,well drained,morainal,coarse loamy and coarse silty, ,extremely to strongly acidic,chemical and physical, , , , , , , , , , 
4404,0210056,well drained,morainal,coarse loamy and coarse silty, ,extremely to strongly acidic,chemical and physical, , , , , , , , , , 
4405,0210057,well drained,morainal,coarse loamy and coarse silty, ,extremely to strongly acidic,chemical and physical, , , , , , , , , , 
4406,0210058,well drained,morainal,coarse loamy and coarse silty, ,extremely to strongly acidic,chemical and physical, , , , , , , , , , 
4407,0210059,well drained,morainal,coarse loamy and coarse silty, ,extremely to strongly acidic,chemical and physical, , , , , , , , , , 
4408,0210060,rapidly drained,glacio-fluvial,coarse loamy and coarse silty, ,extremely to strongly acidic,chemical and physical, , , , , , , , , , 
4409,0210061,well drained,morainal,coarse loamy and coarse silty, ,extremely to strongly acidic,chemical and physical, , , , , , , , , , 
4410,0210062,well drained,morainal,coarse loamy and coarse silty, ,extremely to strongly acidic,chemical and physical, , , , , , , , , , 
4411,0210063,well drained,morainal,coarse loamy and coarse silty, ,extremely to strongly acidic,chemical and physical, , , , , , , , , , 
4412,0210064,moderately well drained,morainal, , ,extremely to strongly acidic,moderate chemical, , , , , , , , , , 
4413,0210065,well drained,morainal,coarse loamy and coarse silty, ,extremely to strongly acidic,chemical and physical, , , , , , , , , , 
4414,0210066,well drained, ,coarse loamy and coarse silty, ,extremely to strongly acidic,chemical and physical, , , , , , , , , , 
4415,0210067,rapidly drained,glacio-fluvial,coarse loamy and coarse silty, ,extremely to strongly acidic,chemical and physical, , , , , , , , , , 
4416,0210068,rapidly drained, ,coarse loamy and coarse silty, ,extremely to strongly acidic,chemical and physical, , , , , , , , , , 
4417,0210069,well drained,glaciomarine,coarse loamy and coarse silty, ,extremely to strongly acidic,chemical and physical, , , , , , , , , , 
4418,0210070,well drained, ,coarse loamy and coarse silty, ,extremely to strongly acidic,chemical and physical, , , , , , , , , , 
4419,0210072,well drained,morainal,coarse loamy and coarse silty, ,extremely to strongly acidic,chemical and physical, , , , , , , , , , 
4420,0210074,well drained,morainal, , ,extremely to strongly acidic,chemical and physical, , , , , , , , , , 
4421,0210075,well drained,morainal,coarse loamy and coarse silty, ,extremely to strongly acidic,chemical and physical, , , , , , , , , , 
4422,0210076,well drained,morainal,coarse loamy and coarse silty, ,extremely to strongly acidic,chemical and physical, , , , , , , , , , 
4423,0210077,well drained,morainal,coarse loamy and coarse silty, ,extremely to strongly acidic,chemical and physical, , , , , , , , , , 
4424,0210078,rapidly drained,glacio-fluvial, , , ,chemical and physical, , , , , , , , , , 
4425,0210079,well drained,morainal,coarse loamy and coarse silty, ,extremely to strongly acidic,chemical and physical, , , , , , , , , , 
4426,0210080,well drained,morainal,coarse loamy and coarse silty, ,extremely to strongly acidic,chemical and physical, , , , , , , , , , 
4427,0210084,well drained,morainal, , ,extremely to strongly acidic,chemical and physical, , , , , , , , , , 
4428,0210085,well drained,morainal,coarse loamy and coarse silty, ,extremely to strongly acidic,chemical and physical, , , , , , , , , , 
4429,0210086,well drained,morainal, , ,extremely to strongly acidic,chemical and physical, , , , , , , , , , 
4430,0210088,well drained,morainal,fragmental/skeletal,sandstone,extremely to strongly acidic,chemical and physical, , , , , , , , , , 
4431,0210089,well drained,morainal,coarse loamy and coarse silty,mixed,extremely to strongly acidic,chemical and physical, , , , , , , , , , 
4432,0210092,well drained,morainal,coarse loamy and coarse silty, ,extremely to strongly acidic,chemical and physical, , , , , , , , , , 
4433,0210094, ,morainal,coarse loamy and coarse silty, ,extremely to strongly acidic,chemical and physical, , , , , , , , , , 
4434,0210095,moderately well drained,morainal,coarse loamy and coarse silty, ,extremely to strongly acidic,chemical and physical, , , , , , , , , , 
4435,0210096,well drained,morainal,coarse loamy and coarse silty,mixed,extremely to strongly acidic,chemical and physical, , , , , , , , , , 
4436,0210097,well drained,morainal,coarse loamy and coarse silty,mixed,extremely to strongly acidic,chemical and physical, , , , , , , , , , 
4437,0210098,well drained,morainal,coarse loamy and coarse silty,mixed,extremely to strongly acidic,chemical and physical, , , , , , , , , , 
4438,0210099,well drained,morainal,coarse loamy and coarse silty,mixed,extremely to strongly acidic,chemical and physical, , , , , , , , , , 
4439,0210100,well drained,morainal,coarse loamy and coarse silty,mixed,extremely to strongly acidic,chemical and physical, , , , , , , , , , 
4440,0210101,well drained,morainal,coarse loamy and coarse silty, ,extremely to strongly acidic,chemical and physical, , , , , , , , , , 
4441,0210102,well drained,morainal,coarse loamy and coarse silty, ,extremely to strongly acidic,chemical and physical, , , , , , , , , , 
4442,0210103,moderately well drained,morainal, , ,extremely to strongly acidic,chemical and physical, , , , , , , , , , 
4443,0210104,well drained,morainal, , ,extremely to strongly acidic,chemical and physical, , , , , , , , , , 
4444,0210105,well drained,morainal,coarse loamy and coarse silty, ,extremely to strongly acidic,chemical and physical, , , , , , , , , , 
4445,0210106,well drained,morainal,coarse loamy and coarse silty, ,extremely to strongly acidic,chemical and physical, , , , , , , , , , 
4446,0210107,well drained,morainal,coarse loamy and coarse silty, ,extremely to strongly acidic,chemical and physical, , , , , , , , , , 
4447,0210108,well drained,morainal,coarse loamy and coarse silty, ,extremely to strongly acidic,chemical and physical, , , , , , , , , , 
4448,0210109,well drained,morainal,coarse loamy and coarse silty, ,extremely to strongly acidic,chemical and physical, , , , , , , , , , 
4449,0210111,moderately well drained,morainal,coarse loamy and coarse silty, ,extremely to strongly acidic,chemical and physical, , , , , , , , , , 
4450,0210112,well drained,morainal, , ,extremely to strongly acidic,chemical and physical, , , , , , , , , , 
4451,0210113,well drained,morainal,coarse loamy and coarse silty, ,extremely to strongly acidic,chemical and physical, , , , , , , , , , 
4452,0210114,well drained,morainal, , ,extremely to strongly acidic,chemical and physical, , , , , , , , , , 
4453,0210115,well drained,morainal,coarse loamy and coarse silty, ,extremely to strongly acidic,chemical and physical, , , , , , , , , , 
4454,0210116,well drained,morainal,coarse loamy and coarse silty, ,extremely to strongly acidic,chemical and physical, , , , , , , , , , 
4455,0210117,well drained,morainal,coarse loamy and coarse silty, ,extremely to strongly acidic,chemical and physical, , , , , , , , , , 
4456,0210119,imperfectly drained,morainal,coarse loamy and coarse silty, ,extremely to strongly acidic,chemical and physical, , , , , , , , , , 
4457,0210122,well drained,morainal,coarse loamy and coarse silty, ,extremely to strongly acidic,chemical and physical, , , , , , , , , , 
4458,0210124,moderately well drained,glacio-fluvial,sandy, ,moderately acidic to neutral,chemical and physical, , , , , , , , , , 
4459,0210126,well drained,morainal,coarse loamy and coarse silty, ,extremely to strongly acidic,chemical and physical, , , , , , , , , , 
4460,0210127,well drained,morainal, , ,extremely to strongly acidic,chemical and physical, , , , , , , , , , 
4461,0210128,well drained,morainal,coarse loamy and coarse silty, ,extremely to strongly acidic,chemical and physical, , , , , , , , , , 
4462,0210130,moderately well drained,morainal,coarse loamy and coarse silty, ,extremely to strongly acidic,chemical and physical, , , , , , , , , , 
4463,0210131,well drained,glaciomarine,coarse loamy and coarse silty, ,extremely to strongly acidic,chemical and physical, , , , , , , , , , 
4464,0210132,moderately well drained,glacio-fluvial, , , ,chemical and physical, , , , , , , , , , 
4465,0210133,moderately well drained,glacio-fluvial, , , ,chemical and physical, , , , , , , , , , 
4466,0210135,well drained,morainal, , ,extremely to strongly acidic,chemical and physical, , , , , , , , , , 
4467,0210136,well drained,morainal,coarse loamy and coarse silty, ,extremely to strongly acidic,chemical and physical, , , , , , , , , , 
4468,0210137,imperfectly drained,glaciomarine,sandy, ,extremely to strongly acidic,chemical and physical, , , , , , , , , , 
4469,0290001,well drained,fluvial,coarse loamy and coarse silty; fragmental , , , , , , , , , , , , , 
4470,0290002,well drained,colluvial,coarse loamy and coarse silty, , , , , , , , , , , , , 
4471,0290003,well drained,marine,undifferentiated, , , , , , , , , , , , , 
4472,0290004,poorly drained,marine,fine loamy and fine silty,sandstone, , , , , , , , , , , , 
4473,0290005,moderately well drained,organic,mesic,organic material, , , , , , , , , , , , 
4474,0290006,well drained,colluvial,coarse loamy and coarse silty,sedimentary, , , , , , , , , , , , 
4475,0290007,well drained,organic,mesic,organic material, , , , , , , , , , , , 
4476,0290008,imperfectly drained,colluvial,fine loamy and fine silty,shale, , , , , , , , , , , , 
4477,0290009,well drained,marine/morainal,fine loamy and fine silty,sedimentary, , , , , , , , , , , , 
4478,0290010,well drained,marine,sandy,sandstone, , , , , , , , , , , , 
4479,0290011,well drained,morainal,fine loamy and fine silty,sedimentary,moderately acidic to neutral, , , , , , , , , , , 
4480,0290012,well drained,fluvial,fine loamy and fine silty,mixed, , , , , , , , , , , , 
4481,0290014,well drained,marine modified,fine loamy and fine silty,sedimentary, , , , , , , , , , , , 
4482,0290015,well drained,morainal,coarse loamy and coarse silty,sedimentary, , , , , , , , , , , , 
4483,0290016,well drained,marine,fine loamy and fine silty, , , , , , , , , , , , , 
4484,0290017,well drained,organic,mesic, , , , , , , , , , , , , 
4485,0290018,poorly drained,marine,clayey, , , , , , , , , , , , , 
4486,0290020,well drained,marine,fine loamy and fine silty,sedimentary, , , , , , , , , , , , 
4487,0290021,very poorly drained,fluvial,coarse loamy and coarse silty,mixed, , , , , , , , , , , , 
4488,0290022,well drained,marine,fine loamy and fine silty,sandstone, , , , , , , , , , , , 
4489,0290023,well drained,colluvial,fragmental,sandstone, , , , , , , , , , , , 
4490,0290024,well drained,residual,coarse loamy and coarse silty,sedimentary, , , , , , , , , , , , 
4491,0290025,well drained,marine,coarse loamy and coarse silty,sandstone, , , , , , , , , , , , 
4492,0290026,well drained,morainal,coarse loamy and coarse silty,mixed, , , , , , , , , , , , 
4493,0290027,well drained,fluvial,coarse loamy and coarse silty,mixed, , , , , , , , , , , , 
4494,0300001,well drained,glacial till, ,red till, , , , , , , , , , , , 
4495,0300002,well drained,alluvial, ,sandy, , , , , , , , , , , , 
4496,0300003,well drained,glacial outwash fluvial, ,sandy, , , , , , , , , , , , 
4497,0300004,well drained,glacial outwash fluvial, ,sandy, , , , , , , , , , , , 
4498,0300005,moderately well drained,morainal till, ,glacial till, , , , , , , , , , , , 
4499,0300006,moderately well drained,glacial till, ,glacial till, , , , , , , , , , , , 
4500,0300007,well drained,alluvial, ,silty, , , , , , , , , , , , 
4501,0300008,moderately well drained,morainal till, ,morainal till, , , , , , , , , , , , 
4502,0300009,well drained,alluvial, ,sandy, , , , , , , , , , , , 
4503,0300010,well drained,glacial till, ,sandy, , , , , , , , , , , , 
4504,0300011,moderately well drained,glacial till, ,washed acid till, , , , , , , , , , , , 
4505,0300012,moderately well drained,morainal till, ,acid till, , , , , , , , , , , , 
4506,0300013,moderately well drained,morainal till, ,washed acid till, , , , , , , , , , , , 
4507,0300014,well drained,glacial till, ,sandy, , , , , , , , , , , , 
4508,0300015,well drained,glacial till, ,calcareous till, , , , , , , , , , , , 
4509,0300016,well drained,glacial till, ,acid till, , , , , , , , , , , , 
4510,0300017,moderately well drained,organic, ,mesic moss fen peat, , , , , , , , , , , , 
4511,0300018,moderately well drained,glacial till, ,red till, , , , , , , , , , , , 
4512,0300019,moderately well drained,alluvial, ,mixed sedge moss peat, , , , , , , , , , , , 
4513,0300020,well drained,glacial till, ,calcareous till, , , , , , , , , , , , 
4514,0300022,moderately well drained,morainal till, ,till, , , , , , , , , , , , 
4515,0300024,imperfectly drained,marine, ,silty clay, , , , , , , , , , , , 
4516,0300025,well drained,glacial till, ,till, , , , , , , , , , , , 
4517,0300026,well drained,glacial till, ,till, , , , , , , , , , , , 
4518,0300027,moderately well drained,marine, ,marine, , , , , , , , , , , , 
4519,0310001,well drained,morainal,undifferentiated, , , , , , , , , , , , , 
4520,0310002,well drained,organic,moss organics, , , , , , , , , , , , , 
4521,0310003,well drained,organic,moss organics, , , , , , , , , , , , , 
4522,0310004,well drained,morainal,coarse loamy and coarse silty, , , , , , , , , , , , , 
4523,0310005,imperfectly drained,organic,organic, , , , , , , , , , , , , 
4524,0310006,well drained,morainal,coarse loamy and coarse silty, , , , , , , , , , , , , 
4525,0400001,well drained,eolian,coarse loamy and coarse silty, , , ,morainal till,coarse loamy and coarse silty, , , ,terrestrial, , , , 
4526,0400002,well drained,eolian,coarse loamy and coarse silty, , , ,morainal till,coarse loamy and coarse silty, , , ,terrestrial, , , , 
4527,0400003,well drained,fluvial,fine loamy and fine silty, , , , , , , , ,terrestrial, , , , 
4528,0410001,moderately well drained,glaciolacustrine,fine loamy and fine silty, , , , , , , , , , , , , 
4529,0420001,moderately well drained,morainal till,coarse loamy and coarse silty, , , ,morainal till,clayey, , , , , , , , 
4530,0420002,rapidly drained,morainal till,fine loamy and fine silty, , , , , , , , , , , , , 
4531,0420003,well drained,lacustrine,clayey, , , , , , , , , , , , , 
4532,0420004, ,morainal till,coarse loamy and coarse silty, , , ,morainal till,fine loamy and fine silty, , , , , , , , 
4533,0420005,rapidly drained,morainal till,fine loamy and fine silty, , , ,residual,fine loamy and fine silty,sedimentary - sandstone, , , , , ,63, 
4534,0430001,imperfectly drained,lacustrine, , , , ,morainal till, , , , , , , , , 
4535,0430002,imperfectly drained,morainal till, , , , , , , , , , , , , , 
4536,0430003,imperfectly drained,morainal till, , , , , , , , , , , , , , 
4537,0430004,moderately well drained,glacio-fluvial, , , , ,glacio-lacustrine, , , , , , , , , 
4538,0430005,imperfectly drained,morainal till, , , , , , , , , , , , , , 
4539,0430006,well drained,morainal till, , , , , , , , , , , , , , 
4540,0430007,moderately well drained,glaciolacustrine, , , , ,morainal till, , , , , , , , , 
4541,0430008,well drained,morainal till, , , , , , , , , , , , , , 
4542,0430009,well drained,morainal till, , , , , , , , , , , , , , 
4543,0430010,well drained,morainal till, , , , , , , , , , , , , , 
4544,0430011,moderately well drained,glaciolacustrine, , , , , , , , , , , , , , 
4545,0430012,well drained,morainal till, , , , , , , , , , , , , , 
4546,0430013,well drained,morainal till, , , , , , , , , , , , , , 
4547,0430014,moderately well drained,glaciolacustrine, , , , ,morainal till, , , , , , , , , 
4548,0430015,moderately well drained,morainal till, , , , , , , , , , , , , , 
4549,0430016,well drained,morainal till, , , , , , , , , , , , , , 
4550,0430017,rapidly drained,glacio-fluvial, , , , , , , , , , , , , , 
4551,0430018,well drained,morainal till, , , , ,bedrock, , , , , , , ,95, 
4552,0430019,well drained,glaciolacustrine, , , , ,morainal till, , , , , , , , , 
4553,0430020,moderately well drained,fluvial, , , , , , , , , , , , , , 
4554,0430021,rapidly drained,glacio-fluvial, , , , ,morainal till, , , , , , , , , 
4555,0430022,imperfectly drained,morainal till, , , , , , , , , , , , , , 
4556,0430023,well drained,morainal till, , , , , , , , , , , , , , 
4557,0430024,well drained,glaciolacustrine, , , , ,morainal till, , , , , , , , , 
4558,0430025,well drained,glaciolacustrine, , , , ,morainal till, , , , , , , , , 
4559,0430026,well drained,morainal till, , , , , , , , , , , , , , 
4560,0430027,rapidly drained,glacio-fluvial, , , , , , , , , , , , , , 
4561,0430028,moderately well drained,glaciolacustrine, , , , , , , , , , , , , , 
4562,0430029,well drained,glacio-fluvial, , , , , , , , , , , , , , 
4563,0430030,well drained,glaciolacustrine, , , , ,morainal till, , , , , , , , , 
4564,0430031,well drained,glaciolacustrine, , , , , , , , , , , , , , 
4565,0430032,well drained,glaciolacustrine, , , , , , , , , , , , , , 
4566,0430033,well drained,morainal till, , , , , , , , , , , , , , 
4567,0430034,well drained,glaciolacustrine, , , , ,morainal till, , , , , , , , , 
4568,0430035,well drained,eolian, , , , , , , , , , , , , , 
4569,0430036,well drained,morainal till, , , , , , , , , , , , , , 
4570,0430037,well drained,morainal till, , , , , , , , , , , , , , 
4571,0430038,well drained,glaciolacustrine, , , , ,glacio-fluvial, , , , , , , , , 
4572,0430039,imperfectly drained,fluvial, , , , , , , , , , , , , , 
4573,0430040,imperfectly drained,glaciolacustrine, , , , , , , , , , , , , , 
4574,0430041,moderately well drained,glaciolacustrine, , , , ,morainal till, , , , , , , , , 
4575,0430042,moderately well drained,glaciolacustrine, , , , ,morainal till, , , , , , , , , 
4576,0430043,well drained,glaciolacustrine, , , , ,morainal till, , , , , , , , , 
4577,0430044,moderately well drained,glaciofluvial (stratified), , , , , , , , , , , , , , 
4578,0430045,imperfectly drained,glaciolacustrine, , , , , , , , , , , , , , 
4579,0430046,moderately well drained,glaciolacustrine, , , , , , , , , , , , , , 
4580,0430047,moderately well drained,glaciolacustrine, , , , ,morainal till, , , , , , , , , 
4581,0430048,moderately well drained,glaciolacustrine, , , , , , , , , , , , , , 
4582,0440001,well drained,fluvial,fine loamy and fine silty, , , , , , , , ,terrestrial, , , , 
4583,0440002,well drained,fluvial,fine loamy and fine silty, , , , , , , , , , , , , 
4584,0440003,well drained,morainal till,fine loamy and fine silty, , , , , , , , ,terrestrial, , , , 
4585,0440004,well drained,morainal till,fine loamy and fine silty, , , , , , , , ,terrestrial, , , , 
4586,0440005,well drained,fluvial,fine loamy and fine silty, , , ,morainal till,clayey, , , ,terrestrial, , , , 
4587,0440006,well drained,morainal till,clayey, , , ,morainal till,clayey, , , , , , , , 
4588,0440007,moderately well drained,fluvial,fine loamy and fine silty, , , ,fluvial,skeletal, , , , , , , , 
4589,0440008,moderately well drained,fluvial,fine loamy and fine silty, , , ,fluvial,skeletal, , , , , , , , 
4590,0460001,very poorly drained,morainal till,coarse loamy and coarse silty, , , , , , , , ,hydromorphic, , , , 
4591,0460002,well drained,glacio-fluvial,sandy, , , , , , , , ,terrestrial, , , , 
4592,0460003,poorly drained,fluvial,coarse loamy and coarse silty, , , , , , , , ,terrestrial, , , , 
4593,0460004,rapidly drained,eolian,sandy, , , , , , , , ,terrestrial, , , , 
4594,0460005,moderately well drained,glacio-fluvial,coarse loamy and coarse silty, , , , , , , , ,terrestrial, , , , 
4595,0460006,rapidly drained,glacio-fluvial,sandy, , , , , , , , , , , , , 
4596,0460007,well drained,morainal till,sandy, , , , ,fine loamy and fine silty, , , ,terrestrial, , , , 
4597,0460008,well drained,glacio-fluvial,coarse loamy and coarse silty, , , , , , , , ,terrestrial, , , , 
4598,0460009,well drained,fluvial,fine loamy and fine silty, , , , , , , , ,terrestrial, , , , 
4599,0460010,well drained,glacio-fluvial,sandy, , , ,glacio-fluvial,coarse loamy and coarse silty, , , , , , , , 
4600,0460011,very rapidly drained,eolian,sandy, , , , , , , , ,terrestrial, , , , 
4601,0460012,poorly drained,morainal till,fine loamy and fine silty, , , , , , , , ,hydromorphic, , , , 
4602,0460013,moderately well drained,morainal till,fine loamy and fine silty, , , , ,clayey, , , ,terrestrial, , , , 
4603,0460014,very poorly drained,organic, ,sphagnum peat, , , , , , , , , , , , 
4604,0470001,rapidly drained,glacio-fluvial,sandy, , , , , , , , ,terrestrial, , , , 
4605,0470002,poorly drained,organic, ,sphagnum peat, , , , , , , , , , , , 
4606,0470003,very poorly drained,organic, ,fen peat, , , , , , , , , , , , 
4607,0470004,well drained,morainal till,fine loamy and fine silty, , , , , , , , ,terrestrial, , , , 
4608,0470005,poorly drained,morainal till,coarse loamy and coarse silty, , , , , , , , ,hydromorphic, , , , 
4609,0470006,well drained,glacio-fluvial,coarse loamy and coarse silty, , , ,morainal till,fine loamy and fine silty, , , ,terrestrial, , , , 
4610,0470007,very poorly drained,morainal till,fine loamy and fine silty, , , , , , , , ,hydromorphic, , , , 
4611,0470008,very rapidly drained,glacio-fluvial,sandy, , , ,morainal till,fine loamy and fine silty, , , ,terrestrial, , , , 
4612,0470009,imperfectly drained,glacio-fluvial,sandy, , , , , , , , ,terrestrial, , , , 
4613,0470010,moderately well drained,morainal till,fine loamy and fine silty, , , , , , , , ,terrestrial, , , , 
4614,0480001,well drained,morainal till,fine loamy and fine silty, , , , , , , , ,terrestrial, , , , 
4615,0480002,well drained,glacio-fluvial,sandy, , , ,morainal till,fine loamy and fine silty, , , ,terrestrial, , , , 
4616,0480003,well drained,glacio-fluvial,coarse loamy and coarse silty, , , ,morainal till,fine loamy and fine silty, , , ,terrestrial, , , , 
4617,0480004,imperfectly drained,morainal till,coarse loamy and coarse silty, , , , , , , , ,terrestrial, , , , 
4618,0480005,poorly drained,organic, ,fen peat, , , , , , , , , , , , 
4619,0480006,very poorly drained,organic, ,fen peat, , ,morainal till,fine loamy and fine silty, , , , , , , , 
4620,0480007,very poorly drained,organic, ,sphagnum peat, , ,morainal till,sandy, , , , , , , , 
4621,0480008,very poorly drained,glacio-fluvial,sandy, , , ,morainal till,coarse loamy and coarse silty, , , ,hydromorphic, , , , 
4622,0480009,rapidly drained,glacio-fluvial,sandy, , , , , , , , ,terrestrial, , , , 
4623,0480010,very rapidly drained,organic, ,sphagnum peat, , , , , , , , , , , , 
4624,0490001,very poorly drained,organic,stratified - mineral and organic,fen peat,weakly calcareous,unspecified,morainal till,sandy, ,weakly calcareous,weak chemical, , , , , 
4625,0490002,rapidly drained,fluvial,skeletal,mixed, ,unspecified, , , , , , , , , , 
4626,0490003, ,eolian,coarse loamy and coarse silty,undifferentiated,moderately to very strongly calcareous,unspecified, , , , , , , , , , 
4627,0490004,rapidly drained,eolian,coarse loamy and coarse silty,undifferentiated,moderately to very strongly calcareous,chemical and physical, , , , , , , , , , 
4628,0490005,very poorly drained,organic, ,fen peat,weakly calcareous, ,fluvio-lacustrine,fine loamy and fine silty, ,moderately to very strongly calcareous,unspecified, , , , , 
4629,0490006,moderately well drained,eolian,coarse loamy and coarse silty,sedimentary - siltstone and mudstone,extremely to strongly acidic,chemical and physical,morainal till,skeletal,sedimentary - shale,extremely to strongly acidic,weak chemical, , , , , 
4630,0490007,moderately well drained,eolian,coarse loamy and coarse silty,sedimentary - siltstone and mudstone,undifferentiated,moderate chemical,morainal till,skeletal, ,extremely to strongly acidic,moderate chemical, , , , , 
4631,0490008,well drained,fluvial,coarse loamy and coarse silty,undifferentiated,extremely calcareous,unspecified, , , , , , , , , , 
4632,0490009,rapidly drained,eolian,coarse loamy and coarse silty,sedimentary - siltstone and mudstone,undifferentiated,unspecified,colluvial,skeletal,sedimentary - limestone,extremely calcareous,unspecified, , , , , 
4633,0490010,rapidly drained,colluvial,fragmental,sedimentary - siltstone and mudstone,extremely calcareous,shattered, , , , , , , , , , 
4634,0490011,rapidly drained,colluvial,coarse loamy and coarse silty,sedimentary - shale,extremely to strongly acidic,shattered, , , , , , , , , , 
4635,0490012,poorly drained,fluvio-lacustrine,fine loamy and fine silty,undifferentiated,undifferentiated, , , , , , , , , , , 
4636,0490013,rapidly drained,colluvial,skeletal,metamorphic - quartzite,extremely to strongly acidic,moderate chemical, , , , , , , , , , 
4637,0490014,very poorly drained,fluvio-lacustrine,fine loamy and fine silty,sedimentary - siltstone and mudstone,extremely calcareous,unspecified, , , , , , , , , , 
4638,0490015,very poorly drained,organic, ,fen peat,extremely to strongly acidic, ,fluvio-lacustrine,clayey, ,moderately acidic to neutral, , , , , , 
4639,0490016,rapidly drained,glacio-fluvial,coarse loamy and coarse silty,metamorphic - quartzite,extremely to strongly acidic,moderate chemical, , , , , , , , , , 
4640,0490017,imperfectly drained,morainal till,coarse loamy and coarse silty,sedimentary - unspecified type,moderately acidic to neutral,weak chemical, , , , , , , , , , 
4641,0490018,rapidly drained,colluvial,coarse loamy and coarse silty,sedimentary - unspecified type,extremely to strongly acidic,weak chemical,morainal till,coarse loamy and coarse silty,sedimentary - unspecified type,moderately acidic to neutral,weak chemical, , , , , 
4642,0490019,poorly drained,fluvial,coarse loamy and coarse silty,sedimentary - unspecified type,extremely calcareous,weak chemical, , , , , , , , , , 
4643,0490020,well drained,eolian,coarse loamy and coarse silty,sedimentary - unspecified type,undifferentiated,weak chemical,morainal till,coarse loamy and coarse silty, ,extremely to strongly acidic,weak chemical, , , , , 
4644,0490021,rapidly drained,morainal till,coarse loamy and coarse silty,sedimentary - unspecified type,extremely to strongly acidic,weak chemical, , , , , , , , , , 
4645,0490022,very poorly drained,organic,stratified - mineral and organic,fen peat, ,moderate chemical,fluvio-lacustrine,fine loamy and fine silty, ,extremely to strongly acidic, ,hydromorphic, , , , 
4646,0490023,well drained,morainal till,coarse loamy and coarse silty,sedimentary - shale,extremely calcareous,chemical and physical, , , , , ,terrestrial, , , , 
4647,0490024,rapidly drained,fluvial,coarse loamy and coarse silty,sedimentary - siltstone and mudstone,extremely calcareous,unspecified, , , , , ,terrestrial, , , , 
4648,0490025,rapidly drained,fluvial,sandy,metamorphic - quartzite,extremely to strongly acidic,moderate chemical,colluvial,skeletal,metamorphic - slate,extremely to strongly acidic,weak chemical, , , , , 
4649,0490026,poorly drained,fluvio-lacustrine,fine loamy and fine silty,sedimentary - siltstone and mudstone,weakly calcareous,unspecified,fluvial,coarse loamy and coarse silty,sedimentary - siltstone and mudstone,moderately to very strongly calcareous,unspecified, , , , , 
4650,0490027,rapidly drained,colluvial,coarse loamy and coarse silty,sedimentary - unspecified type,moderately to very strongly calcareous,shattered, , , , , , , , , , 
4651,0500001,poorly drained, , , , , , , , , , , , , , , 
4652,0500002,poorly drained, , , , , , , , , , , , , , , 
4653,0500003,moderately well drained, , , , , , , , , , , , , , , 
4654,0500004,poorly drained, , , , , , , , , , , , , , , 
4655,0500006,well drained, , , , , , , , , , , , , , , 
4656,0500007,well drained, , , , , , , , , , , , , , , 
4657,0500008,well drained, , , , , , , , , , , , , , , 
4658,0500009,very poorly drained, , , , , , , , , , , , , , , 
4659,0500010,moderately well drained, , , , , , , , , , , , , , , 
4660,0500012,well drained, , , , , , , , , , , , , , , 
4661,0500013,well drained, , , , , , , , , , , , , , , 
4662,0500014,moderately well drained, , , , , , , , , , ,terrestrial, , , , 
4663,0500015,moderately well drained, , , , , , , , , , ,terrestrial, , , , 
4664,0500017,well drained, , , , , , , , , , ,terrestrial, , , , 
4665,0500018,well drained, , , , , , , , , , ,terrestrial, , , , 
4666,0500019,well drained, , , , , , , , , , ,terrestrial, , , , 
4667,0500020,imperfectly drained, , , , , , , , , , ,terrestrial, , , , 
4668,0500021,moderately well drained, , , , , , , , , , ,terrestrial, , , , 
4669,0500022,imperfectly drained, , , , , , , , , , ,terrestrial, , , , 
4670,0500023,moderately well drained, , , , , , , , , , ,terrestrial, , , , 
4671,0500024,imperfectly drained, , , , , , , , , , ,terrestrial, , , , 
4672,0500062,very poorly drained, , , , , , , , , , , , , , , 
4673,0500084,poorly drained, , , , , , , , , , ,terrestrial, , , , 
4674,0500085,very poorly drained, , , , , , , , , , , , , , , 
4675,0500086,poorly drained, , , , , , , , , , ,terrestrial, , , , 
4676,0500087,imperfectly drained, , , , , , , , , , ,terrestrial, , , , 
4677,0500090,moderately well drained, , , , , , , , , , ,terrestrial, , , , 
4678,0500091,poorly drained, , , , , , , , , , ,hydromorphic, , , , 
4679,0500092,very poorly drained, , , , , , , , , , , , , , , 
4680,0500093,poorly drained, , , , , , , , , , , , , , , 
4681,0500094,poorly drained, , , , , , , , , , , , , , , 
4682,0500095,poorly drained, , , , , , , , , , ,terrestrial, , , , 
4683,0500096,very poorly drained, , , , , , , , , , , , , , , 
4684,0500097,imperfectly drained, , , , , , , , , , ,terrestrial, , , , 
4685,0500098,well drained, , , , , , , , , , ,terrestrial, , , , 
4686,0500099,poorly drained, , , , , , , , , , ,hydromorphic, , , , 
4687,0500100,rapidly drained, , , , , , , , , , , , , , , 
4688,0500101,poorly drained, , , , , , , , , , , , , , , 
4689,0500102,well drained, , , , , , , , , , ,terrestrial, , , , 
4690,0500103,very poorly drained, , , , , , , , , , , , , , , 
4691,0500104,poorly drained, , , , , , , , , , , , , , , 
4692,0500105,very poorly drained, , , , , , , , , , , , , , , 
4693,0500106,well drained, , , , , , , , , , ,terrestrial, , , , 
4694,0500107,poorly drained, , , , , , , , , , , , , , , 
4695,0500108,poorly drained, , , , , , , , , , ,hydromorphic, , , , 
4696,0500109,poorly drained, , , , , , , , , , ,hydromorphic, , , , 
4697,0500110,imperfectly drained, , , , , , , , , , ,terrestrial, , , , 
4698,0500111,poorly drained, , , , , , , , , , ,hydromorphic, , , , 
4699,0500112,imperfectly drained, , , , , , , , , , , , , , , 
4700,0500113,poorly drained, , , , , , , , , , ,hydromorphic, , , , 
4701,0500114,well drained, , , , , , , , , , ,terrestrial, , , , 
4702,0500115,poorly drained, , , , , , , , , , , , , , , 
4703,0500116,well drained, , , , , , , , , , ,terrestrial, , , , 
4704,0500117,poorly drained, , , , , , , , , , , , , , , 
4705,0500118,well drained, , , , , , , , , , ,terrestrial, , , , 
4706,0500119,poorly drained, , , , , , , , , , , , , , , 
4707,0500120,well drained, , , , , , , , , , ,terrestrial, , , , 
4708,0500121,moderately well drained, , , , , , , , , , ,terrestrial, , , , 
4709,0500122,well drained, , , , , , , , , , ,terrestrial, , , , 
4710,0500123,very poorly drained, , , , , , , , , , , , , , , 
4711,0500124,well drained, , , , , , , , , , ,terrestrial, , , , 
4712,0500125,well drained, , , , , , , , , , ,terrestrial, , , , 
4713,0500126,very poorly drained, , , , , , , , , , , , , , , 
4714,0500127,poorly drained, , , , , , , , , , ,hydromorphic, , , , 
4715,0500128,well drained, , , , , , , , , , ,terrestrial, , , , 
4716,0500129,poorly drained, , , , , , , , , , , , , , , 
4717,0500130,well drained, , , , , , , , , , ,terrestrial, , , , 
4718,0500131,well drained, , , , , , , , , , ,terrestrial, , , , 
4719,0500132,very poorly drained, , , , , , , , , , , , , , , 
4720,0500133,well drained, , , , , , , , , , ,terrestrial, , , , 
4721,0500134,poorly drained, , , , , , , , , , ,hydromorphic, , , , 
4722,0500135,well drained, , , , , , , , , , ,terrestrial, , , , 
4723,0500136,very poorly drained, , , , , , , , , , , , , , , 
4724,0500137,well drained, , , , , , , , , , ,terrestrial, , , , 
4725,0500138,poorly drained, , , , , , , , , , , , , , , 
4726,0500139,very poorly drained, , , , , , , , , , , , , , , 
4727,0500140,well drained, , , , , , , , , , ,terrestrial, , , , 
4728,0500141,moderately well drained, , , , , , , , , , ,hydromorphic, , , , 
4729,0500142,poorly drained, , , , , , , , , , , , , , , 
4730,0500143,well drained, , , , , , , , , , ,terrestrial, , , , 
4731,0500144,moderately well drained, , , , , , , , , , ,terrestrial, , , , 
4732,0500145,poorly drained, , , , , , , , , , ,hydromorphic, , , , 
4733,0500146,well drained, , , , , , , , , , ,terrestrial, , , , 
4734,0500147,moderately well drained, , , , , , , , , , ,hydromorphic, , , , 
4735,0500148,very poorly drained, , , , , , , , , , , , , , , 
4736,0500149,poorly drained, , , , , , , , , , ,hydromorphic, , , , 
4737,0500150,poorly drained, , , , , , , , , , ,hydromorphic, , , , 
4738,0500151,well drained, , , , , , , , , , ,terrestrial, , , , 
4739,0500152,poorly drained, , , , , , , , , , ,hydromorphic, , , , 
4740,0500153,well drained, , , , , , , , , , ,terrestrial, , , , 
4741,0500154,very poorly drained, , , , , , , , , , , , , , , 
4742,0500155,very poorly drained, , , , , , , , , , ,hydromorphic, , , , 
4743,0500156,poorly drained, , , , , , , , , , , , , , , 
4744,0500157,poorly drained, , , , , , , , , , ,hydromorphic, , , , 
4745,0500158,rapidly drained, , , , , , , , , , ,terrestrial, , , , 
4746,0500159,rapidly drained, , , , , , , , , , ,terrestrial, , , , 
4747,0500160,poorly drained, , , , , , , , , , ,hydromorphic, , , , 
4748,0500161,poorly drained, , , , , , , , , , , , , , , 
4749,0500162,very poorly drained, , , , , , , , , , , , , , , 
4750,0500163,poorly drained, , , , , , , , , , , , , , , 
4751,0500164,very poorly drained, , , , , , , , , , , , , , , 
4752,0500165,moderately well drained, , , , , , , , , , ,terrestrial, , , , 
4753,0500166,poorly drained, , , , , , , , , , , , , , , 
4754,0500167,very poorly drained, , , , , , , , , , , , , , , 
4755,0500168,poorly drained, , , , , , , , , , , , , , , 
4756,0500169,well drained, , , , , , , , , , ,terrestrial, , , , 
4757,0500170,very poorly drained, , , , , , , , , , , , , , , 
4758,0500171,poorly drained, , , , , , , , , , , , , , , 
4759,0500172,poorly drained, , , , , , , , , , , , , , , 
4760,0500247,poorly drained, , , , , , , , , , , , , , , 
4761,0500248,very poorly drained, , , , , , , , , , , , , , , 
4762,0500249,poorly drained, , , , , , , , , , ,hydromorphic, , , , 
4763,0500250,moderately well drained, , , , , , , , , , ,terrestrial, , , , 
4764,0500251,poorly drained, , , , , , , , , , , , , , , 
4765,0500252,well drained, , , , , , , , , , ,terrestrial, , , , 
4766,0500253,moderately well drained, , , , , , , , , , ,terrestrial, , , , 
4767,0500254,poorly drained, , , , , , , , , , ,hydromorphic, , , , 
4768,0500255,well drained, , , , , , , , , , ,terrestrial, , , , 
4769,0500256,well drained, , , , , , , , , , ,terrestrial, , , , 
4770,0500257,very poorly drained, , , , , , , , , , , , , , , 
4771,0500258,well drained, , , , , , , , , , ,terrestrial, , , , 
4772,0500259,very rapidly drained, , , , , , , , , , , , , , , 
4773,0500260,very poorly drained, , , , , , , , , , , , , , , 
4774,0500261,well drained, , , , , , , , , , ,terrestrial, , , , 
4775,0500262,well drained, , , , , , , , , , ,terrestrial, , , , 
4776,0500263,very poorly drained, , , , , , , , , , , , , , , 
4777,0500264,poorly drained, , , , , , , , , , , , , , , 
4778,0500265,rapidly drained, , , , , , , , , , ,terrestrial, , , , 
4779,0500266,very poorly drained, , , , , , , , , , , , , , , 
4780,0500267,very poorly drained, , , , , , , , , , , , , , , 
4781,0500268,well drained, , , , , , , , , , ,terrestrial, , , , 
4782,0500269,poorly drained, , , , , , , , , , ,terrestrial, , , , 
4783,0500270,very poorly drained, , , , , , , , , , ,hydromorphic, , , , 
4784,0500271,well drained, , , , , , , , , , ,terrestrial, , , , 
4785,0500272,well drained, , , , , , , , , , ,terrestrial, , , , 
4786,0500273,imperfectly drained, , , , , , , , , , ,terrestrial, , , , 
4787,0500274,very poorly drained, , , , , , , , , , , , , , , 
4788,0500275,poorly drained, , , , , , , , , , , , , , , 
4789,0500276,very poorly drained, , , , , , , , , , , , , , , 
4790,0500277,poorly drained, , , , , , , , , , , , , , , 
4791,0500278,poorly drained, , , , , , , , , , ,hydromorphic, , , , 
4792,0500279,very poorly drained, , , , , , , , , , ,hydromorphic, , , , 
4793,0500280,very poorly drained, , , , , , , , , , , , , , , 
4794,0500281,well drained, , , , , , , , , , ,terrestrial, , , , 
4795,0500282,very poorly drained, , , , , , , , , , , , , , , 
4796,0500283,very poorly drained, , , , , , , , , , , , , , , 
4797,0500284,poorly drained, , , , , , , , , , , , , , , 
4798,0500285,poorly drained, , , , , , , , , , ,terrestrial, , , , 
4799,0500286,poorly drained, , , , , , , , , , ,terrestrial, , , , 
4800,0500287,well drained, , , , , , , , , , ,terrestrial, , , , 
4801,0500288,poorly drained, , , , , , , , , , , , , , , 
4802,0500289,imperfectly drained, , , , , , , , , , ,terrestrial, , , , 
4803,0500290,well drained, , , , , , , , , , ,terrestrial, , , , 
4804,0500291,well drained, , , , , , , , , , ,terrestrial, , , , 
4805,0500292,very poorly drained, , , , , , , , , , , , , , , 
4806,0500293,poorly drained, , , , , , , , , , , , , , , 
4807,0500294,well drained, , , , , , , , , , ,terrestrial, , , , 
4808,0500295,well drained, , , , , , , , , , ,terrestrial, , , , 
4809,0500296,very rapidly drained, , , , , , , , , , ,terrestrial, , ,21, 
4810,0500299,well drained, , , , , , , , , , ,terrestrial, , , , 
4811,0500304,well drained, , , , , , , , , , ,terrestrial, , , , 
4812,0500305,very poorly drained, , , , , , , , , , , , , , , 
4813,0500307,well drained, , , , , , , , , , ,terrestrial, , , , 
4814,0500308,rapidly drained, , , , , , , , , , ,terrestrial, , , , 
4815,0500309,well drained, , , , , , , , , , ,terrestrial, , , , 
4816,0500310,very poorly drained, , , , , , , , , , ,hydromorphic, , , , 
4817,0500345,poorly drained, , , , , , , , , , ,hydromorphic, , , , 
4818,0500351,well drained, , , , , , , , , , ,terrestrial, , , , 
4819,0500352,rapidly drained, , , , , , , , , , ,terrestrial, , , , 
4820,0500353,well drained,glaciolacustrine, , , , ,fluvial, , , , ,terrestrial, , , , 
4821,0500354,well drained,glaciolacustrine, , , , , , , , , ,terrestrial, , , , 
4822,0500355,well drained,glaciolacustrine, , , , ,morainal till, , , , ,terrestrial, , , , 
4823,0500358,moderately well drained,glaciolacustrine, , , , , , , , , ,terrestrial, , , , 
4824,0500360,moderately well drained,lacustrine, , , , , , , , , ,terrestrial, , , , 
4825,0500362,moderately well drained, , , , , , , , , , ,terrestrial, , , , 
4826,0500364,moderately well drained,glaciolacustrine, , , , , , , , , ,terrestrial, , , , 
4827,0500365,moderately well drained,glaciolacustrine, , , , , , , , , ,terrestrial, , , , 
4828,0500367,well drained, , , , , , , , , , ,terrestrial, , , , 
4829,0500369,moderately well drained,glaciolacustrine, , , , ,glacio-lacustrine, , , , ,terrestrial, , , , 
4830,0500370,well drained, , , , , , , , , , ,terrestrial, , , , 
4831,0500371, ,glacio-fluvial, , , , , , , , , ,terrestrial, , , , 
4832,0500372,moderately well drained, , , , , , , , , , ,terrestrial, , , , 
4833,0500373,well drained,morainal till, , , , , , , , , ,terrestrial, , , , 
4834,0500374,well drained,glaciolacustrine, , , , ,morainal till, , , , ,terrestrial, , , , 
4835,0500375,well drained,morainal till, , , , , , , , , ,terrestrial, , , , 
4836,0500376,rapidly drained,glaciolacustrine, , , , , , , , , ,terrestrial, , , , 
4837,0500379,very poorly drained,lacustrine, , , , , , , , , ,terrestrial, , , , 
4838,0500380,rapidly drained,glacio-fluvial, , , , , , , , , ,terrestrial, , , , 
4839,0500381,moderately well drained,morainal till, , , , , , , , , ,terrestrial, , , , 
4840,0500382,well drained,morainal till, , , , , , , , , ,terrestrial, , , , 
4841,0500383,well drained,morainal till, , , , , , , , , ,terrestrial, , , , 
4842,0500384,well drained,morainal till, , , , , , , , , ,terrestrial, , , , 
4843,0500390,rapidly drained,morainal till, , , , , , , , , ,terrestrial, , , , 
4844,0500392,poorly drained,morainal till, , , , , , , , , ,terrestrial, , , , 
4845,0500393,moderately well drained, , , , , , , , , , ,terrestrial, , , , 
4846,0500395,well drained,glaciolacustrine, , , , , , , , , ,terrestrial, , , , 
4847,0500402,moderately well drained,morainal till, , , , , , , , , ,terrestrial, , , , 
4848,0500403,well drained,morainal till, , , , , , , , , ,terrestrial, , , , 
4849,0500404,moderately well drained,morainal till, , , , , , , , , ,terrestrial, , , , 
4850,0500406,moderately well drained,glacio-fluvial, , , , , , , , , ,terrestrial, , , , 
4851,0500407,moderately well drained,glacio-fluvial, , , , , , , , , ,terrestrial, , , , 
4852,0500408,moderately well drained,fluvio-lacustrine, , , , ,fluvial, , , , ,terrestrial, , , , 
4853,0500409,imperfectly drained,morainal till, , , , , , , , , ,terrestrial, , , , 
4854,0500410,moderately well drained,morainal till, , , , , , , , , ,terrestrial, , , , 
4855,0500412,imperfectly drained,glaciolacustrine, , , , , , , , , ,terrestrial, , , , 
4856,0500413,well drained,morainal till, , , , , , , , , ,terrestrial, , , , 
4857,0500414,moderately well drained,morainal till, , , , , , , , , ,terrestrial, , , , 
4858,0500415,moderately well drained,glaciolacustrine, , , , , , , , , ,terrestrial, , , , 
4859,0500416,moderately well drained,morainal till, , , , , , , , , ,terrestrial, , , , 
4860,0500417,rapidly drained,colluvial, , , , , , , , , ,terrestrial, , , , 
4861,0500419,well drained,eolian, , , , ,morainal till, , , , ,terrestrial, , , , 
4862,0500420,moderately well drained,morainal till, , , , , , , , , ,terrestrial, , , , 
4863,0500421,moderately well drained,colluvial, , , , , , , , , ,terrestrial, , , , 
4864,0500422,well drained, , , , , , , , , , ,terrestrial, , , , 
4865,0500423,poorly drained, , , , , , , , , , ,hydromorphic, , , , 
4866,0500424,well drained,morainal till, , , , , , , , , ,terrestrial, , , , 
4867,0500425,well drained,morainal till, , , , , , , , , ,terrestrial, , , , 
4868,0500426,rapidly drained,colluvial, , , , , , , , , ,terrestrial, , , , 
4869,0500428,moderately well drained, , , , , , , , , , ,terrestrial, , , , 
4870,0500429,moderately well drained,fluvial, , , , , , , , , ,terrestrial, , , , 
4871,0500430,imperfectly drained,glaciolacustrine, , , , , , , , , ,terrestrial, , , , 
4872,0500431,moderately well drained,glacio-fluvial, , , , , , , , , ,terrestrial, , , , 
4873,0500433,well drained,eolian, , , , ,glacio-fluvial, , , , ,terrestrial, , , , 
4874,0500434,moderately well drained,fluvial, , , , ,glacio-fluvial, , , , ,terrestrial, , , , 
4875,0500435,rapidly drained,colluvial, , , , , , , , , ,terrestrial, , , , 
4876,0500436,moderately well drained,fluvial, , , , , , , , , ,terrestrial, , , , 
4877,0500438,moderately well drained,eolian, , , , ,morainal till, , , , ,terrestrial, , , , 
4878,0500439,moderately well drained,eolian, , , , ,morainal till, , , , ,terrestrial, , , , 
4879,0500440,well drained,eolian, , , , , , , , , ,terrestrial, , , , 
4880,0500441,moderately well drained,morainal till, , , , , , , , , ,terrestrial, , , , 
4881,0500442,well drained,colluvial, , , , , , , , , ,terrestrial, , , , 
4882,0500443,moderately well drained,glaciolacustrine, , , , , , , , , ,terrestrial, , , , 
4883,0500444,moderately well drained,glaciolacustrine, , , , , , , , , ,terrestrial, , , , 
4884,0500445,moderately well drained,glacio-fluvial, , , , , , , , , ,terrestrial, , , , 
4885,0500446,well drained,colluvial, , , , , , , , , ,terrestrial, , , , 
4886,0500447,well drained,morainal till, , , , , , , , , ,terrestrial, , , , 
4887,0500448,moderately well drained,morainal till, , , , , , , , , ,terrestrial, , , , 
4888,0500449,well drained,morainal till, , , , , , , , , ,terrestrial, , , , 
4889,0500451,moderately well drained,morainal till, , , , , , , , , ,terrestrial, , , , 
4890,0500452,well drained,morainal till, , , , , , , , , ,terrestrial, , , , 
4891,0500453,moderately well drained,morainal till, , , , , , , , , ,terrestrial, , , , 
4892,0500457,well drained,morainal till, , , , , , , , , ,terrestrial, , , , 
4893,0500459,well drained,morainal till, , , , , , , , , ,terrestrial, , , , 
4894,0500462,imperfectly drained,morainal till, , , , , , , , , ,terrestrial, , , , 
4895,0500464,well drained,morainal till, , , , , , , , , ,terrestrial, , , , 
4896,0500465,moderately well drained, , , , , , , , , , ,terrestrial, , , , 
4897,0500466,moderately well drained,glaciolacustrine, , , , , , , , , ,terrestrial, , , , 
4898,0500467,imperfectly drained, , , , , , , , , , ,terrestrial, , , , 
4899,0500469,moderately well drained,eolian, , , , ,morainal till, , , , ,terrestrial, , , , 
4900,0500470,moderately well drained,eolian, , , , ,morainal till, , , , ,terrestrial, , , , 
4901,0500471,rapidly drained,glacio-fluvial, , , , , , , , , ,terrestrial, , , , 
4902,0500472,rapidly drained,glacio-fluvial, , , , , , , , , ,terrestrial, , , , 
4903,0500473,rapidly drained,glacio-fluvial, , , , , , , , , ,terrestrial, , , , 
4904,0500474,rapidly drained,glacio-fluvial, , , , , , , , , ,terrestrial, , , , 
4905,0500475,rapidly drained,glacio-fluvial, , , , , , , , , ,terrestrial, , , , 
4906,0500476,very poorly drained,organic, , , , ,glacio-fluvial, , , , , , , , , 
4907,0500477,very poorly drained,organic, , , , ,organic, , , , , , , , , 
4908,0500478,very poorly drained,organic, , , , , , , , , , , , , , 
4909,0500479,rapidly drained,eolian, , , , ,eolian, , , , ,terrestrial, , , , 
4910,0500480,very poorly drained,fluvial, , , , ,fluvial, , , , ,terrestrial, , , , 
4911,0500481,very poorly drained,organic, , , , ,organic, , , , , , , , , 
4912,0500482,rapidly drained,eolian, , , , ,eolian, , , , ,terrestrial, , , , 
4913,0500483,well drained,glacio-fluvial, , , , , , , , , ,terrestrial, , , , 
4914,0500484,rapidly drained,glacio-fluvial, , , , , , , , , ,terrestrial, , , , 
4915,0500485,rapidly drained,fluvio-eolian, , , , ,fluvio-eolian, , , , ,terrestrial, , , , 
4916,0500486,rapidly drained,fluvio-eolian, , , , ,fluvio-eolian, , , , ,terrestrial, , , , 
4917,0500487,very poorly drained,organic, , , , ,organic, , , , , , , , , 
4918,0500488,rapidly drained,eolian, , , , ,eolian, , , , ,terrestrial, , , , 
4919,0500489,very poorly drained,organic, , , , ,organic, , , , , , , , , 
4920,0500490,rapidly drained,fluvio-eolian, , , , ,fluvio-eolian, , , , ,terrestrial, , , , 
4921,0500491,rapidly drained,glacio-fluvial, , , , , , , , , ,terrestrial, , , , 
4922,0500492,rapidly drained,glacio-fluvial, , , , , , , , , ,terrestrial, , , , 
4923,0500493,rapidly drained,glacio-fluvial, , , , , , , , , ,terrestrial, , , , 
4924,0500494,rapidly drained,glacio-fluvial, , , , , , , , , ,terrestrial, , , , 
4925,0500495,poorly drained,organic, , , , ,organic, , , , ,hydromorphic, , , , 
4926,0500496,rapidly drained,glacio-fluvial, , , , , , , , , ,terrestrial, , , , 
4927,0500497,very poorly drained,organic, , , , ,glacio-lacustrine, , , , , , , , , 
4928,0500498,very poorly drained,organic, , , , ,organic, , , , , , , , , 
4929,0500499,rapidly drained,fluvio-eolian, , , , ,fluvio-eolian, , , , ,terrestrial, , , , 
4930,0500500,rapidly drained,fluvio-eolian, , , , ,fluvio-eolian, , , , ,terrestrial, , , , 
4931,0500501,very poorly drained,organic, , , , ,organic, , , , , , , , , 
4932,0500502,rapidly drained,glacio-fluvial, , , , ,glacio-fluvial, , , , ,terrestrial, , , , 
4933,0500503,very poorly drained,organic, , , , ,organic, , , , ,terrestrial, , , , 
4934,0500504,rapidly drained,glaciolacustrine, , , , , , , , , ,terrestrial, , , , 
4935,0500505,very poorly drained,organic, , , , ,organic, , , , , , , , , 
4936,0500506,moderately well drained,fluvial, , , , ,fluvial, , , , ,terrestrial, , , , 
4937,0500507,moderately well drained,fluvial, , , , ,fluvial, , , , ,terrestrial, , , , 
4938,0500508,well drained,glacio-fluvial, , , , ,glacio-fluvial, , , , ,terrestrial, , , , 
4939,0500509,moderately well drained,glaciolacustrine, , , , ,morainal till, , , , ,terrestrial, , , , 
4940,0500510,moderately well drained,eolian, , , , , , , , , ,terrestrial, , , , 
4941,0500511,well drained,morainal till, , , , , , , , , ,terrestrial, , , , 
4942,0500512,imperfectly drained,morainal till, , , , , , , , , ,terrestrial, , , , 
4943,0500513,rapidly drained,residual, , , , ,unconsolidated bedrock, , , , ,terrestrial, , ,66, 
4944,0500514,rapidly drained,colluvial, , , , , , , , , ,terrestrial, , , , 
4945,0500515,moderately well drained,fluvial, , , , ,fluvial, , , , ,terrestrial, , , , 
4946,0500516,rapidly drained,fluvial, , , , ,fluvial, , , , ,terrestrial, , , , 
4947,0500519,well drained,colluvial, , , , ,unconsolidated bedrock, , , , ,terrestrial, , , , 
4948,0500520,well drained,morainal till, , , , , , , , , ,terrestrial, , , , 
4949,0500522,rapidly drained,fluvial, , , , ,fluvial, , , , ,terrestrial, , , , 
4950,0500523,rapidly drained,fluvial, , , , ,fluvial, , , , ,terrestrial, , , , 
4951,0500524,very poorly drained,organic, , , , , , , , , , , , , , 
4952,0500525,very rapidly drained,colluvial, , , , ,colluvial, , , , ,terrestrial, , , , 
4953,0500526,well drained,fluvial, , , , ,fluvial, , , , ,terrestrial, , , , 
4954,0500527,rapidly drained,colluvial, , , , , , , , , ,terrestrial, , , , 
4955,0500528,imperfectly drained,fluvial, , , , ,fluvial, , , , ,terrestrial, , , , 
4956,0500529,very rapidly drained,fluvial, , , , ,fluvial, , , , ,terrestrial, , , , 
4957,0500530,very poorly drained,organic, , , , ,fluvial, , , , ,hydromorphic, , , , 
4958,0500531,poorly drained,fluvio-lacustrine, , , , ,fluvio-lacustrine, , , , ,terrestrial, , , , 
4959,0500532,very poorly drained,organic, , , , ,fluvial, , , , ,terrestrial, , , , 
4960,0500533,poorly drained,fluvial, , , , ,fluvial, , , , ,terrestrial, , , , 
4961,0500534,very poorly drained,organic, , , , ,fluvial, , , , ,hydromorphic, , , , 
4962,0500535,rapidly drained,fluvial, , , , ,fluvial, , , , ,terrestrial, , , , 
4963,0500536,well drained,glaciolacustrine, , , , , , , , , ,terrestrial, , , , 
4964,0500537,rapidly drained,colluvial, , , , , , , , , ,terrestrial, , , , 
4965,0500538,well drained,colluvial, , , , ,unconsolidated bedrock, , , , ,terrestrial, , , , 
4966,0500539,rapidly drained,fluvial, , , , ,fluvial, , , , ,terrestrial, , , , 
4967,0500540,well drained,fluvial, , , , ,fluvial, , , , ,terrestrial, , , , 
4968,0500541,very rapidly drained,fluvial, , , , , , , , , ,terrestrial, , , , 
4969,0500542,well drained,eolian, , , , ,fluvial, , , , ,terrestrial, , , , 
4970,0500543,rapidly drained,eolian, , , , ,unconsolidated bedrock, , , , ,terrestrial, , ,200, 
4971,0500544,well drained,eolian, , , , ,colluvial, , , , ,terrestrial, , , , 
4972,0500545,very rapidly drained,residual, , , , ,unconsolidated bedrock, , , , ,terrestrial, , ,21, 
4973,0500546,very rapidly drained,residual, , , , ,unconsolidated bedrock, , , , , , , ,37, 
4974,0500547,rapidly drained,fluvial, , , , ,fluvial, , , , ,terrestrial, , , , 
4975,0500548,imperfectly drained,lacustrine, , , , ,lacustrine, , , , ,terrestrial, , , , 
4976,0500549,imperfectly drained,glaciolacustrine, , , , , , , , , ,hydromorphic, , , , 
4977,0500550,very poorly drained,organic, , , , ,glacio-lacustrine, , , , , , , , , 
4978,0500551,very poorly drained,organic, , , , ,glacio-lacustrine, , , , , , , , , 
4979,0500552,poorly drained,glaciolacustrine, , , , ,morainal till, , , , ,terrestrial, , , , 
4980,0500553,very poorly drained,organic, , , , ,glacio-lacustrine, , , , , , , , , 
4981,0500554,well drained,glaciolacustrine, , , , ,morainal till, , , , ,terrestrial, , , , 
4982,0500555,moderately well drained,morainal till, , , , , , , , , ,terrestrial, , , , 
4983,0500556,poorly drained,organic, , , , ,glacio-lacustrine, , , , ,hydromorphic, , , , 
4984,0500557,poorly drained,glaciolacustrine, , , , , , , , , ,terrestrial, , , , 
4985,0500558,moderately well drained,glaciolacustrine, , , , , , , , , ,terrestrial, , , , 
4986,0500559,very poorly drained,organic, , , , , , , , , , , , , , 
4987,0500560,very poorly drained,organic, , , , , , , , , , , , , , 
4988,0500561,well drained,eolian, , , , ,morainal till, , , , ,terrestrial, , , , 
4989,0500562,imperfectly drained,morainal till, , , , ,glacio-lacustrine, , , , ,terrestrial, , , , 
4990,0500563,imperfectly drained,glaciolacustrine, , , , ,morainal till, , , , ,terrestrial, , , , 
4991,0500564,well drained,fluvio-eolian, , , , ,morainal till, , , , ,terrestrial, , , , 
4992,0500565,moderately well drained,glaciolacustrine, , , , , , , , , ,terrestrial, , , , 
4993,0500566,very poorly drained,organic, , , , ,glacio-lacustrine, , , , , , , , , 
4994,0500567,rapidly drained,eolian, , , , ,eolian, , , , ,terrestrial, , , , 
4995,0500568,imperfectly drained,fluvial, , , , , , , , , , , , , , 
4996,0500569,poorly drained,organic, , , , ,glacio-lacustrine, , , , ,hydromorphic, , , , 
4997,0500570,poorly drained,fluvio-eolian, , , , , , , , , ,hydromorphic, , , , 
4998,0500571,poorly drained,fluvial, , , , ,morainal till, , , , ,terrestrial, , , , 
4999,0500572,moderately well drained,glaciolacustrine, , , , , , , , , ,terrestrial, , , , 
5000,0500573,poorly drained,fluvio-eolian, , , , ,organic, , , , ,hydromorphic, , , , 
5001,0500574,poorly drained,morainal till, , , , , , , , , ,terrestrial, , , , 
5002,0500575,moderately well drained,glaciolacustrine, , , , , , , , , ,terrestrial, , , , 
5003,0500576,moderately well drained,morainal till, , , , , , , , , ,terrestrial, , , , 
5004,0500577,well drained,morainal till, , , , , , , , , ,terrestrial, , , , 
5005,0500578,well drained,morainal till, , , , , , , , , ,terrestrial, , , , 
5006,0500579,well drained,colluvial, , , , ,morainal till, , , , ,terrestrial, , , , 
5007,0500583,moderately well drained,eolian, , , , , , , , , ,terrestrial, , , , 
5008,0500584,moderately well drained,glaciolacustrine, , , , ,glacio-lacustrine, , , , ,terrestrial, , , , 
5009,0500585,moderately well drained,glacio-fluvial, , , , , , , , , ,terrestrial, , , , 
5010,0500586,poorly drained,glaciolacustrine, , , , ,morainal till, , , , ,terrestrial, , , , 
5011,0500589,well drained,glacio-fluvial, , , , , , , , , ,terrestrial, , , , 
5012,0500590,moderately well drained,morainal till, , , , , , , , , ,terrestrial, , , , 
5013,0500591,poorly drained,glaciolacustrine, , , , , , , , , ,terrestrial, , , , 
5014,0500594,well drained,morainal till, , , , , , , , , ,terrestrial, , , , 
5015,0500595,moderately well drained,morainal till, , , , , , , , , ,terrestrial, , , , 
5016,0500597,imperfectly drained,glaciolacustrine, , , , , , , , , ,terrestrial, , , , 
5017,0500598,well drained,morainal till, , , , ,residual, , , , ,terrestrial, , ,26, 
5018,0500600,imperfectly drained,glaciolacustrine, , , , ,morainal till, , , , ,terrestrial, , , , 
5019,0500601,moderately well drained,glaciolacustrine, , , , ,morainal till, , , , ,terrestrial, , , , 
5020,0500602,well drained,glaciolacustrine, , , , ,morainal till, , , , ,terrestrial, , , , 
5021,0500603,moderately well drained,glaciolacustrine, , , , , , , , , ,terrestrial, , , , 
5022,0500604,well drained,glacio-fluvial, , , , ,glacio-lacustrine, , , , ,terrestrial, , , , 
5023,0500605,moderately well drained,glaciolacustrine, , , , ,morainal till, , , , ,terrestrial, , , , 
5024,0500606,imperfectly drained,glacio-fluvial, , , , , , , , , ,terrestrial, , , , 
5025,0500607,imperfectly drained,glaciolacustrine, , , , , , , , , ,terrestrial, , , , 
5026,0500608,moderately well drained,morainal till, , , , , , , , , ,terrestrial, , , , 
5027,0500609,moderately well drained,glaciolacustrine, , , , ,glacio-fluvial, , , , ,terrestrial, , , , 
5028,0500610,poorly drained,glaciolacustrine, , , , ,glacio-fluvial, , , , ,terrestrial, , , , 
5029,0500611,moderately well drained,morainal till, , , , , , , , , ,terrestrial, , , , 
5030,0500612,poorly drained,morainal till, , , , , , , , , ,terrestrial, , , , 
5031,0500613,imperfectly drained,fluvial, , , , , , , , , ,terrestrial, , , , 
5032,0500614,poorly drained,lacustrine, , , , ,glacio-fluvial, , , , ,terrestrial, , , , 
5033,0500615,moderately well drained,glaciolacustrine, , , , , , , , , ,terrestrial, , , , 
5034,0500616,poorly drained,glaciolacustrine, , , , ,morainal till, , , , ,terrestrial, , , , 
5035,0500617,well drained,fluvial, , , , , , , , , ,terrestrial, , , , 
5036,0500618,moderately well drained,fluvial, , , , ,fluvial, , , , ,terrestrial, , , , 
5037,0500619,moderately well drained,morainal till, , , , ,residual, , , , ,terrestrial, , ,54, 
5038,0500620,imperfectly drained,morainal till, , , , , , , , , ,terrestrial, , , , 
5039,0500622,imperfectly drained,fluvial, , , , ,glacio-lacustrine, , , , ,terrestrial, , , , 
5040,0500623,imperfectly drained,glaciolacustrine, , , , , , , , , ,terrestrial, , , , 
5041,0500624,imperfectly drained,glaciolacustrine, , , , , , , , , ,terrestrial, , , , 
5042,0500625,imperfectly drained,morainal till, , , , , , , , , ,terrestrial, , , , 
5043,0500626,well drained,morainal till, , , , ,residual, , , , ,terrestrial, , ,44, 
5044,0500627,moderately well drained,morainal till, , , , , , , , , ,terrestrial, , , , 
5045,0500628,moderately well drained,morainal till, , , , , , , , , ,terrestrial, , , , 
5046,0500629,moderately well drained,lacustrine, , , , ,morainal till, , , , ,terrestrial, , , , 
5047,0500630,imperfectly drained,glaciolacustrine, , , , , , , , , ,terrestrial, , , , 
5048,0500631,imperfectly drained,glaciolacustrine, , , , , , , , , ,terrestrial, , , , 
5049,0500632,poorly drained,lacustro-till, , , , , , , , , ,terrestrial, , , , 
5050,0500634,moderately well drained,lacustro-till, , , , , , , , , ,terrestrial, , , , 
5051,0500636,moderately well drained,glaciolacustrine, , , , ,lacustro-till, , , , ,terrestrial, , , , 
5052,0500637,imperfectly drained,morainal till, , , , , , , , , ,terrestrial, , , , 
5053,0500638,imperfectly drained,morainal till, , , , , , , , , ,terrestrial, , , , 
5054,0500639,imperfectly drained,glaciolacustrine, , , , , , , , , ,terrestrial, , , , 
5055,0500640,imperfectly drained,morainal till, , , , , , , , , ,terrestrial, , , , 
5056,0500641,well drained,fluvial, , , , , , , , , ,terrestrial, , , , 
5057,0500643,well drained,glacio-fluvial, , , , , , , , , ,terrestrial, , , , 
5058,0500646,imperfectly drained,lacustro-till, , , , , , , , , ,terrestrial, , , , 
5059,0500647,moderately well drained,fluvial, , , , , , , , , ,terrestrial, , , , 
5060,0500648,rapidly drained,glacio-fluvial, , , , , , , , , ,terrestrial, , , , 
5061,0500649,moderately well drained,glaciolacustrine, , , , , , , , , ,terrestrial, , , , 
5062,0500650,moderately well drained,glaciolacustrine, , , , , , , , , ,terrestrial, , , , 
5063,0500651,moderately well drained,glaciolacustrine, , , , , , , , , ,terrestrial, , , , 
5064,0500652,moderately well drained,glaciolacustrine, , , , , , , , , ,terrestrial, , , , 
5065,0500653,well drained,colluvial, , , , , , , , , ,terrestrial, , , , 
5066,0500654,imperfectly drained,colluvial, , , , , , , , , ,terrestrial, , , , 
5067,0500655,well drained,morainal till, , , , ,residual, , , , ,terrestrial, , ,37, 
5068,0500656,poorly drained,fluvial, , , , , , , , , ,terrestrial, , , , 
5069,0500657,imperfectly drained,morainal till, , , , , , , , , ,terrestrial, , , , 
5070,0500658,moderately well drained,morainal till, , , , , , , , , ,terrestrial, , , , 
5071,0500659,moderately well drained,morainal till, , , , , , , , , ,terrestrial, , , , 
5072,0500660,moderately well drained,morainal till, , , , , , , , , ,terrestrial, , , , 
5073,0500662,moderately well drained,morainal till, , , , , , , , , ,terrestrial, , , , 
5074,0500663,moderately well drained,fluvial, , , , , , , , , ,terrestrial, , , , 
5075,0500664,rapidly drained,glaciolacustrine, , , , , , , , , ,terrestrial, , , , 
5076,0500667,well drained,glaciolacustrine, , , , , , , , , ,terrestrial, , , , 
5077,0500671,well drained,glaciolacustrine, , , , , , , , , ,terrestrial, , , , 
5078,0500674,well drained,glaciolacustrine, , , , , , , , , ,terrestrial, , , , 
5079,0500678,well drained,fluvial, , , , , , , , , ,terrestrial, , , , 
5080,0500679,imperfectly drained,fluvial, , , , ,morainal till, , , , ,terrestrial, , , , 
5081,0500685,poorly drained,organic, , , , ,morainal till, , , , ,hydromorphic, , , , 
5082,0500687,moderately well drained,morainal till, , , , , , , , , ,terrestrial, , , , 
5083,0500688,well drained,glacio-fluvial, , , , , , , , , ,terrestrial, , , , 
5084,0500689,well drained,glacio-fluvial, , , , , , , , , ,terrestrial, , , , 
5085,0500691,imperfectly drained,morainal till, , , , , , , , , ,terrestrial, , , , 
5086,0500692,well drained,glaciolacustrine, , , , ,morainal till, , , , ,terrestrial, , , , 
5087,0500694,imperfectly drained,morainal till, , , , , , , , , ,terrestrial, , , , 
5088,0500695,well drained,fluvial, , , , , , , , , ,terrestrial, , , , 
5089,0500698,imperfectly drained,morainal till, , , , , , , , , ,hydromorphic, , , , 
5090,0500700,well drained,morainal till, , , , , , , , , ,terrestrial, , , , 
5091,0500701,well drained,morainal till, , , , , , , , , ,terrestrial, , , , 
5092,0500703,moderately well drained,morainal till, , , , , , , , , ,terrestrial, , , , 
5093,0500704,moderately well drained,glaciolacustrine, , , , , , , , , ,terrestrial, , , , 
5094,0500705,imperfectly drained,glaciolacustrine, , , , , , , , , ,terrestrial, , , , 
5095,0500707,well drained,glaciolacustrine, , , , ,morainal till, , , , ,terrestrial, , , , 
5096,0500708,well drained,glaciolacustrine, , , , , , , , , ,terrestrial, , , , 
5097,0500709,well drained,eolian, , , , , , , , , ,terrestrial, , , , 
5098,0500710,moderately well drained,glaciolacustrine, , , , , , , , , ,terrestrial, , , , 
5099,0500711,well drained,glacio-fluvial, , , , , , , , , ,terrestrial, , , , 
5100,0500713,well drained,fluvial, , , , , , , , , , , , , , 
5101,0500714,well drained,glacio-fluvial, , , , , , , , , ,terrestrial, , , , 
5102,0500716,moderately well drained,glaciolacustrine, , , , , , , , , ,terrestrial, , , , 
5103,0500719,well drained,morainal till, , , , , , , , , ,terrestrial, , , , 
5104,0500721,rapidly drained,glacio-fluvial, , , , , , , , , , , , , , 
5105,0500723,rapidly drained,glacio-fluvial, , , , , , , , , ,terrestrial, , , , 
5106,0500727,imperfectly drained,glacio-fluvial, , , , ,morainal till, , , , ,terrestrial, , , , 
5107,0500732,moderately well drained,lacustrine, , , , , , , , , ,terrestrial, , , , 
5108,0500735,well drained,glacio-fluvial, , , , , , , , , ,terrestrial, , , , 
5109,0500737,moderately well drained,morainal till, , , , , , , , , ,terrestrial, , , , 
5110,0500740,well drained,glacio-fluvial, , , , ,morainal till, , , , ,terrestrial, , , , 
5111,0500741,well drained,morainal till, , , , , , , , , ,terrestrial, , , , 
5112,0500745,well drained,morainal till, , , , , , , , , ,terrestrial, , , , 
5113,0500746,moderately well drained,morainal till, , , , , , , , , ,terrestrial, , , , 
5114,0500747,imperfectly drained,eolian, , , , ,morainal till, , , , ,terrestrial, , , , 
5115,0500748,imperfectly drained,fluvial, , , , , , , , , ,terrestrial, , , , 
5116,0500749,moderately well drained,morainal till, , , , , , , , , ,terrestrial, , , , 
5117,0500750,imperfectly drained,morainal till, , , , , , , , , ,terrestrial, , , , 
5118,0500757,well drained,glacio-fluvial, , , , , , , , , ,terrestrial, , , , 
5119,0500761,imperfectly drained,glaciolacustrine, , , , , , , , , ,terrestrial, , , , 
5120,0500762,moderately well drained,morainal till, , , , , , , , , ,terrestrial, , , , 
5121,0500763,well drained,glacio-fluvial, , , , , , , , , ,terrestrial, , , , 
5122,0500764,moderately well drained, , , , , , , , , , ,terrestrial, , , , 
5123,0500766,rapidly drained,glacio-fluvial, , , , , , , , , ,terrestrial, , , , 
5124,0500767,moderately well drained,glaciolacustrine, , , , , , , , , ,terrestrial, , , , 
5125,0500768,moderately well drained, , , , , , , , , , ,terrestrial, , , , 
5126,0500770,moderately well drained, , , , , , , , , , ,terrestrial, , , , 
5127,0500772,imperfectly drained,morainal till, , , , , , , , , ,terrestrial, , , , 
5128,0500773,imperfectly drained,morainal till, , , , , , , , , ,terrestrial, , , , 
5129,0500777,moderately well drained,glacio-fluvial, , , , , , , , , ,terrestrial, , , , 
5130,0500778,moderately well drained,lacustrine, , , , , , , , , ,terrestrial, , , , 
5131,0500779,moderately well drained,glacio-fluvial, , , , , , , , , ,terrestrial, , , , 
5132,0500780,moderately well drained,glacio-fluvial, , , , , , , , , ,terrestrial, , , , 
5133,0500782,moderately well drained,morainal till, , , , , , , , , ,terrestrial, , , , 
5134,0500784,moderately well drained,morainal till, , , , , , , , , ,terrestrial, , , , 
5135,0500786,well drained,fluvial, , , , , , , , , ,terrestrial, , , , 
5136,0500793,moderately well drained,glaciolacustrine, , , , , , , , , ,terrestrial, , , , 
5137,0500796,moderately well drained,glaciolacustrine, , , , , , , , , ,terrestrial, , , , 
5138,0500797,moderately well drained,morainal till, , , , , , , , , ,terrestrial, , , , 
5139,0500798,imperfectly drained, , , , , , , , , , ,terrestrial, , , , 
5140,0500801,poorly drained, , , , , , , , , , ,terrestrial, , , , 
5141,0500802, ,glacio-fluvial, , , , ,glacio-fluvial, , , , ,terrestrial, , , , 
5142,0500803,moderately well drained,morainal till, , , , , , , , , ,terrestrial, , , , 
5143,0500804,moderately well drained,morainal till, , , , , , , , , ,terrestrial, , , , 
5144,0500805,very poorly drained,organic, , , , ,organic, , , , , , , , , 
5145,0500806,rapidly drained,glacio-fluvial, , , , ,glacio-fluvial, , , , ,terrestrial, , , , 
5146,0500807,moderately well drained,glacio-fluvial, , , , ,glacio-fluvial, , , , ,terrestrial, , , , 
5147,0500808,moderately well drained,morainal till, , , , , , , , , ,terrestrial, , , , 
5148,0500809,moderately well drained,morainal till, , , , , , , , , ,terrestrial, , , , 
5149,0500810,very poorly drained,fluvio-eolian, , , , ,lacustrine, , , , ,hydromorphic, , , , 
5150,0500811,well drained,saprolite, , , , ,saprolite, , , , ,terrestrial, , , , 
5151,0500812,rapidly drained,saprolite, , , , ,saprolite, , , , ,terrestrial, , , , 
5152,0500813,poorly drained,fluvio-lacustrine, , , , ,fluvio-lacustrine, , , , ,terrestrial, , , , 
5153,0500814,moderately well drained,morainal till, , , , , , , , , ,terrestrial, , , , 
5154,0500815,moderately well drained,morainal till, , , , , , , , , ,terrestrial, , , , 
5155,0500816,moderately well drained,morainal till, , , , , , , , , ,terrestrial, , , , 
5156,0500817,moderately well drained,morainal till, , , , , , , , , ,terrestrial, , , , 
5157,0500818,rapidly drained,saprolite, , , , , , , , , , , , , , 
5158,0500819,very poorly drained,lacustrine, , , , ,lacustrine, , , , , , , , , 
5159,0500820,moderately well drained,colluvial, , , , ,colluvial, , , , ,terrestrial, , , , 
5160,0500821,moderately well drained,morainal till, , , , , , , , , ,terrestrial, , , , 
5161,0500822,well drained,morainal till, , , , , , , , , ,terrestrial, , , , 
5162,0500823,well drained,morainal till, , , , ,saprolite, , , , ,terrestrial, , , , 
5163,0500824,well drained,saprolite, , , , ,saprolite, , , , ,terrestrial, , , , 
5164,0500825,moderately well drained,saprolite, , , , ,saprolite, , , , ,terrestrial, , , , 
5165,0500826,moderately well drained,saprolite, , , , , , , , , ,terrestrial, , , , 
5166,0500827,moderately well drained,morainal till, , , , , , , , , ,terrestrial, , , , 
5167,0500828,moderately well drained,morainal till, , , , , , , , , ,terrestrial, , , , 
5168,0500829,poorly drained,fluvio-lacustrine, , , , ,morainal till, , , , ,terrestrial, , , , 
5169,0500830,well drained,morainal till, , , , , , , , , , , , , , 
5170,0500831,moderately well drained,saprolite, , , , ,unconsolidated bedrock, , , , ,terrestrial, , ,20, 
5171,0500832,rapidly drained,glacio-fluvial, , , , , , , , , ,terrestrial, , , , 
5172,0500833,well drained,colluvial, , , , ,colluvial, , , , ,terrestrial, , , , 
5173,0500834,rapidly drained,saprolite, , , , ,saprolite, , , , ,terrestrial, , , , 
5174,0500835,well drained,colluvial, , , , ,colluvial, , , , ,terrestrial, , , , 
5175,0500836,moderately well drained,morainal till, , , , , , , , , ,terrestrial, , , , 
5176,0500837,moderately well drained,morainal till, , , , , , , , , ,terrestrial, , , , 
5177,0500838,poorly drained,fluvio-lacustrine, , , , ,fluvio-lacustrine, , , , ,terrestrial, , , , 
5178,0500839,poorly drained,fluvio-lacustrine, , , , ,fluvio-lacustrine, , , , ,terrestrial, , , , 
5179,0500840,rapidly drained,glacio-fluvial, , , , ,glacio-fluvial, , , , ,terrestrial, , , , 
5180,0500841,rapidly drained,glacio-fluvial, , , , ,glacio-fluvial, , , , ,terrestrial, , , , 
5181,0500842,moderately well drained,morainal till, , , , , , , , , ,terrestrial, , , , 
5182,0500843,moderately well drained,morainal till, , , , , , , , , ,terrestrial, , , , 
5183,0500844,rapidly drained,glacio-fluvial, , , , ,glacio-fluvial, , , , ,terrestrial, , , , 
5184,0500845,very poorly drained,lacustrine, , , , ,lacustrine, , , , ,terrestrial, , , , 
5185,0500846,poorly drained,lacustrine, , , , ,lacustrine, , , , ,terrestrial, , , , 
5186,0500847,well drained,glaciolacustrine, , , , ,glacio-lacustrine, , , , ,terrestrial, , , , 
5187,0500848,well drained,glaciolacustrine, , , , ,glacio-lacustrine, , , , ,terrestrial, , , , 
5188,0500849,well drained,glacio-fluvial, , , , ,glacio-fluvial, , , , ,terrestrial, , , , 
5189,0500850,moderately well drained,saprolite, , , , ,unconsolidated bedrock, , , , ,terrestrial, , ,40, 
5190,0500851,moderately well drained,morainal till, , , , , , , , , ,terrestrial, , , , 
5191,0500852,rapidly drained,glacio-fluvial, , , , ,glacio-fluvial, , , , ,terrestrial, , , , 
5192,0500853,rapidly drained,glacio-fluvial, , , , ,glacio-fluvial, , , , ,terrestrial, , , , 
5193,0500854,moderately well drained,glacio-fluvial, , , , ,glacio-fluvial, , , , ,terrestrial, , , , 
5194,0500855,rapidly drained,colluvial, , , , , , , , , ,terrestrial, , , , 
5195,0500856,rapidly drained,glacio-fluvial, , , , , , , , , ,terrestrial, , , , 
5196,0500857,rapidly drained,glacio-fluvial, , , , , , , , , ,terrestrial, , , , 
5197,0500858,moderately well drained,colluvial, , , , ,colluvial, , , , ,terrestrial, , , , 
5198,0500859,moderately well drained,lacustrine, , , , ,lacustrine, , , , ,terrestrial, , , , 
5199,0500860,well drained,morainal till, , , , , , , , , ,terrestrial, , , , 
5200,0500861,poorly drained,lacustrine, , , , ,lacustrine, , , , ,terrestrial, , , , 
5201,0500862,very poorly drained,lacustrine, , , , ,lacustrine, , , , ,hydromorphic, , , , 
5202,0500863,well drained,morainal till, , , , , , , , , ,terrestrial, , , , 
5203,0500864,well drained,saprolite, , , , ,saprolite, , , , ,terrestrial, , ,20, 
5204,0500865, ,morainal till, , , , , , , , , ,terrestrial, , , , 
5205,0500866,moderately well drained,colluvial, , , , ,colluvial, , , , ,terrestrial, , , , 
5206,0500867,poorly drained,morainal till, , , , , , , , , ,terrestrial, , , , 
5207,0500868,rapidly drained,fluvial, , , , ,fluvial, , , , , , , , , 
5208,0500869,moderately well drained,morainal till, , , , , , , , , ,terrestrial, , , , 
5209,0500870,moderately well drained,morainal till, , , , , , , , , ,terrestrial, , , , 
5210,0500871,well drained,colluvial, , , , ,colluvial, , , , ,terrestrial, , , , 
5211,0500872,poorly drained,colluvial, , , , ,colluvial, , , , ,terrestrial, , , , 
5212,0500873,moderately well drained,colluvial, , , , ,colluvial, , , , ,terrestrial, , , , 
5213,0500874,poorly drained,colluvial, , , , ,colluvial, , , , ,terrestrial, , , , 
5214,0500875,imperfectly drained,colluvial, , , , ,colluvial, , , , ,terrestrial, , , , 
5215,0500876,moderately well drained,colluvial, , , , ,colluvial, , , , ,terrestrial, , , , 
5216,0500877,moderately well drained,colluvial, , , , ,colluvial, , , , ,terrestrial, , , , 
5217,0500878,moderately well drained,morainal till, , , , , , , , , ,terrestrial, , , , 
5218,0500879,well drained,morainal till, , , , , , , , , ,terrestrial, , , , 
5219,0500880,very poorly drained,colluvial, , , , ,colluvial, , , , ,terrestrial, , , , 
5220,0500881,poorly drained,lacustrine, , , , ,lacustrine, , , , ,terrestrial, , , , 
5221,0500882,moderately well drained,morainal till, , , , , , , , , ,terrestrial, , , , 
5222,0500883,poorly drained,colluvial, , , , ,colluvial, , , , ,terrestrial, , , , 
5223,0500884,moderately well drained,morainal till, , , , , , , , , ,terrestrial, , , , 
5224,0500885,moderately well drained,morainal till, , , , , , , , , ,terrestrial, , , , 
5225,0500886,moderately well drained,morainal till, , , , , , , , , ,terrestrial, , , , 
5226,0500887,poorly drained,colluvial, , , , ,colluvial, , , , ,terrestrial, , , , 
5227,0500888,well drained,morainal till, , , , , , , , , ,terrestrial, , , , 
5228,0500889,moderately well drained,morainal till, , , , , , , , , ,terrestrial, , , , 
5229,0500890,moderately well drained,morainal till, , , , , , , , , ,terrestrial, , , , 
5230,0500891,moderately well drained,colluvial, , , , ,colluvial, , , , , , , , , 
5231,0500892,moderately well drained,morainal till, , , , , , , , , , , , , , 
5232,0500893,very poorly drained,colluvial, , , , ,colluvial, , , , , , , , , 
5233,0500894,moderately well drained,morainal till, , , , , , , , , ,terrestrial, , , , 
5234,0500895,well drained,morainal till, , , , , , , , , ,terrestrial, , , , 
5235,0500896,moderately well drained,morainal till, , , , , , , , , ,terrestrial, , ,30, 
5236,0500897,moderately well drained,morainal till, , , , , , , , , ,terrestrial, , , , 
5237,0500898,well drained,morainal till, , , , , , , , , ,terrestrial, , ,30, 
5238,0500899,well drained,morainal till, , , , , , , , , ,terrestrial, , ,60, 
5239,0500900,well drained,morainal till, , , , , , , , , ,terrestrial, , , , 
5240,0500901,well drained,saprolite, , , , , , , , , , , , ,20, 
5241,0500902,well drained,colluvial, , , , ,colluvial, , , , ,terrestrial, , , , 
5242,0500903,well drained,colluvial, , , , ,colluvial, , , , ,terrestrial, , , , 
5243,0500904,well drained,colluvial, , , , ,colluvial, , , , ,terrestrial, , , , 
5244,0500905,moderately well drained,morainal till, , , , , , , , , ,terrestrial, , , , 
5245,0500906,well drained,morainal till, , , , , , , , , ,terrestrial, , , , 
5246,0500907,well drained,fluvial, , , , ,fluvial, , , , , , , , , 
5247,0500908,imperfectly drained,fluvial, , , , ,fluvial, , , , ,terrestrial, , , , 
5248,0500909,well drained,fluvial, , , , ,fluvial, , , , ,terrestrial, , , , 
5249,0500910,well drained,morainal till, , , , , , , , , , , , ,19, 
5250,0500911,well drained,colluvial, , , , ,colluvial, , , , ,terrestrial, , , , 
5251,0500912,well drained,morainal till, , , , , , , , , ,terrestrial, , , , 
5252,0500913,well drained,morainal till, , , , , , , , , ,terrestrial, , , , 
5253,0500914,poorly drained,morainal till, , , , , , , , , ,terrestrial, , , , 
5254,0500915,moderately well drained,fluvial, , , , ,fluvial, , , , , , , , , 
5255,0500916,imperfectly drained,lacustrine, , , , ,morainal till, , , , ,terrestrial, , , , 
5256,0500917,well drained,fluvial, , , , , , , , , ,terrestrial, , , , 
5257,0500918,moderately well drained,lacustrine, , , , ,morainal till, , , , , , , , , 
5258,0500920,moderately well drained,fluvial, , , , , , , , , , , , , , 
5259,0500921,poorly drained,fluvial, , , , , , , , , ,hydromorphic, , , , 
5260,0500922,very poorly drained,fluvial, , , , , , , , , ,hydromorphic, , , , 
5261,0500923,poorly drained,lacustrine, , , , , , , , , , , , , , 
5262,0500924,poorly drained,lacustrine, , , , , , , , , , , , , , 
5263,0500925,moderately well drained,fluvial, , , , , , , , , , , , , , 
5264,0500926,well drained,fluvial, , , , , , , , , , , , , , 
5265,0500927,imperfectly drained,lacustrine, , , , , , , , , , , , , , 
5266,0500928,imperfectly drained,fluvial, , , , , , , , , , , , , , 
5267,0500929,well drained,fluvial, , , , , , , , , , , , , , 
5268,0500930,well drained,fluvial, , , , , , , , , , , , , , 
5269,0500931,poorly drained,lacustrine, , , , ,fluvial, , , , , , , , , 
5270,0500932,poorly drained,fluvial, , , , ,fluvial, , , , , , , , , 
5271,0500933,poorly drained,lacustrine, , , , , , , , , , , , , , 
5272,0500934,well drained,fluvial, , , , , , , , , , , , , , 
5273,0500935,moderately well drained,fluvial, , , , ,fluvial, , , , , , , , , 
5274,0500936,well drained,fluvial, , , , , , , , , , , , , , 
5275,0500937,moderately well drained, , , , , , , , , , ,terrestrial, , , , 
5276,0500938,imperfectly drained,fluvial, , , , , , , , , , , , , , 
5277,0500939,imperfectly drained,fluvial, , , , , , , , , , , , , , 
5278,0500940,well drained,fluvial, , , , , , , , , , , , , , 
5279,0500941,moderately well drained,fluvial, , , , , , , , , , , , , , 
5280,0500942,imperfectly drained,fluvial, , , , , , , , , , , , , , 
5281,0500943,imperfectly drained,fluvial, , , , , , , , , , , , , , 
5282,0500944,moderately well drained,fluvial, , , , , , , , , ,terrestrial, , , , 
5283,0500945,well drained,fluvial, , , , , , , , , ,terrestrial, , , , 
5284,0500946,poorly drained,morainal till, , , , , , , , , , , , , , 
5285,0500948, ,fluvial, , , , , , , , , , , , , , 
5286,0500949,imperfectly drained,fluvial, , , , , , , , , , , , , , 
5287,0500950,well drained,fluvial, , , , , , , , , , , , , , 
5288,0500951,well drained,fluvial, , , , , , , , , ,terrestrial, , , , 
5289,0500952,very poorly drained,lacustrine, , , , , , , , , ,hydromorphic, , , , 
5290,0500953,poorly drained, , , , , , , , , , , , , ,200, 
5291,0500954,poorly drained,fluvial, , , , ,colluvial, , , , , , , ,200, 
5292,0500955,very poorly drained,fluvial, , , , , , , , , , , , , , 
5293,0500956,well drained,fluvial, , , , ,fluvial, , , , , , , , , 
5294,0500957,very poorly drained,lacustrine, , , , , , , , , ,hydromorphic, , , , 
5295,0500958,very poorly drained,organic, , , , , , , , , , , , , , 
5296,0500959,well drained,fluvial, , , , , , , , , ,terrestrial, , , , 
5297,0500960,moderately well drained,fluvial, , , , , , , , , , , , , , 
5298,0500961,well drained,fluvial, , , , , , , , , , , , , , 
5299,0500962,imperfectly drained,fluvial, , , , , , , , , , , , , , 
5300,0500963,well drained,fluvial, , , , , , , , , , , , , , 
5301,0500964,poorly drained,organic, , , , ,lacustrine, , , , ,hydromorphic, , , , 
5302,0500965,poorly drained,fluvial, , , , , , , , , , , , , , 
5303,0500966,poorly drained,lacustrine, , , , ,morainal till, , , , ,hydromorphic, , , , 
5304,0500967,poorly drained,fluvial, , , , , , , , , ,hydromorphic, , , , 
5305,0500968,poorly drained,fluvial, , , , , , , , , ,hydromorphic, , , , 
5306,0500969,imperfectly drained,lacustrine, , , , ,fluvial, , , , , , , , , 
5307,0500970,imperfectly drained,fluvial, , , , , , , , , , , , , , 
5308,0500971,moderately well drained,fluvial, , , , , , , , , , , , , , 
5309,0500972,imperfectly drained,fluvial, , , , , , , , , , , , ,150, 
5310,0500973,well drained,fluvial, , , , ,fluvial, , , , , , , ,150, 
5311,0500974,imperfectly drained,fluvial, , , , , , , , , , , , , , 
5312,0500975,imperfectly drained,lacustrine, , , , ,fluvial, , , , , , , , , 
5313,0500976,moderately well drained,fluvial, , , , , , , , , ,terrestrial, , , , 
5314,0500977,moderately well drained,morainal till, , , , , , , , , , , , , , 
5315,0500978,imperfectly drained,lacustrine, , , , , , , , , , , , , , 
5316,0500979,imperfectly drained,lacustrine, , , , , , , , , , , , , , 
5317,0500980,imperfectly drained,fluvial, , , , ,fluvial, , , , , , , , , 
5318,0500981,poorly drained,fluvial, , , , , , , , , , , , , , 
5319,0500982,imperfectly drained,colluvial, , , , ,fluvial, , , , ,terrestrial, , , , 
5320,0500983,imperfectly drained,fluvial, , , , , , , , , ,terrestrial, , ,100, 
5321,0500984,moderately well drained,fluvial, , , , ,unconsolidated bedrock, , , , ,terrestrial, , ,150, 
5322,0500985,imperfectly drained,colluvial, , , , , , , , , ,terrestrial, , , , 
5323,0500986,poorly drained,fluvial, , , , , , , , , , , , , , 
5324,0500987,moderately well drained,fluvial, , , , ,fluvial, , , , , , , , , 
5325,0500988,moderately well drained,fluvial, , , , , , , , , , , , , , 
5326,0500989,moderately well drained,fluvial, , , , ,fluvial, , , , ,terrestrial, , , , 
5327,0500990,well drained,fluvial, , , , ,fluvial, , , , , , , , , 
5328,0500991,moderately well drained,fluvial, , , , , , , , , ,terrestrial, , , , 
5329,0500992,imperfectly drained,fluvial, , , , , , , , , , , , , , 
5330,0500993,well drained,fluvial, , , , , , , , , , , , , , 
5331,0500994,poorly drained,fluvial, , , , , , , , , , , , , , 
5332,0500995,imperfectly drained,fluvial, , , , ,fluvial, , , , , , , , , 
5333,0500996,well drained,fluvial, , , , , , , , , , , , , , 
5334,0500997,moderately well drained,fluvial, , , , , , , , , , , , , , 
5335,0500998,moderately well drained,fluvial, , , , , , , , , , , , , , 
5336,0500999,moderately well drained,fluvial, , , , , , , , , ,terrestrial, , ,200, 
5337,0501000,imperfectly drained,lacustrine, , , , , , , , , , , , , , 
5338,0501001,imperfectly drained,morainal till, , , , , , , , , ,terrestrial, , , , 
5339,0501002,moderately well drained,morainal till, , , , , , , , , , , , , , 
5340,0501003,imperfectly drained,lacustrine, , , , ,morainal till, , , , ,terrestrial, , , , 
5341,0501004,moderately well drained,morainal till, , , , , , , , , ,terrestrial, , , , 
5342,0501005,moderately well drained,morainal till, , , , , , , , , , , , , , 
5343,0501006,moderately well drained,fluvial, , , , , , , , , ,terrestrial, , , , 
5344,0501007,well drained,fluvial, , , , , , , , , , , , , , 
5345,0501008,imperfectly drained,glaciolacustrine, , , , , , , , , , , , , , 
5346,0501009,very poorly drained,lacustrine, , , , , , , , , , , , , , 
5347,0501010,well drained,fluvial, , , , , , , , , , , , , , 
5348,0501011,moderately well drained,fluvial, , , , , , , , , , , , , , 
5349,0501012,moderately well drained,fluvial, , , , , , , , , , , , , , 
5350,0501013,poorly drained,lacustrine, , , , ,morainal till, , , , , , , , , 
5351,0501014,imperfectly drained,fluvial, , , , , , , , , , , , , , 
5352,0501015,poorly drained,lacustrine, , , , , , , , , ,hydromorphic, , , , 
5353,0501016,poorly drained,lacustrine, , , , , , , , , ,terrestrial, , , , 
5354,0501017,poorly drained,fluvial, , , , ,morainal till, , , , ,terrestrial, , , , 
5355,0501018,poorly drained,lacustrine, , , , , , , , , , , , , , 
5356,0501019,imperfectly drained,morainal till, , , , , , , , , , , , , , 
5357,0501020,poorly drained,lacustrine, , , , ,morainal till, , , , , , , , , 
5358,0501021,poorly drained,fluvial, , , , ,unconsolidated bedrock, , , , , , , ,55, 
5359,0501022,poorly drained,fluvial, , , , , , , , , , , , , , 
5360,0501023,very poorly drained,fluvial, , , , , , , , , , , , , , 
5361,0501024,imperfectly drained,fluvial, , , , , , , , , , , , , , 
5362,0501025,moderately well drained,fluvial, , , , , , , , , , , , , , 
5363,0501026,very poorly drained,fluvial, , , , , , , , , , , , , , 
5364,0501027,very poorly drained,fluvial, , , , , , , , , , , , , , 
5365,0501028,imperfectly drained,fluvial, , , , , , , , , , , , , , 
5366,0501029,moderately well drained,fluvial, , , , , , , , , , , , ,400, 
5367,0501030,moderately well drained,fluvial, , , , , , , , , , , , , , 
5368,0501031,very poorly drained,lacustrine, , , , , , , , , ,hydromorphic, , , , 
5369,0501032,very poorly drained,lacustrine, , , , , , , , , , , , , , 
5370,0501033,moderately well drained,morainal till, , , , , , , , , ,terrestrial, , , , 
5371,0501034,rapidly drained,glacio-fluvial, , , , , , , , , ,terrestrial, , , , 
5372,0501035,well drained,morainal till, , , , , , , , , ,terrestrial, , , , 
5373,0501036,moderately well drained,morainal till, , , , , , , , , ,terrestrial, , , , 
5374,0501037,rapidly drained,glacio-fluvial, , , , , , , , , ,terrestrial, , , , 
5375,0501038,imperfectly drained,glacio-fluvial, , , , , , , , , ,terrestrial, , , , 
5376,0501039,well drained,morainal till, , , , ,glacio-fluvial, , , , ,terrestrial, , , , 
5377,0501040,rapidly drained,glacio-fluvial, , , , , , , , , ,terrestrial, , , , 
5378,0501041,rapidly drained,glacio-fluvial, , , , , , , , , ,terrestrial, , , , 
5379,0501042,rapidly drained,glacio-fluvial, , , , , , , , , ,terrestrial, , , , 
5380,0501043,rapidly drained,glacio-fluvial, , , , , , , , , ,terrestrial, , , , 
5381,0501044,poorly drained,glacio-fluvial, , , , , , , , , ,terrestrial, , , , 
5382,0501045,poorly drained,glaciolacustrine, , , , , , , , , ,terrestrial, , , , 
5383,0501046,rapidly drained,glacio-fluvial, , , , , , , , , ,terrestrial, , , , 
5384,0501047,poorly drained,lacustrine, , , , , , , , , ,terrestrial, , , , 
5385,0501048,poorly drained,lacustrine, , , , , , , , , ,terrestrial, , , , 
5386,0501049,poorly drained,lacustrine, , , , , , , , , ,terrestrial, , , , 
5387,0501050,rapidly drained,morainal till, , , , , , , , , ,terrestrial, , , , 
5388,0501051,well drained,morainal till, , , , , , , , , ,terrestrial, , , , 
5389,0501052,very poorly drained,glacio-fluvial, , , , , , , , , ,hydromorphic, , , , 
5390,0501053,rapidly drained,glacio-fluvial, , , , , , , , , ,terrestrial, , , , 
5391,0501054,well drained,glacio-fluvial, , , , , , , , , ,terrestrial, , , , 
5392,0510001,poorly drained,glacio-fluvial,sandy, , , , , , , , ,hydromorphic, , , , 
5393,0510002,poorly drained,morainal till,fine loamy and fine silty, , , , , , , , ,hydromorphic, , , , 
5394,0510003,well drained,glacio-fluvial,fine loamy and fine silty, , , ,morainal till, , , , ,terrestrial, , , , 
5395,0510004,poorly drained,morainal till,fine loamy and fine silty, , , , , , , , ,hydromorphic, , , , 
5396,0510005,very poorly drained,organic, ,fen peat, , ,morainal till,fine loamy and fine silty, , , , , , , , 
5397,0510006,very poorly drained,organic, ,sphagnum peat, , , , , , , , , , , , 
5398,0510007,well drained,morainal till,fine loamy and fine silty, , , , , , , , ,terrestrial, , , , 
5399,0510008,well drained,glacio-fluvial,coarse loamy and coarse silty, , , , , , , , ,terrestrial, , , , 
5400,0510009,well drained,morainal till,fine loamy and fine silty, , , , , , , , ,terrestrial, , , , 
5401,0510010,very poorly drained,organic, ,fen peat, , , , , , , , , , , , 
5402,0510011,rapidly drained,glacio-fluvial,sandy, , , , , , , , ,terrestrial, , , , 
5403,0510012,very poorly drained,organic, ,sphagnum peat, , ,morainal till,coarse loamy and coarse silty, , , , , , , , 
5404,0510013,well drained,glacio-fluvial,sandy, , , , , , , , ,terrestrial, , , , 
5405,0520001,moderately well drained,glacio-fluvial, , , , ,morainal till, , , , ,terrestrial, , , , 
5406,0520002,poorly drained,fluvial, , , , , , , , , ,terrestrial, , , , 
5407,0520003,poorly drained,glacio-fluvial, , , , , , , , , ,hydromorphic, , , , 
5408,0520004,well drained,glacio-fluvial, , , , ,glacio-fluvial, , , , ,hydromorphic, , , , 
5409,0520005,rapidly drained,glacio-fluvial, , , , , , , , , ,terrestrial, , , , 
5410,0520006,very poorly drained,organic, ,fen peat, , , , , , , , , , , , 
5411,0520007,well drained,glaciolacustrine, , , , ,morainal till, , , , ,hydromorphic, , , , 
5412,0520008,very poorly drained,organic, ,forest peat, , ,morainal till, , , , , , , , , 
5413,0520009,very poorly drained,organic, ,fen peat, , ,morainal till, , , , , , , , , 
5414,0520010,imperfectly drained,morainal till, , , , , , , , , ,terrestrial, , , , 
5415,0530001,well drained,morainal till,sandy, , , ,morainal till,clayey, , , ,terrestrial, , , , 
5416,0530002,poorly drained,glacio-fluvial,fine loamy and fine silty, , , , , , , , ,hydromorphic, , , , 
5417,0530003,moderately well drained,glacio-fluvial,sandy, , , ,morainal till,fine loamy and fine silty, , , ,terrestrial, , , , 
5418,0530004,moderately well drained,morainal till,clayey, , , , , , , , ,terrestrial, , , , 
5419,0530005,well drained,eolian,sandy, , , , , , , , ,terrestrial, , , , 
5420,0530006,moderately well drained,morainal till,sandy, , , ,morainal till,clayey, , , ,terrestrial, , , , 
5421,0530007,imperfectly drained,organic, ,unspecified, , ,glacio-lacustrine,fine loamy and fine silty, , , , , , , , 
5422,0530008,moderately well drained,morainal till,sandy, , , ,morainal till,fine loamy and fine silty, , , ,hydromorphic, , , , 
5423,0530009,poorly drained,organic, ,unspecified, , ,glacio-lacustrine,fine loamy and fine silty, , , , , , , , 
5424,0530010, ,morainal till,fine loamy and fine silty, , , , , , , , ,hydromorphic, , , , 
5425,0540001,well drained,glacio-fluvial,sandy, , , ,morainal till,coarse loamy and coarse silty, , , ,terrestrial, , , , 
5426,0540002,very poorly drained,organic, ,sphagnum peat, , ,morainal till,fine loamy and fine silty, , , , , , , , 
5427,0540003,poorly drained,glaciolacustrine,clayey, , , , , , , , ,hydromorphic, , , , 
5428,0540004,very poorly drained,morainal till,coarse loamy and coarse silty, , , , , , , , ,hydromorphic, , , , 
5429,0540005,poorly drained,morainal till,fine loamy and fine silty, , , , , , , , ,hydromorphic, , , , 
5430,0540006,very poorly drained,organic, ,fen peat, , , , , , , , , , , , 
5431,0540007,poorly drained,glacio-fluvial,sandy, , , , , , , , ,hydromorphic, , , , 
5432,0540008,very poorly drained,organic, ,sphagnum peat, , , , , , , , , , , , 
5433,0540009,rapidly drained,glacio-fluvial,coarse loamy and coarse silty, , , , , , , , ,terrestrial, , , , 
5434,0540010,imperfectly drained,morainal till,coarse loamy and coarse silty, , , , , , , , ,terrestrial, , , , 
5435,0540011,well drained,glacio-fluvial,fine loamy and fine silty, , , ,morainal till,fine loamy and fine silty, , , ,terrestrial, , , , 
5436,0550001,well drained,morainal till,fine loamy and fine silty, , , , , , , , ,terrestrial, , , , 
5437,0550002,poorly drained,glaciolacustrine,fine loamy and fine silty, , , ,morainal till,fine loamy and fine silty, , , ,terrestrial, , , , 
5438,0550003,poorly drained,morainal till,fine loamy and fine silty, , , , , , , , ,terrestrial, , , , 
5439,0550004,well drained,glaciolacustrine,coarse loamy and coarse silty, , , ,morainal till,fine loamy and fine silty, , , ,terrestrial, , , , 
5440,0550005,well drained,morainal till,fine loamy and fine silty, , , , , , , , ,terrestrial, , , , 
5441,0550006,very poorly drained,organic, ,fen peat, , , , , , , , , , , , 
5442,0550007,well drained,glacio-fluvial,sandy, , , ,morainal till,fine loamy and fine silty, , , ,terrestrial, , , , 
5443,0550008,poorly drained,fluvial,fine loamy and fine silty, , , , , , , , , , , , , 
5444,0550009,very poorly drained,organic, ,sphagnum peat, , ,glacio-fluvial,sandy, , , , , , , , 
5445,0550010,very poorly drained,organic, ,fen peat, , , , , , , , , , , , 
5446,0550011,well drained,glacio-fluvial,sandy, , , , , , , , ,terrestrial, , , , 
5447,0550012,poorly drained,glacio-fluvial,coarse loamy and coarse silty, , , , , , , , ,terrestrial, , , , 
5448,0550013,poorly drained,morainal till,fine loamy and fine silty, , , , , , , , ,hydromorphic, , , , 
5449,0550014,poorly drained,morainal till,fine loamy and fine silty, , , , , , , , ,terrestrial, , , , 
5450,0550015,very poorly drained,organic, ,sphagnum peat, , ,glacio-lacustrine,fine loamy and fine silty, , , , , , , , 
5451,0550016,well drained,glacio-fluvial,coarse loamy and coarse silty, , , ,morainal till,fine loamy and fine silty, , , ,terrestrial, , , , 
5452,0550017,rapidly drained,glacio-fluvial,sandy, , , , , , , , ,terrestrial, , , , 
5453,0550018,very poorly drained,organic, ,fen peat, , , , , , , , , , , , 
5454,0550019,imperfectly drained,morainal till,fine loamy and fine silty, , , , , , , , ,terrestrial, , , , 
5455,0560001,very poorly drained,organic, ,fen peat, , , , , , , , , , , , 
5456,0560002,very poorly drained,organic, ,sphagnum peat, , , , , , , , , , , , 
5457,0560003,moderately well drained,morainal till,fine loamy and fine silty, , , , , , , , ,hydromorphic, , , , 
5458,0560004,well drained,glacio-fluvial,sandy, , , ,morainal till,coarse loamy and coarse silty, , , ,hydromorphic, , , , 
5459,0560005,imperfectly drained,glacio-fluvial,fine loamy and fine silty, , , ,morainal till,fine loamy and fine silty, , , ,terrestrial, , , , 
5460,0560006,moderately well drained,morainal till,fine loamy and fine silty, , , , , , , , ,terrestrial, , , , 
5461,0560007,very poorly drained,organic, ,fen peat, , , , , , , , , , , , 
5462,0560008,moderately well drained,glacio-fluvial,fine loamy and fine silty, , , , , , , , ,hydromorphic, , , , 
5463,0560009,poorly drained,organic, ,sphagnum peat, , , , , , , , , , , , 
5464,0560010,moderately well drained,morainal till,sandy, , , , ,fine loamy and fine silty, , , ,terrestrial, , , , 
5465,0560011,poorly drained,morainal till,fine loamy and fine silty, , , , , , , , , , , , , 
5466,0560012,moderately well drained,morainal till,fine loamy and fine silty, , , , , , , , ,terrestrial, , , , 
5467,0560013,moderately well drained,fluvio-eolian,coarse loamy and coarse silty, , , ,morainal till,fine loamy and fine silty, , , ,terrestrial, , , , 
5468,0560014,moderately well drained,glaciolacustrine,fine loamy and fine silty, , , ,morainal till,coarse loamy and coarse silty, , , ,hydromorphic, , , , 
5469,0560015,very poorly drained,organic, ,fen peat, , ,glacio-fluvial,fine loamy and fine silty, , , , , , , , 
5470,0560016,moderately well drained,glacio-fluvial,fine loamy and fine silty, , , , , , , , ,hydromorphic, , , , 
5471,0560017,very poorly drained,organic, ,fen peat, , ,glacio-fluvial, , , , , , , , , 
5472,0560018,well drained,glacio-fluvial,coarse loamy and coarse silty, , , , , , , , ,hydromorphic, , , , 
5473,0560019,very poorly drained,glaciolacustrine,fine loamy and fine silty, , , , , , , , ,hydromorphic, , , , 
5474,0570001,moderately well drained,lacustro-till,clayey,sedimentary - shale,calcareous and saline,weak chemical,morainal till,fine loamy and fine silty,sedimentary - sandstone and shale,calcareous and saline,weak chemical, , , , , 
5475,0570002,imperfectly drained,glaciolacustrine, , ,weakly calcareous, , , , , , , , , , , 
5476,0570003,well drained,lacustrine,clayey, , ,unspecified, , , , , ,terrestrial, , , , 
5477,0570004, ,fluvio-lacustrine,fine loamy and fine silty, , ,unspecified, , , , , ,terrestrial, , , , 
5478,0570005,moderately well drained,eolian,coarse loamy and coarse silty,mixed,moderately acidic to neutral,unspecified,morainal till,skeletal,sedimentary - limestone,extremely calcareous,chemical and physical,terrestrial, , , , 
5479,0570006,well drained,fluvial,skeletal,undifferentiated,moderately to very strongly calcareous,unspecified, , , , , ,terrestrial, , , , 
5480,0570007,well drained,eolian,coarse loamy and coarse silty,undifferentiated,moderately acidic to neutral,chemical and physical,morainal till,coarse loamy and coarse silty,mixed,moderately to very strongly calcareous,chemical and physical,terrestrial, , , , 
5481,0570008,moderately well drained,colluvial,fragmental,mixed,moderately acidic to neutral,fractured, , , , , ,terrestrial, , , , 
5482,0570009,imperfectly drained,eolian,coarse loamy and coarse silty,undifferentiated,extremely to strongly acidic,chemical and physical, , , , , ,terrestrial, , , , 
5483,0570010,well drained,morainal till,coarse loamy and coarse silty,sedimentary - unspecified type,extremely to strongly acidic,moderate chemical,fluvio-lacustrine,fine loamy and fine silty, ,moderately to very strongly calcareous,unspecified, , , , , 
5484,0570011,very rapidly drained,colluvial,fragmental,sedimentary - unspecified type,moderately to very strongly calcareous,shattered, , , , , , , , , , 
5485,0570012,moderately well drained,morainal till,fine loamy and fine silty,sedimentary - siltstone and mudstone, ,unspecified, , , , , ,terrestrial, , , , 
5486,0570013,well drained,eolian,coarse loamy and coarse silty,sedimentary - siltstone and mudstone, ,unspecified,morainal till,coarse loamy and coarse silty, , ,unspecified,terrestrial, , , , 
5487,0570014,well drained,colluvial,fragmental,sedimentary - limestone,extremely calcareous,shattered, , , , , , , , , , 
5488,0570015,rapidly drained,colluvial,skeletal,sedimentary - conglomerate,moderately acidic to neutral, ,morainal till,skeletal, ,extremely to strongly acidic, , , , , , 
5489,0570016,poorly drained,fluvial,skeletal,sedimentary - siltstone and mudstone,moderately to very strongly calcareous, , , , , , , , , , , 
5490,0570017,well drained,eolian,coarse loamy and coarse silty,sedimentary - siltstone and mudstone,moderately to very strongly calcareous,unspecified,glacio-fluvial,coarse loamy and coarse silty, ,moderately to very strongly calcareous,unspecified,terrestrial, , , , 
5491,0570018,moderately well drained,glaciolacustrine,fine loamy and fine silty,sedimentary - siltstone and mudstone,moderately to very strongly calcareous,unspecified,morainal till,fine loamy and fine silty, ,calcareous and saline,unspecified,terrestrial, , , , 
5492,0570019,rapidly drained,colluvial,skeletal,sedimentary - unspecified type,moderately to very strongly calcareous,weak chemical, , , , , , , , , , 
5493,0570020,well drained,fluvial,coarse loamy and coarse silty,sedimentary - unspecified type,moderately to very strongly calcareous,weak chemical,morainal till,skeletal,undifferentiated,moderately to very strongly calcareous,unspecified,terrestrial, , , , 
5494,0570021,well drained,colluvial,skeletal,mixed,weakly calcareous,unspecified, , , , , , , , , , 
5495,0570022,well drained,eolian,coarse loamy and coarse silty,undifferentiated,undifferentiated,moderate chemical,morainal till,coarse loamy and coarse silty,sedimentary - sandstone,extremely to strongly acidic,moderate chemical, , , , , 
5496,0570023,well drained,eolian,coarse loamy and coarse silty,sedimentary - unspecified type,extremely to strongly acidic,moderate chemical,morainal till,coarse loamy and coarse silty, ,extremely to strongly acidic,moderate chemical, , , , , 
5497,0570024,rapidly drained,colluvial,skeletal,metamorphic - quartzite,extremely to strongly acidic,moderate chemical, , , , , , , , , , 
5498,0570025,moderately well drained,glaciolacustrine,coarse loamy and coarse silty,sedimentary - unspecified type,extremely to strongly acidic,weak chemical, , , , , , , , , , 
5499,0570026,rapidly drained,colluvial,coarse loamy and coarse silty,sedimentary - unspecified type,moderately acidic to neutral,shattered, , , , , , , , , , 
5500,0570027,moderately well drained,morainal till,coarse loamy and coarse silty,mixed,extremely to strongly acidic,unspecified, , , , , , , , , , 
5501,0570028,imperfectly drained,glaciolacustrine,clayey,sedimentary - siltstone and mudstone,moderately to very strongly calcareous,weak chemical, , , , , , , , , , 
5502,0570029,imperfectly drained,fluvial,fine loamy and fine silty,sedimentary - siltstone and mudstone,moderately acidic to neutral,weak chemical, , , , , ,terrestrial, , , , 
5503,0580001,well drained,glaciolacustrine,fine loamy and fine silty, , , , , , , , ,terrestrial, , , , 
5504,0580002,poorly drained,glacio-fluvial,coarse loamy and coarse silty, , , ,glacio-lacustrine,fine loamy and fine silty, , , ,terrestrial, , , , 
5505,0580003,rapidly drained,eolian,sandy, , , , , , , , ,terrestrial, , , , 
5506,0580004,moderately well drained,morainal till,fine loamy and fine silty, , , , , , , , ,terrestrial, , , , 
5507,0580005,well drained,residual,coarse loamy and coarse silty, , , , , ,sedimentary - sandstone, , ,terrestrial, , ,0, 
5508,0580006,moderately well drained,glaciolacustrine,clayey, , , , , , , , ,terrestrial, , , , 
5509,0580007,well drained,morainal till,coarse loamy and coarse silty, , , , , , , , ,terrestrial, , , , 
5510,0580008,moderately well drained,glaciolacustrine,coarse loamy and coarse silty, , , ,morainal till,coarse loamy and coarse silty, , , ,terrestrial, , , , 
5511,0580009,well drained,glacio-fluvial,coarse loamy and coarse silty, , , , , , , , , , , , , 
5512,0580010,moderately well drained,morainal till,fine loamy and fine silty, , , , , , , , ,terrestrial, , , , 
5513,0590001,well drained,residual,sandy, , , , , , , , , , , ,70, 
5514,0590002,moderately well drained,morainal till,fine loamy and fine silty, , , , , , , , ,terrestrial, , , , 
5515,0590003,moderately well drained,morainal till,clayey, , , , , , , , , , , , , 
5516,0590004,imperfectly drained,glaciolacustrine,clayey, , , ,morainal till,clayey, , , ,terrestrial, , , , 
5517,0590005,poorly drained,glaciolacustrine,clayey, , , ,morainal till,clayey, , , , , , , , 
5518,0590006,well drained,fluvial,sandy, , , , , , , , ,terrestrial, , , , 
5519,0590007,moderately well drained,fluvial,fine loamy and fine silty, , , , , , , , , , , , , 
5520,0590008,well drained,fluvial,stratified - mineral, , , , , , , , ,terrestrial, , , , 
5521,0590009,rapidly drained,fluvial,coarse loamy and coarse silty, , , ,fluvial,skeletal, , , ,terrestrial, , , , 
5522,0590010,well drained,fluvial,clayey, , , , , , , , ,terrestrial, , , , 
5523,0590011,moderately well drained,eolian,coarse loamy and coarse silty, , , ,glacio-lacustrine,clayey, , , ,terrestrial, , , , 
5524,0590012,moderately well drained,eolian,coarse loamy and coarse silty, , , ,fluvial,sandy, , , ,terrestrial, , , , 
5525,0590013,moderately well drained,morainal till,fine loamy and fine silty, , , ,residual,coarse loamy and coarse silty, , , ,terrestrial, , ,120, 
5526,0590014,imperfectly drained,morainal till,clayey, , , , , , , , ,terrestrial, , , , 
5527,0590015,well drained,eolian,coarse loamy and coarse silty, , , ,eolian,clayey, , , ,terrestrial, , , , 
5528,0590016,moderately well drained,morainal till,clayey, , , ,residual,clayey, , , ,terrestrial, , ,100, 
5529,0590017,poorly drained,fluvial,coarse loamy and coarse silty, , , , , , , , ,terrestrial, , , , 
5530,0590018,well drained,fluvial,sandy, , , , , , , , , , , , , 
5531,0590019,moderately well drained,glaciolacustrine,clayey, , , ,morainal till,clayey, , , , , , , , 
5532,0590020,moderately well drained,fluvial,sandy, , , ,fluvial,coarse loamy and coarse silty, , , ,terrestrial, , , , 
5533,0590021,poorly drained,fluvial,coarse loamy and coarse silty, , , , , , , , ,terrestrial, , , , 
5534,0600001,well drained,colluvial,coarse loamy and coarse silty, , , , , , , , ,terrestrial, , , , 
5535,0600002,well drained,morainal till,coarse loamy and coarse silty, , , , , , , , , , , , , 
5536,0600003,rapidly drained,colluvial,coarse loamy and coarse silty, , , , , , , , ,terrestrial, , , , 
5537,0600004,very poorly drained,organic, ,unspecified, , , ,fine loamy and fine silty,undifferentiated, , , , , ,90, 
5538,0600005,well drained,morainal till,fine loamy and fine silty, , , , , , , , ,terrestrial, , , , 
5539,0600006,rapidly drained,residual,fine loamy and fine silty, , , , , , , , ,terrestrial, , ,0, 
5540,0600007,well drained,colluvial,fine loamy and fine silty, , , , , , , , ,terrestrial, , ,25, 
5541,0600008,well drained,colluvial,fine loamy and fine silty, , , , , , , , , , , ,40, 
5542,0600009,well drained,colluvial,fine loamy and fine silty, , , , , , , , ,terrestrial, , ,43, 
5543,0600010,well drained,morainal till,fine loamy and fine silty, , , , , , , , ,terrestrial, , , , 
5544,0600011,rapidly drained,fluvial,sandy, , , , , , , , ,terrestrial, , , , 
5545,0600012,well drained,colluvial,fine loamy and fine silty, , , , , , , , , , , , , 
5546,0600013,rapidly drained,residual,coarse loamy and coarse silty, , , , , , , , ,terrestrial, , ,0, 
5547,0610001,moderately well drained,morainal till,fine loamy and fine silty, , , , , , , , ,terrestrial, , , , 
5548,0610002,moderately well drained,morainal till,clayey, , , , , , , , , , , , , 
5549,0610003,imperfectly drained,morainal till,clayey, , , , , , , , , , , , , 
5550,0610004,moderately well drained,glaciolacustrine,clayey, , , , , , , , , , , , , 
5551,0610005,moderately well drained,morainal till,clayey, , , , , , , , ,terrestrial, , , , 
5552,0610006,moderately well drained,morainal till,clayey, , , , , , , , ,terrestrial, , , , 
5553,0610007,moderately well drained,glacio-fluvial,fine loamy and fine silty, , , ,morainal till,clayey, , , ,terrestrial, , , , 
5554,0610008,moderately well drained,lacustro-till,clayey, , , , , , , , ,terrestrial, , , , 
5555,0610009,well drained,glacio-fluvial,coarse loamy and coarse silty, , , , , , , , ,terrestrial, , , , 
5556,0610010,very poorly drained,organic, ,sphagnum peat, , ,morainal till,fine loamy and fine silty, , , , , , , , 
5557,0610011,very poorly drained,lacustro-till,fine loamy and fine silty, , , ,lacustro-till,clayey, , , ,hydromorphic, , , , 
5558,0610012,moderately well drained,lacustro-till,clayey, , , , , , , , ,terrestrial, , , , 
5559,0610013,moderately well drained,morainal till,clayey, , , , , , , , ,terrestrial, , , , 
5560,0610014,poorly drained,organic, ,sphagnum peat, , , , , , , , , , , , 
5561,0610015,moderately well drained,morainal till,clayey, , , , , , , , ,hydromorphic, , , , 
5562,0610016,poorly drained,organic, ,fen peat, , ,lacustro-till,clayey, , , , , , , , 
5563,0610017,poorly drained,organic, ,sphagnum peat, , , , , , , , , , , , 
5564,0610018,imperfectly drained,glacio-fluvial,coarse loamy and coarse silty, , , ,morainal till,fine loamy and fine silty, , , ,hydromorphic, , , , 
5565,0610019,imperfectly drained,morainal till,fine loamy and fine silty, , , , , , , , ,terrestrial, , , , 
5566,0610020,rapidly drained,glacio-fluvial,sandy, , , , , , , , ,terrestrial, , , , 
5567,0610021,very poorly drained,organic, ,fen peat, , , , , , , , , , , , 
5568,0610022,moderately well drained,morainal till,fine loamy and fine silty, , , , , , , , ,terrestrial, , , , 
5569,0610023,moderately well drained,lacustro-till,clayey, , , , , , , , ,terrestrial, , , , 
5570,0610024,very poorly drained,organic, ,fen peat, , ,glacio-lacustrine,fine loamy and fine silty, , , , , , , , 
5571,0610025,moderately well drained,morainal till,clayey, , , , , , , , ,terrestrial, , , , 
5572,0620001,well drained,morainal till,coarse loamy and coarse silty, ,calcareous and saline, , , , , , , , , , , 
5573,0620002,well drained,glaciolacustrine,coarse loamy and coarse silty, ,moderately to very strongly calcareous, ,morainal till,coarse loamy and coarse silty, ,calcareous and saline, , , , , , 
5574,0630001,imperfectly drained,glaciolacustrine,clayey, ,calcareous and saline, , , , , , , , , , , 
5575,0630002,imperfectly drained,glaciolacustrine,clayey, ,calcareous and saline, , , , , , , , , , , 
5576,0640001,well drained,morainal till,fine loamy and fine silty, ,calcareous and saline, , , , , , , , , , , 
5577,0640002,imperfectly drained,glaciolacustrine,fine loamy and fine silty, , , ,morainal till,fine loamy and fine silty, , , , , , , , 
5578,0640003,moderately well drained,morainal till,fine loamy and fine silty, ,calcareous and saline, , , , , , , , , , , 
5579,0650001,well drained,morainal till,fine loamy and fine silty, ,moderately to very strongly calcareous, , , , , , , , , , , 
5580,0650002,well drained,morainal till,fine loamy and fine silty, ,moderately to very strongly calcareous, , , , , , , , , , , 
5581,0660001,well drained,glaciolacustrine,fine loamy and fine silty, ,moderately to very strongly calcareous, ,morainal till,fine loamy and fine silty, ,moderately to very strongly calcareous, , , , , , 
5582,0660002,well drained,morainal till,fine loamy and fine silty, ,moderately to very strongly calcareous, , , , , , , , , , , 
5583,0670001,well drained,fluvial, , , , , , , , , , , , , , 
5584,0670002,moderately well drained,lacustrine, , , , , , , , , , , , , , 
5585,0670003,well drained,glacio-fluvial, , , , , , , , , , , , , , 
5586,0670004,well drained,eolian, , , , , , , , , , , , , , 
5587,0670005,well drained,eolian, , , , , , , , , ,terrestrial, , , , 
5588,0670006,moderately well drained,lacustrine,clayey, , , , , , , , , , , , , 
5589,0670007,well drained,glacio-fluvial, , , , , , , , , , , , , , 
5590,0670008,well drained,glacio-fluvial, , , , , , , , , , , , , , 
5591,0670009,well drained,glacio-fluvial, , , , ,glacio-lacustrine, , , , , , , , , 
5592,0670010,well drained,glacio-fluvial, , , , , , , , , , , , , , 
5593,0680001,well drained,glaciolacustrine, , , , ,morainal till, , , , ,terrestrial, , , , 
5594,0680002,rapidly drained,fluvial,sandy, , , , , , , , ,terrestrial, , , , 
5595,0680003,poorly drained,morainal till, , , , , , , , , ,hydromorphic, , , , 
5596,0680004,rapidly drained,fluvial,sandy, , , ,fluvial,sandy, , , ,terrestrial, , , , 
5597,0680005,moderately well drained,glaciolacustrine,stratified - mineral, , , , , , , , ,terrestrial, , , , 
5598,0680006,moderately well drained,glaciolacustrine,clayey, , , , , , , , , , , , , 
5599,0680007,moderately well drained,residual, , , , , , , , , ,terrestrial, , , , 
5600,0680008,well drained,morainal till, , , , , , , , , ,terrestrial, , , , 
5601,0680009,rapidly drained,fluvial,sandy, , , , , , , , ,terrestrial, , , , 
5602,0680010,well drained,morainal till, , , , , , , , , ,terrestrial, , , , 
5603,0690001,moderately well drained,glaciolacustrine,clayey, , , , , , , , ,terrestrial, , , , 
5604,0690002,moderately well drained,glaciolacustrine,clayey, , , ,fluvial,sandy, , , ,terrestrial, , , , 
5605,0690003,well drained,glacio-fluvial,sandy, , , , , , , , , , , , , 
5606,0690004,moderately well drained,eolian,sandy, , , ,glacio-lacustrine,clayey, , , , , , , , 
5607,0690005,rapidly drained,lacustrine,sandy, , , , , , , , , , , , , 
5608,0690006,well drained,glaciolacustrine,sandy, , , , , , , , , , , , , 
5609,0690007,moderately well drained,glaciolacustrine,clayey, , , , , , , , , , , , , 
5610,0690008,well drained,fluvial,sandy, , , ,glacio-lacustrine,clayey, , , , , , , , 
5611,0690009,moderately well drained,fluvial,sandy, , , ,morainal till,clayey, , , , , , , , 
5612,0690010,moderately well drained,morainal till,clayey, , , , , , , , , , , , , 
5613,0690011,poorly drained,fluvial,fine loamy and fine silty, , , ,lacustrine,clayey, , , , , , , , 
5614,0690012,poorly drained,glaciolacustrine,clayey, , , , , , , , ,terrestrial, , , , 
5615,0700001,well drained,fluvial,coarse loamy and coarse silty, , , ,fluvial,sandy, , , ,terrestrial, , , , 
5616,0700002,rapidly drained,glacio-fluvial,sandy, , , , , , , , ,terrestrial, , , , 
5617,0710001,well drained,lacustrine,fine loamy and fine silty,sedimentary - siltstone and mudstone,weakly calcareous,weak chemical,morainal till,fine loamy and fine silty, ,moderately to very strongly calcareous,chemical and physical, , , , , 
5618,0720001,imperfectly drained,glacio-fluvial,fine loamy and fine silty, , , , , , , , , , , , , 
5619,0720002,well drained,glacio-fluvial,fine loamy and fine silty, , , , , , , , , , , , , 
5620,0720003,rapidly drained,eolian,sandy, , , , , , , , ,terrestrial, , , , 
5621,0720004,very poorly drained,fluvial,clayey, , , , , , , , ,hydromorphic, , , , 
5622,0720005,imperfectly drained,fluvial,fine loamy and fine silty, , , , , , , , , , , , , 
5623,0720006,well drained,glacio-fluvial,coarse loamy and coarse silty, , , ,glacio-lacustrine,fine loamy and fine silty, , , ,terrestrial, , , , 
5624,0720007,moderately well drained,glaciolacustrine,fine loamy and fine silty, , , , , , , , , , , , , 
5625,0720008,well drained,glacio-fluvial,coarse loamy and coarse silty, , , ,morainal till,clayey, , , , , , , , 
5626,0720009,very poorly drained,organic, , , , , , ,organic material - sphagnum peat, , , , , , , 
5627,0720010,well drained,glacio-fluvial,coarse loamy and coarse silty, , , , , , , , , , , , , 
5628,0720011,imperfectly drained,glacio-fluvial,fine loamy and fine silty, , , ,glacio-lacustrine,fine loamy and fine silty, , , , , , , , 
5629,0720012,poorly drained,glacio-fluvial,fine loamy and fine silty, , , ,glacio-lacustrine,fine loamy and fine silty, , , ,hydromorphic, , , , 
5630,0720014,poorly drained,glacio-fluvial,fine loamy and fine silty, , , ,morainal till,fine loamy and fine silty, , , , , , , , 
5631,0720015,poorly drained,organic, , , , ,glacio-lacustrine,fine loamy and fine silty,organic material - sphagnum peat, , , , , , , 
5632,0720016,moderately well drained,morainal till,clayey, , , , , , , , , , , , , 
5633,0720017,poorly drained,organic, , , , ,glacio-lacustrine,fine loamy and fine silty,organic material - sphagnum peat, , , , , , , 
5634,0720018,very poorly drained,organic, , , , ,glacio-lacustrine,fine loamy and fine silty,organic material - sphagnum peat, , , , , , , 
5635,0720019,poorly drained,organic, , , , , , ,organic material - sphagnum peat, , , , , , , 
5636,0730001,well drained,morainal till,clayey, , , , , , , , , , , , , 
5637,0730002,well drained,morainal till,fine loamy and fine silty, , , , , , , , , , , , , 
5638,0730003,poorly drained,lacustrine,fine loamy and fine silty, , , , , , , , , , , , , 
5639,0730004,well drained,glaciolacustrine,clayey, , , , , , , , , , , , , 
5640,0730005,well drained,morainal till,fine loamy and fine silty, , , , , , , , , , , , , 
5641,0730006,rapidly drained,glacio-fluvial,skeletal, , , , , , , , , , , , , 
5642,0730007,rapidly drained,glacio-fluvial,skeletal, , , , , , , , ,terrestrial, , , , 
5643,0730008,rapidly drained,glacio-fluvial,coarse loamy and coarse silty, , , , , , , , ,terrestrial, , , , 
5644,0730009,well drained,morainal till,fine loamy and fine silty, , , , , , , , ,terrestrial, , , , 
5645,0730010,poorly drained,lacustrine,fine loamy and fine silty, , , , , , , , ,hydromorphic, , , , 
5646,0730011,well drained,morainal till,fine loamy and fine silty, , , , , , , , , , , , , 
5647,0730012,moderately well drained,glaciolacustrine,clayey, , , , , , , , , , , , , 
5648,0730013,moderately well drained,glaciolacustrine,clayey, , , , , , , , ,terrestrial, , , , 
5649,0730014,moderately well drained,glaciolacustrine,clayey, , , , , , , , , , , , , 
5650,0730015, ,glaciolacustrine,clayey, , , ,morainal till,fine loamy and fine silty, , , , , , , , 
5651,0730016,rapidly drained,glacio-fluvial,coarse loamy and coarse silty, , , , , , , , , , , , , 
5652,0730017,rapidly drained,glacio-fluvial,coarse loamy and coarse silty, , , , , , , , , , , , , 
5653,0730018,poorly drained,morainal till,fine loamy and fine silty, , , , , , , , , , , , , 
5654,0730019,well drained,morainal till,fine loamy and fine silty, , , , , , , , ,terrestrial, , , , 
5655,0730020,well drained,glaciolacustrine,clayey, , , , , , , , , , , , , 
5656,0730021,well drained,glaciolacustrine,coarse loamy and coarse silty, , , , , , , , , , , , , 
5657,0730022,well drained,glacio-fluvial,coarse loamy and coarse silty, , , , , , , , , , , , , 
5658,0730023,well drained,glacio-fluvial,coarse loamy and coarse silty, , , ,morainal till,coarse loamy and coarse silty, , , , , , , , 
5659,0730024,well drained,colluvial,fine loamy and fine silty, , , , , ,sedimentary - shale, , , , , ,55, 
5660,0730025,well drained,morainal till,fine loamy and fine silty, , , , , , , , , , , , , 
5661,0730027,poorly drained,lacustrine,clayey, , , , , , , , , , , , , 
5662,0730028,well drained,eolian,fine loamy and fine silty, , , , , , , , , , , , , 
5663,0730029,moderately well drained,glaciolacustrine,fine loamy and fine silty, , , , , , , , , , , , , 
5664,0730030,well drained,colluvial,fine loamy and fine silty, , , , , , , , , , , , , 
5665,0730031,moderately well drained,morainal till,clayey, , , , , , , , , , , , , 
5666,0730032,rapidly drained,glacio-fluvial,skeletal, , , , , , , , , , , , , 
5667,0730033,well drained,glacio-fluvial,coarse loamy and coarse silty, , , , , , , , , , , , , 
5668,0730034,well drained,glacio-fluvial,coarse loamy and coarse silty, , , , , , , , , , , , , 
5669,0730035,well drained,morainal till,fine loamy and fine silty, , , , , , , , , , , , , 
5670,0730036,well drained,morainal till,fine loamy and fine silty, , , , , , , , , , , , , 
5671,0730037,well drained,fluvial,fine loamy and fine silty, , , , , , , , , , , , , 
5672,0730038,rapidly drained,glacio-fluvial,skeletal, , , , , , , , , , , , , 
5673,0730040,moderately well drained,fluvial,coarse loamy and coarse silty, , , , , , , , , , , , , 
5674,0730041,well drained,glacio-fluvial,coarse loamy and coarse silty, , , , , ,sedimentary - sandstone, , , , , ,60, 
5675,0730042,well drained,morainal till,fine loamy and fine silty, , , , , , , , , , , , , 
5676,0730043,moderately well drained,glaciolacustrine,clayey, , , , , , , , , , , , , 
5677,0730044,well drained,morainal till,clayey, , , , , , , , , , , ,200, 
5678,0740001,well drained,morainal till,fine loamy and fine silty, , , , , , , , , , , , , 
5679,0740002,rapidly drained,glacio-fluvial,sandy, , , , , , , , , , , , , 
5680,0740003,well drained,morainal till,fine loamy and fine silty, , , , , , , , , , , , , 
5681,0740004,well drained,morainal till,fine loamy and fine silty, , , , , , , , ,terrestrial, , , , 
5682,0740005,well drained,morainal till,fine loamy and fine silty, , , , , , , , , , , , , 
5683,0740006,poorly drained,glaciolacustrine,clayey, , , ,glacio-lacustrine,fine loamy and fine silty, , , , , , , , 
5684,0740007,well drained,morainal till,fine loamy and fine silty, , , , , , , , , , , , , 
5685,0740008,well drained,glacio-fluvial,coarse loamy and coarse silty, , , , , , , , , , , , , 
5686,0740009,well drained,morainal till,fine loamy and fine silty, , , , , , , , , , , , , 
5687,0740010,moderately well drained,glaciolacustrine,clayey, , , , , , , , , , , , , 
5688,0740011,moderately well drained,morainal till,fine loamy and fine silty, , , , , , , , , , , , , 
5689,0740012,moderately well drained,glaciolacustrine,clayey, , , , , , , , , , , , , 
5690,0750001, ,residual,fine loamy and fine silty, , , , , , , , , , , ,0, 
5691,0750002, ,glaciolacustrine,fine loamy and fine silty, , , , , , , , , , , , , 
5692,0750003, ,glaciolacustrine,fine loamy and fine silty, , , , , , , , , , , , , 
5693,0750004, ,morainal till,fine loamy and fine silty, , , , , , , , , , , , , 
5694,0750005, ,morainal till,clayey, , , , , , , , , , , , , 
5695,0750006, ,morainal till,fine loamy and fine silty, , , ,residual,fine loamy and fine silty, , , , , , ,81, 
5696,0750007, ,glacio-fluvial,fine loamy and fine silty, , , , , , , , , , , , , 
5697,0750008, ,morainal till,coarse loamy and coarse silty, , , ,residual,coarse loamy and coarse silty, , , , , , ,46, 
5698,0750009, ,residual,coarse loamy and coarse silty, , , , , , , , , , , ,0, 
5699,0750010, ,morainal till,fine loamy and fine silty, , , , , , , , , , , , , 
5700,0750011, ,glaciolacustrine,fine loamy and fine silty, , , ,morainal till,fine loamy and fine silty, , , , , , , , 
5701,0750012, ,morainal till,fine loamy and fine silty, , , , , , , , , , , , , 
5702,0750013, ,morainal till,fine loamy and fine silty, , , , , , , , , , , , , 
5703,0750014, ,morainal till,fine loamy and fine silty, , , , , , , , , , , , , 
5704,0760001,poorly drained,morainal till,fine loamy and fine silty,sedimentary - siltstone and mudstone,weakly calcareous, , , , , , , , , , , 
5705,0760002,well drained,eolian,coarse loamy and coarse silty,sedimentary - siltstone and mudstone,moderately acidic to neutral,chemical and physical, , , , , , , , , , 
5706,0760003,well drained,fluvial,coarse loamy and coarse silty,sedimentary - siltstone and mudstone,weakly calcareous,weak chemical, , , , , , , , , , 
5707,0760004,moderately well drained,fluvio-lacustrine,fine loamy and fine silty,sedimentary - siltstone and mudstone,weakly calcareous,chemical and physical, , , , , , , , , , 
5708,0760005,rapidly drained,eolian,sandy,sedimentary - siltstone and mudstone,weakly calcareous,moderate chemical, , , , , , , , , , 
5709,0760006,moderately well drained,eolian,sandy,sedimentary - siltstone and mudstone,weakly calcareous,chemical and physical, , , , , , , , , , 
5710,0760007,well drained,fluvio-lacustrine,fine loamy and fine silty,sedimentary - siltstone and mudstone,moderately to very strongly calcareous,chemical and physical, , , , , , , , , , 
5711,0770001,well drained,morainal till,fine loamy and fine silty, , , , , , , , , , , , , 
5712,0770002,well drained,glacio-fluvial,fine loamy and fine silty, , , , , , , , , , , , , 
5713,0770003,poorly drained,glaciolacustrine,clayey, , , , , , , , ,hydromorphic, , , , 
5714,0770004,well drained,morainal till,fine loamy and fine silty, , , , , , , , , , , , , 
5715,0770005,moderately well drained,morainal till,fine loamy and fine silty, , , ,residual,fine loamy and fine silty, , , , , , , , 
5716,0780001, ,morainal till,fine loamy and fine silty, , , , , , , , ,terrestrial, , , , 
5717,0780002, ,glacio-fluvial,sandy, , , , , , , , ,terrestrial, , , , 
5718,0780003, ,glacio-fluvial,sandy, , , ,morainal till,fine loamy and fine silty, , , , , , , , 
5719,0780004, ,morainal till,coarse loamy and coarse silty, , , , , , , , ,terrestrial, , , , 
5720,0780005, ,fluvial,coarse loamy and coarse silty, , , , , , , , , , , , , 
5721,0780006, ,glacio-fluvial,sandy, , , , , , , , , , , , , 
5722,0780007, ,glacio-fluvial,coarse loamy and coarse silty, , , ,morainal till,coarse loamy and coarse silty, , , ,terrestrial, , , , 
5723,0780008, ,glacio-fluvial,coarse loamy and coarse silty, , , , , , , , ,terrestrial, , , , 
5724,0780009, ,glacio-fluvial,coarse loamy and coarse silty, , , ,morainal till,fine loamy and fine silty, , , , , , , , 
5725,0780010, ,morainal till,fine loamy and fine silty, , , , , , , , , , , , , 
5726,0780011, ,glaciolacustrine,fine loamy and fine silty, , , , , , , , , , , , , 
5727,0780012, ,morainal till,fine loamy and fine silty, , , , , , , , , , , , , 
5728,0780013, ,morainal till,fine loamy and fine silty, , , , , , , , ,hydromorphic, , , , 
5729,0780014, ,morainal till,fine loamy and fine silty, , , , , , , , ,terrestrial, , , , 
5730,0780015, ,organic, ,fen peat, , , , , , , , , , , , 
5731,0780016, ,glacio-fluvial,coarse loamy and coarse silty, , , , , , , , , , , , , 
5732,0780017, ,morainal till,fine loamy and fine silty, , , , , , , , ,terrestrial, , , , 
5733,0780018, ,morainal till,clayey, , , , , , , , , , , , , 
5734,0780019, ,morainal till,fine loamy and fine silty, , , , , , , , , , , , , 
5735,0790001,poorly drained,lacustrine,clayey,sedimentary - siltstone and mudstone,weakly calcareous,unspecified,morainal till,fine loamy and fine silty, ,moderately to very strongly calcareous,unspecified, , , , , 
5736,0800001,moderately well drained,lacustrine,clayey,sedimentary - shale,moderately to very strongly calcareous,weak chemical, , , , , , , , , , 
5737,0810001,well drained,fluvial, ,sedimentary - unspecified type, ,weak chemical, , , , , , , , , , 
5738,0820001,moderately well drained,glacio-fluvial,coarse loamy and coarse silty, , , , , , , , ,terrestrial, , , , 
5739,0820002,imperfectly drained,glaciolacustrine,clayey, , , , , , , , ,hydromorphic, , , , 
5740,0820003,poorly drained,morainal till,fine loamy and fine silty, , , , , , , , ,hydromorphic, , , , 
5741,0820004,moderately well drained,morainal till,coarse loamy and coarse silty, , , , , , , , ,terrestrial, , , , 
5742,0820005,moderately well drained,morainal till,fine loamy and fine silty, , , , , , , , ,terrestrial, , , , 
5743,0820006,poorly drained,glaciolacustrine,clayey, , , , , , , , ,hydromorphic, , , , 
5744,0820007,well drained,morainal till,fine loamy and fine silty, , , , , , , , ,terrestrial, , , , 
5745,0820008,rapidly drained,glacio-fluvial,coarse loamy and coarse silty, , , , , , , , ,terrestrial, , , , 
5746,0820009,moderately well drained,glaciolacustrine,fine loamy and fine silty, , , ,morainal till,clayey, , , ,terrestrial, , , , 
5747,0820010,poorly drained,glacio-fluvial,sandy, , , , , , , , ,terrestrial, , , , 
5748,0820011,poorly drained,glacio-fluvial,coarse loamy and coarse silty, , , ,morainal till,clayey, , , ,terrestrial, , , , 
5749,0820012,moderately well drained,glaciolacustrine,clayey, , , , , , , , , , , , , 
5750,0820013,imperfectly drained,eolian,sandy, , , , , , , , ,terrestrial, , , , 
5751,0820014,moderately well drained,morainal till,fine loamy and fine silty, , , , , , , , ,terrestrial, , , , 
5752,0820015,well drained,glacio-fluvial,coarse loamy and coarse silty, , , , , , , , ,terrestrial, , , , 
5753,0820016,well drained,glaciolacustrine,clayey, , , , , , , , ,terrestrial, , , , 
5754,0820017,moderately well drained,glaciolacustrine,clayey, , , , , , , , ,terrestrial, , , , 
5755,0820018,well drained,glacio-fluvial,sandy, , , ,morainal till, , , , ,terrestrial, , , , 
5756,0820019,rapidly drained,eolian,sandy, , , , , , , , ,terrestrial, , ,85, 
5757,0820020,well drained,glacio-fluvial,sandy, , , ,morainal till,fine loamy and fine silty, , , ,terrestrial, , , , 
5758,0820021,well drained,morainal till,coarse loamy and coarse silty, , , , , , , , ,terrestrial, , , , 
5759,0820022,well drained,morainal till,coarse loamy and coarse silty, , , , , , , , ,terrestrial, , , , 
5760,0820023,moderately well drained,morainal till,coarse loamy and coarse silty, , , , , , , , ,terrestrial, , , , 
5761,0820024,moderately well drained,glaciolacustrine,fine loamy and fine silty, , , , , , , , ,terrestrial, , , , 
5762,0820026,moderately well drained,morainal till,fine loamy and fine silty, , , , , , , , ,terrestrial, , , , 
5763,0820027,imperfectly drained,fluvial,clayey, , , , , , , , ,terrestrial, , , , 
5764,0820028,rapidly drained,glacio-fluvial,sandy, , , , , , , , ,terrestrial, , , , 
5765,0820029,well drained,colluvial,fine loamy and fine silty, , , , , , , , ,terrestrial, , , , 
5766,0820030,well drained,glacio-fluvial,sandy, , , , , , , , ,terrestrial, , , , 
5767,0820031,rapidly drained,glacio-fluvial,sandy, , , , , , , , ,terrestrial, , , , 
5768,0820032,well drained,morainal till,coarse loamy and coarse silty, , , , , , , , ,terrestrial, , , , 
5769,0820033,rapidly drained,glacio-fluvial,sandy, , , , , , , , ,terrestrial, , , , 
5770,0820034,moderately well drained,morainal till,fine loamy and fine silty, , , , , , , , ,terrestrial, , , , 
5771,0820035,rapidly drained,glacio-fluvial,sandy, , , , , , , , ,terrestrial, , , , 
5772,0820036,well drained,morainal till,sandy, , , , , , , , ,terrestrial, , , , 
5773,0820037,well drained,glacio-fluvial,sandy, , , , , , , , ,terrestrial, , , , 
5774,0820039,moderately well drained,morainal till,fine loamy and fine silty, , , , , , , , ,terrestrial, , , , 
5775,0820040,very rapidly drained,glacio-fluvial,sandy, , , , , , , , ,terrestrial, , , , 
5776,0820041,well drained,glacio-fluvial,sandy, , , , , , , , ,terrestrial, , , , 
5777,0820042,moderately well drained,glaciolacustrine,clayey, , , , , , , , ,terrestrial, , , , 
5778,0820044,moderately well drained,morainal till,fine loamy and fine silty, , , , , , , , ,terrestrial, , , , 
5779,0820045,moderately well drained,glaciolacustrine,clayey, , , , , , , , ,terrestrial, , , , 
5780,0820046,imperfectly drained,glaciolacustrine,clayey, , , ,morainal till, , , , ,terrestrial, , , , 
5781,0820047,moderately well drained,glaciolacustrine,clayey, , , ,morainal till,clayey, , , ,terrestrial, , , , 
5782,0820048,moderately well drained,morainal till,fine loamy and fine silty, , , , , , , , ,terrestrial, , , , 
5783,0820049,imperfectly drained,glaciolacustrine,clayey, , , , , , , , ,terrestrial, , , , 
5784,0820050,rapidly drained,eolian,sandy, , , , , , , , ,terrestrial, , , , 
5785,0820051,moderately well drained,morainal till,fine loamy and fine silty, , , , , , , , ,terrestrial, , , , 
5786,0820052,very poorly drained,organic, , , , , , , , , ,hydromorphic, , , , 
5787,0820053,imperfectly drained,glaciolacustrine,clayey, , , ,morainal till, , , , ,terrestrial, , , , 
5788,0820054,very poorly drained,organic, , , , , , , , , ,hydromorphic, , , , 
5789,0820056,rapidly drained,morainal till,sandy, , , , , , , , ,terrestrial, , , , 
5790,0820057,very poorly drained,organic, , , , , , , , , ,hydromorphic, , , , 
5791,0820058,very poorly drained,organic, , , , , , , , , ,hydromorphic, , , , 
5792,0820059,very poorly drained,organic, , , , , , , , , ,hydromorphic, , , , 
5793,0820060,very poorly drained,organic, , , , , , , , , ,hydromorphic, , , , 
5794,0820062,moderately well drained,morainal till,fine loamy and fine silty, , , , , , , , ,terrestrial, , , , 
5795,0820063,very poorly drained,organic, , , , , , , , , ,hydromorphic, , , , 
5796,0820064,very poorly drained,organic, , , , , , , , , ,hydromorphic, , , , 
5797,0820065,very poorly drained,organic, , , , , , , , , ,hydromorphic, , , , 
5798,0820066,very poorly drained,organic, , , , , , , , , ,hydromorphic, , , , 
5799,0820067,moderately well drained,morainal till,fine loamy and fine silty, , , , , , , , ,terrestrial, , , , 
5800,0820068,well drained,morainal till,fine loamy and fine silty, , , , , , , , ,terrestrial, , , , 
5801,0820069,moderately well drained,morainal till,clayey, , , , , , , , ,terrestrial, , , , 
5802,0820070,moderately well drained,morainal till,fine loamy and fine silty, , , , , , , , ,terrestrial, , , , 
5803,0820071,imperfectly drained,fluvial,coarse loamy and coarse silty, , , ,glacio-fluvial,sandy, , , ,terrestrial, , , , 
5804,0820072,well drained,morainal till,coarse loamy and coarse silty, , , , , , , , ,terrestrial, , , , 
5805,0820073,moderately well drained,morainal till,fine loamy and fine silty, , , , , , , , ,terrestrial, , , , 
5806,0820074,moderately well drained,morainal till,fine loamy and fine silty, , , , , , , , ,terrestrial, , , , 
5807,0820075,imperfectly drained,morainal till,clayey, , , , , , , , ,terrestrial, , , , 
5808,0820076,moderately well drained,morainal till,clayey, , , , , , , , ,terrestrial, , , , 
5809,0820077,moderately well drained,morainal till,clayey, , , , , , , , ,terrestrial, , , , 
5810,0820078,moderately well drained,morainal till,coarse loamy and coarse silty, , , , , , , , ,terrestrial, , , , 
5811,0820079,imperfectly drained,morainal till,clayey, , , , , , , , ,terrestrial, , , , 
5812,0820080,imperfectly drained,fluvial,fine loamy and fine silty, , , , , , , , ,terrestrial, , , , 
5813,0820081,moderately well drained,fluvial,sandy, , , , , , , , ,terrestrial, , , , 
5814,0820082,imperfectly drained,fluvial,clayey, , , ,fluvial,sandy, , , ,terrestrial, , , , 
5815,0820083,very poorly drained,fluvial,clayey, , , , , , , , , , , , , 
5816,0820084,moderately well drained,glaciolacustrine,fine loamy and fine silty, , , ,morainal till,fine loamy and fine silty, , , ,terrestrial, , , , 
5817,0820085,moderately well drained,fluvial,fine loamy and fine silty, , , , , , , , ,terrestrial, , , , 
5818,0820086,moderately well drained,glaciolacustrine,clayey, , , , , , , , ,terrestrial, , , , 
5819,0820087,moderately well drained,morainal till,fine loamy and fine silty, , , , , , , , ,terrestrial, , , , 
5820,0820088,well drained,morainal till,coarse loamy and coarse silty, , , , , , , , ,terrestrial, , , , 
5821,0820089,moderately well drained,glaciolacustrine,clayey, , , , , , , , ,terrestrial, , ,85, 
5822,0820090,well drained,morainal till,fine loamy and fine silty, , , , , , , , ,terrestrial, , , , 
5823,0820091,rapidly drained,eolian,sandy, , , , , , , , ,terrestrial, , , , 
5824,0820092,moderately well drained,glaciolacustrine,undifferentiated, , , ,morainal till,fine loamy and fine silty, , , ,terrestrial, , , , 
5825,0820093,moderately well drained,morainal till,fine loamy and fine silty, , , , , , , , ,terrestrial, , , , 
5826,0820094,well drained,morainal till,coarse loamy and coarse silty, , , ,morainal till,fine loamy and fine silty, , , ,terrestrial, , , , 
5827,0820095,moderately well drained,morainal till,clayey, , , , , , , , ,terrestrial, , , , 
5828,0820096,imperfectly drained,glaciolacustrine,fine loamy and fine silty, , , ,morainal till,fine loamy and fine silty, , , ,terrestrial, , , , 
5829,0820097,very poorly drained,organic, , , , , , , , , ,hydromorphic, , , , 
5830,0820098,very poorly drained,organic, , , , , , , , , ,hydromorphic, , , , 
5831,0820099,well drained,morainal till,fine loamy and fine silty, , , , , , , , ,terrestrial, , , , 
5832,0820100,moderately well drained,glaciolacustrine,clayey, , , ,morainal till,fine loamy and fine silty, , , ,terrestrial, , , , 
5833,0820101,moderately well drained,morainal till,fine loamy and fine silty, , , , ,clayey, , , ,terrestrial, , , , 
5834,0820102,very poorly drained,organic, , , , ,glacio-lacustrine,fine loamy and fine silty, , , ,hydromorphic, , , , 
5835,0820103,moderately well drained,morainal till,fine loamy and fine silty, , , , , , , , ,terrestrial, , , , 
5836,0820104,very poorly drained,organic, , , , , , , , , ,hydromorphic, , , , 
5837,0820105,very poorly drained,organic, , , , , , , , , ,hydromorphic, , , , 
5838,0820106,well drained,morainal till,fine loamy and fine silty, , , , , , , , ,terrestrial, , , , 
5839,0820107,very poorly drained,organic, , , , , , , , , ,hydromorphic, , , , 
5840,0820108,well drained,morainal till,fine loamy and fine silty, , , , , , , , ,terrestrial, , , , 
5841,0820109,imperfectly drained,glaciolacustrine,clayey, , , ,morainal till, , , , ,terrestrial, , , , 
5842,0820110,very poorly drained,organic, , , , , , , , , ,hydromorphic, , , , 
5843,0820111,very poorly drained,organic, , , , , , , , , ,hydromorphic, , , , 
5844,0820112,poorly drained,glaciolacustrine,fine loamy and fine silty, , , , , , , , ,hydromorphic, , , , 
5845,0820113,very poorly drained,organic, , , , , , , , , ,hydromorphic, , , , 
5846,0820114,very poorly drained,organic, , , , , , , , , ,hydromorphic, , , , 
5847,0820115,very poorly drained,organic, , , , , , , , , ,hydromorphic, , , , 
5848,0820116,very poorly drained,organic, , , , , , , , , ,hydromorphic, , , , 
5849,0820117, ,organic, , , , , , , , , ,hydromorphic, , , , 
5850,0820118,very poorly drained,organic, , , , , , , , , ,terrestrial, , , , 
5851,0820119,poorly drained,glacio-fluvial,sandy, , , ,morainal till,coarse loamy and coarse silty, , , ,terrestrial, , , , 
5852,0820120,very poorly drained,organic, , , , , , , , , ,hydromorphic, , , , 
5853,0820121,poorly drained,glaciolacustrine,fine loamy and fine silty, , , , , , , , ,hydromorphic, , , , 
5854,0820122,very rapidly drained,glacio-fluvial,sandy, , , , ,skeletal, , , ,terrestrial, , , , 
5855,0820123,poorly drained,glacio-fluvial,sandy, , , , , , , , ,hydromorphic, , , , 
5856,0820124,imperfectly drained,fluvial,coarse loamy and coarse silty, , , , , , , , ,terrestrial, , , , 
5857,0820125,well drained,glaciolacustrine,sandy, , , ,glacio-lacustrine,fine loamy and fine silty, , , ,terrestrial, , , , 
5858,0820126,very poorly drained,organic, , , , , , , , , ,hydromorphic, , , , 
5859,0830001,well drained,morainal till,coarse loamy and coarse silty,sedimentary - siltstone and mudstone,moderately to very strongly calcareous, , , , , , , , , , , 
5860,0830002,well drained,glacio-fluvial,skeletal,sedimentary - siltstone and mudstone, , , , , , , , , , , , 
5861,0830003,rapidly drained,fluvial,coarse loamy and coarse silty,sedimentary - siltstone and mudstone, , , , , , , , , , , , 
5862,0830004,well drained,fluvial, ,sedimentary - siltstone and mudstone, , , , , , , , , , , , 
5863,0830005,poorly drained,fluvial,fine loamy and fine silty,sedimentary - siltstone and mudstone, , , , , , , , , , , , 
5864,0830006,very poorly drained,fluvial,coarse loamy and coarse silty,sedimentary - siltstone and mudstone, , , , , , , , , , , , 
5865,0830007,rapidly drained,fluvial,skeletal,sedimentary - siltstone and mudstone, , , , , , , , , , , , 
5866,0830008,well drained,fluvial,skeletal,sedimentary - siltstone and mudstone, , , , , , , , , , , , 
5867,0830009,well drained,colluvial,skeletal,sedimentary - siltstone and mudstone, , , , , , , , , , , , 
5868,0830010,well drained,fluvial, ,sedimentary - siltstone and mudstone, , , , , , , , , , , , 
5869,0830011,well drained,fluvial,fine loamy and fine silty,sedimentary - shale, , , , , , , , , , , , 
5870,0830012,well drained,glacio-fluvial,fine loamy and fine silty,sedimentary - siltstone and mudstone,extremely calcareous, , , , , , , , , , , 
5871,0830013,moderately well drained,fluvial,skeletal,sedimentary - siltstone and mudstone, , , , , , , , , , , , 
5872,0830014,well drained,fluvial,skeletal,sedimentary - siltstone and mudstone, , , , , , , , , , , , 
5873,0830015,well drained,morainal till,skeletal,sedimentary - siltstone and mudstone, , , , , , , , , , , , 
5874,0830016,well drained,morainal till,fine loamy and fine silty,sedimentary - siltstone and mudstone, , , , , , , , , , , , 
5875,0830017,well drained,morainal till,fine loamy and fine silty,sedimentary - siltstone and mudstone, , , , , , , , , , , , 
5876,0830018,moderately well drained,fluvial,fine loamy and fine silty,sedimentary - unspecified type,moderately to very strongly calcareous, , , , , , , , , , , 
5877,0830019,moderately well drained,fluvial,skeletal,sedimentary - siltstone and mudstone, , , , , , , , , , , , 
5878,0830020,rapidly drained,eolian,sandy,sedimentary - siltstone and mudstone, , , , , , , , , , , , 
5879,0830021,very poorly drained,organic,stratified - mineral and organic,unspecified type, , , , , , , , , , , , 
5880,0830022,well drained,fluvial,stratified - mineral,sedimentary - siltstone and mudstone, , , , , , , , , , , , 
5881,0840001,very poorly drained,organic, ,sphagnum peat, , ,glacio-lacustrine,fine loamy and fine silty, , , , , , , , 
5882,0840002,imperfectly drained,glaciolacustrine,fine loamy and fine silty, , , , , , , , ,terrestrial, , , , 
5883,0840003,very poorly drained,fluvial,fine loamy and fine silty, , , ,glacio-lacustrine,clayey, , , ,hydromorphic, , , , 
5884,0840004,poorly drained,glaciolacustrine,clayey, , , , , , , , ,hydromorphic, , , , 
5885,0840005,poorly drained,morainal till,fine loamy and fine silty, , , , , , , , ,hydromorphic, , , , 
5886,0840006,poorly drained,glaciolacustrine,clayey, , , , , , , , ,terrestrial, , , , 
5887,0840007,very poorly drained,organic, ,sphagnum peat, , ,glacio-lacustrine,fine loamy and fine silty, , , , , , , , 
5888,0840008,moderately well drained,lacustro-till,clayey, , , , , , , , ,terrestrial, , , , 
5889,0840009,poorly drained,glacio-fluvial,coarse loamy and coarse silty, , , , , , , , ,terrestrial, , , , 
5890,0840010,rapidly drained,glacio-fluvial,sandy, , , , , , , , ,terrestrial, , , , 
5891,0840011,very poorly drained,organic, ,fen peat, , ,glacio-lacustrine,fine loamy and fine silty, , , , , , , , 
5892,0840012,imperfectly drained,lacustro-till,clayey, , , , , , , , ,terrestrial, , , , 
5893,0840013,poorly drained,glacio-fluvial,fine loamy and fine silty, , , ,morainal till,fine loamy and fine silty, , , ,hydromorphic, , , , 
5894,0840014,imperfectly drained,glacio-fluvial,fine loamy and fine silty, , , ,morainal till,fine loamy and fine silty, , , ,terrestrial, , , , 
5895,0840015,moderately well drained,fluvial,coarse loamy and coarse silty, , , ,fluvial,fine loamy and fine silty, , , ,terrestrial, , , , 
5896,0850001,poorly drained,glaciolacustrine, , , , , , , , , ,hydromorphic, , , , 
5897,0850002,rapidly drained,glacio-fluvial,sandy, , , , , , , , ,terrestrial, , , , 
5898,0850003,rapidly drained,glacio-fluvial,sandy, , , , , , , , ,terrestrial, , , , 
5899,0850004,very poorly drained,organic, ,fen peat, , , , , , , , , , , , 
5900,0850005,poorly drained,glacio-fluvial, , , , , , , , , ,terrestrial, , , , 
5901,0850006,rapidly drained,eolian,sandy, , , , , , , , ,terrestrial, , , , 
5902,0860001,well drained,glacio-fluvial,coarse loamy and coarse silty, , , ,morainal till,fine loamy and fine silty, , , ,hydromorphic, , , , 
5903,0860002,rapidly drained,glacio-fluvial,sandy, , , , , , , , ,terrestrial, , , , 
5904,0860003,well drained,morainal till,fine loamy and fine silty, , , , , , , , ,terrestrial, , , , 
5905,0860004,very poorly drained,organic, ,sphagnum peat, , , , , , , , , , , , 
5906,0860005,well drained,glacio-fluvial,coarse loamy and coarse silty, , , ,morainal till,fine loamy and fine silty, , , ,terrestrial, , , , 
5907,0860006,very poorly drained,organic, ,fen peat, , ,glacio-fluvial,coarse loamy and coarse silty, , , , , , , , 
5908,0860007,poorly drained,glacio-fluvial,fine loamy and fine silty, , , ,morainal till,fine loamy and fine silty, , , ,hydromorphic, , , , 
5909,0860008,very poorly drained,organic, ,fen peat, , ,glacio-lacustrine,fine loamy and fine silty, , , , , , , , 
5910,0860009,poorly drained,lacustro-till,clayey, , , , , , , , ,hydromorphic, , , , 
5911,0860010,very poorly drained,organic, ,sphagnum peat, , ,morainal till,fine loamy and fine silty, , , , , , , , 
5912,0860011,moderately well drained,morainal till,fine loamy and fine silty, , , , , , , , ,terrestrial, , , , 
5913,0860012,well drained,glacio-fluvial,coarse loamy and coarse silty, , , , , , , , ,terrestrial, , , , 
5914,0860013,poorly drained,fluvial,coarse loamy and coarse silty, , , ,fluvial,sandy, , , ,hydromorphic, , , , 
5915,0860014,poorly drained,morainal till,fine loamy and fine silty, , , , , , , , ,hydromorphic, , , , 
5916,0870001, , , , , , , , , , , ,terrestrial, , , , 
5917,0870002, , , , , , , , , , , ,terrestrial, , , , 
5918,0870003, , , , , , , , , , , ,terrestrial, , , , 
5919,0870004, , , , , , , , , , , ,terrestrial, , , , 
5920,0870005, , , , , , , , , , , ,terrestrial, , , , 
5921,0870006, , , , , , , , , , , ,terrestrial, , , , 
5922,0870007, , , , , , , , , , , ,terrestrial, , , , 
5923,0870008, , , , , , , , , , , ,terrestrial, , , , 
5924,0870009, , , , , , , , , , , ,terrestrial, , , , 
5925,0870010, , , , , , , , , , , ,terrestrial, , , , 
5926,0870011, , , , , , , , , , , ,terrestrial, , , , 
5927,0870012, , , , , , , , , , , ,terrestrial, , , , 
5928,0870013, , , , , , , , , , , ,terrestrial, , , , 
5929,0870014, , , , , , , , , , , ,terrestrial, , , , 
5930,0870015, , , , , , , , , , , ,terrestrial, , , , 
5931,0870016, , , , , , , , , , , ,terrestrial, , , , 
5932,0870017, , , , , , , , , , , ,terrestrial, , , , 
5933,0870018, ,eolian, , , , , , , , , ,terrestrial, , , , 
5934,0870022, , , , , , , , , , , ,terrestrial, , , , 
5935,0870023, , , , , , , , , , , ,terrestrial, , , , 
5936,0870024, , , , , , , , , , , ,terrestrial, , , , 
5937,0870025, , , , , , , , , , , ,terrestrial, , , , 
5938,0870026, , , , , , , , , , , ,terrestrial, , , , 
5939,0870027, , , , , , , , , , , ,terrestrial, , , , 
5940,0870028, , , , , , , , , , , ,terrestrial, , ,65, 
5941,0870029, , , , , , , , , , , ,terrestrial, , ,60, 
5942,0870030, , , , , , , , , , , ,terrestrial, , , , 
5943,0870031, , , , , , , , , , , ,terrestrial, , , , 
5944,0870032, , , , , , , , , , , ,terrestrial, , , , 
5945,0870033, , , , , , , , , , , ,terrestrial, , , , 
5946,0870034, , , , , , , , , , , ,terrestrial, , , , 
5947,0870035, , , , , , , , , , , ,terrestrial, , , , 
5948,0870036, , , , , , , , , , , ,terrestrial, , , , 
5949,0870037, , , , , , , , , , , ,terrestrial, , , , 
5950,0870045, , , , , , , , , , , ,terrestrial, , , , 
5951,0870046, , , , , , , , , , , ,terrestrial, , , , 
5952,0870047, , , , , , , , , , , ,terrestrial, , , , 
5953,0870048, , , , , , , , , , , ,terrestrial, , , , 
5954,0870049, , , , , , , , , , , ,terrestrial, , , , 
5955,0870050, , , , , , , , , , , ,terrestrial, , , , 
5956,0870051, , , , , , , , , , , ,terrestrial, , , , 
5957,0870052, , , , , , , , , , , ,terrestrial, , , , 
5958,0870053, , , , , , , , , , , ,terrestrial, , , , 
5959,0870054, , , , , , , , , , , ,terrestrial, , , , 
5960,0870055, , , , , , , , , , , ,terrestrial, , , , 
5961,0870056, , , , , , , , , , , ,terrestrial, , , , 
5962,0870057, , , , , , , , , , , ,terrestrial, , , , 
5963,0870058, , , , , , , , , , , ,terrestrial, , , , 
5964,0870059, , , , , , , , , , , ,terrestrial, , , , 
5965,0870060, , , , , , , , , , , ,terrestrial, , , , 
5966,0870061, , , , , , , , , , , ,terrestrial, , , , 
5967,0870062, , , , , , , , , , , ,terrestrial, , , , 
5968,0870063, , , , , , , , , , , ,terrestrial, , , , 
5969,0870064, , , , , , , , , , , ,terrestrial, , , , 
5970,0870065, , , , , , , , , , , ,terrestrial, , , , 
5971,0870066, , , , , , , , , , , ,terrestrial, , , , 
5972,0870067, , , , , , , , , , , ,terrestrial, , , , 
5973,0870068, , , , , , , , , , , ,terrestrial, , , , 
5974,0870069, , , , , , , , , , , ,terrestrial, , , , 
5975,0870070, , , , , , , , , , , ,terrestrial, , , , 
5976,0870071, , , , , , , , , , , ,terrestrial, , , , 
5977,0870072, , , , , , , , , , , ,terrestrial, , , , 
5978,0870073, , , , , , , , , , , ,terrestrial, , , , 
5979,0870074, , , , , , , , , , , ,terrestrial, , , , 
5980,0870075, , , , , , , , , , , ,terrestrial, , , , 
5981,0870076, , , , , , , , , , , ,terrestrial, , , , 
5982,0870077, , , , , , , , , , , ,terrestrial, , , , 
5983,0870078, , , , , , , , , , , ,terrestrial, , , , 
5984,0870079, , , , , , , , , , , ,terrestrial, , , , 
5985,0870080, , , , , , , , , , , ,terrestrial, , , , 
5986,0870081, , , , , , , , , , , ,terrestrial, , , , 
5987,0870082, , , , , , , , , , , ,terrestrial, , , , 
5988,0870083, , , , , , , , , , , ,terrestrial, , , , 
5989,0870084, , , , , , , , , , , ,terrestrial, , , , 
5990,0870085, , , , , , , , , , , ,terrestrial, , , , 
5991,0870086, , , , , , , , , , , ,terrestrial, , , , 
5992,0870087, , , , , , , , , , , ,terrestrial, , , , 
5993,0870088, , , , , , , , , , , ,terrestrial, , , , 
5994,0870089, , , , , , , , , , , ,terrestrial, , , , 
5995,0870094, , , , , , , , , , , ,terrestrial, , , , 
5996,0870095, , , , , , , , , , , ,terrestrial, , , , 
5997,0870096, , , , , , , , , , , ,terrestrial, , , , 
5998,0870097, , , , , , , , , , , ,terrestrial, , , , 
5999,0870098, , , , , , , , , , , ,terrestrial, , , , 
6000,0870099, , , , , , , , , , , ,terrestrial, , , , 
6001,0870100, , , , , , , , , , , ,terrestrial, , , , 
6002,0870102, , , , , , , , , , , ,terrestrial, , , , 
6003,0870103, , , , , , , , , , , ,terrestrial, , , , 
6004,0870104, , , , , , , , , , , ,terrestrial, , , , 
6005,0870106, , , , , , , , , , , ,terrestrial, , , , 
6006,0870107, , , , , , , , , , , ,terrestrial, , , , 
6007,0870109, , , , , , , , , , , ,terrestrial, , , , 
6008,0870110, , , , , , , , , , , ,terrestrial, , , , 
6009,0870111, , , , , , , , , , , ,terrestrial, , , , 
6010,0870113, , , , , , , , , , , ,terrestrial, , , , 
6011,0870114, , , , , , , , , , , ,terrestrial, , , , 
6012,0870115, , , , , , , , , , , ,terrestrial, , , , 
6013,0870116, , , , , , , , , , , ,terrestrial, , , , 
6014,0870117, , , , , , , , , , , ,terrestrial, , , , 
6015,0870118, , , , , , , , , , , ,terrestrial, , , , 
6016,0870119, , , , , , , , , , , ,terrestrial, , , , 
6017,0870120, , , , , , , , , , , ,terrestrial, , , , 
6018,0870121, , , , , , , , , , , ,terrestrial, , , , 
6019,0870122, , , , , , , , , , , ,terrestrial, , , , 
6020,0870123, , , , , , , , , , , ,terrestrial, , , , 
6021,0870124, , , , , , , , , , , ,terrestrial, , , , 
6022,0870125, , , , , , , , , , , ,terrestrial, , , , 
6023,0870126, , , , , , , , , , , ,terrestrial, , , , 
6024,0870127, , , , , , , , , , , ,terrestrial, , , , 
6025,0870128, , , , , , , , , , , ,terrestrial, , , , 
6026,0870129, , , , , , , , , , , ,terrestrial, , , , 
6027,0870131, , , , , , , , , , , ,terrestrial, , , , 
6028,0870132, , , , , , , , , , , ,terrestrial, , , , 
6029,0870133, , , , , , , , , , , ,terrestrial, , , , 
6030,0870134, , , , , , , , , , , ,terrestrial, , , , 
6031,0870135, , , , , , , , , , , ,terrestrial, , , , 
6032,0870143, , , , , , , , , , , ,terrestrial, , , , 
6033,0870147, , , , , , , , , , , ,terrestrial, , , , 
6034,0870148, , , , , , , , , , , ,terrestrial, , , , 
6035,0870149, , , , , , , , , , , ,terrestrial, , , , 
6036,0870150, , , , , , , , , , , ,terrestrial, , , , 
6037,0870151, , , , , , , , , , , ,terrestrial, , , , 
6038,0870152, , , , , , , , , , , ,terrestrial, , , , 
6039,0870153, , , , , , , , , , , ,terrestrial, , , , 
6040,0870209, , , , , , , , , , , ,terrestrial, , , , 
6041,0870263, , , , , , , , , , , ,terrestrial, , , , 
6042,0880001,well drained,glacio-fluvial,coarse loamy and coarse silty, , , , , , , , ,terrestrial, , , , 
6043,0880002,rapidly drained,glacio-fluvial,sandy, , , , , , , , ,terrestrial, , , , 
6044,0880003,well drained,colluvial,fine loamy and fine silty, , , , , , , , , , , , , 
6045,0880004,well drained,residual,fine loamy and fine silty, , , , , ,sedimentary - sandstone, , ,terrestrial, , , , 
6046,0880005,well drained,residual,coarse loamy and coarse silty, , , , , ,sedimentary - sandstone, , ,terrestrial, , , , 
6047,0880006,moderately well drained,lacustro-till,fine loamy and fine silty, , , , , , , , , , , , , 
6048,0880007,well drained,glacio-fluvial,coarse loamy and coarse silty, , , , , , , , ,terrestrial, , , , 
6049,0880008,moderately well drained,morainal till,fine loamy and fine silty, , , , , , , , ,terrestrial, , , , 
6050,0880009,very poorly drained,organic, ,fen peat, , , , , , , , , , , , 
6051,0880010,well drained,colluvial,coarse loamy and coarse silty, , , , , , , , ,terrestrial, , , , 
6052,0880011,poorly drained,glacio-fluvial,coarse loamy and coarse silty, , , ,glacio-fluvial,fine loamy and fine silty, , , ,terrestrial, , , , 
6053,0880012,rapidly drained,eolian,sandy, , , , , , , , ,terrestrial, , , , 
6054,0880013,well drained,eolian,coarse loamy and coarse silty, , , , , , , , ,terrestrial, , , , 
6055,0880014,well drained,fluvial,coarse loamy and coarse silty, , , , , , , , ,terrestrial, , , , 
6056,0880015,rapidly drained,glacio-fluvial,coarse loamy and coarse silty, , , , , , , , ,terrestrial, , , , 
6057,0880016,rapidly drained,fluvial,coarse loamy and coarse silty, , , ,fluvial,fine loamy and fine silty, , , ,terrestrial, , , , 
6058,0880017,very poorly drained,organic, ,sphagnum peat, , , , , , , , , , , , 
6059,0880018,well drained,glacio-fluvial,fine loamy and fine silty, , , ,lacustro-till,clayey, , , ,terrestrial, , , , 
6060,0880019,well drained,glacio-fluvial,coarse loamy and coarse silty, , , ,glacio-fluvial,coarse loamy and coarse silty, , , ,terrestrial, , , , 
6061,0880020,moderately well drained,morainal till,fine loamy and fine silty, , , , , , , , ,terrestrial, , , , 
6062,0880021,moderately well drained,morainal till,fine loamy and fine silty, , , , , , , , ,terrestrial, , , , 
6063,0880022,well drained,morainal till,coarse loamy and coarse silty, , , , , , , , ,terrestrial, , , , 
6064,0880023,poorly drained,colluvial,fine loamy and fine silty, , , , , , , , , , , , , 
6065,0880024,moderately well drained,glaciolacustrine,clayey, , , , , , , , , , , , , 
6066,0880025,rapidly drained,morainal till,coarse loamy and coarse silty, , , , , , , , ,terrestrial, , , , 
6067,0880026,well drained,morainal till,fine loamy and fine silty, , , , , , , , ,terrestrial, , , , 
6068,0880027,moderately well drained,morainal till,fine loamy and fine silty, , , , , , , , ,terrestrial, , , , 
6069,0880028,poorly drained,lacustro-till,clayey, , , , , , , , ,terrestrial, , , , 
6070,0880029,poorly drained,morainal till,fine loamy and fine silty, , , , , , , , ,hydromorphic, , , , 
6071,0880030,poorly drained,fluvial,coarse loamy and coarse silty, , , , , , , , ,terrestrial, , , , 
6072,0880031,moderately well drained,residual,clayey, , , , , ,sedimentary - siltstone and mudstone, , ,terrestrial, , , , 
6073,0880032,moderately well drained,glaciolacustrine,fine loamy and fine silty, , , , , , , , ,terrestrial, , , , 
6074,0880033,poorly drained,glacio-fluvial,fine loamy and fine silty, , , , , , , , ,terrestrial, , , , 
