dataset,profile_id,gwl_class,gwl_label,gwl_is_wetland,worldcover,wc_label
Fort Severn,FS-01,182,swamp,TRUE,30,grassland
Fort Severn,FS-02,NA,NA,FALSE,30,grassland
Fort Severn,FS-03,182,swamp,TRUE,90,herbaceous wetland
Fort Severn,FS-04,NA,NA,FALSE,80,permanent water
Fort Severn,FS-05,182,swamp,TRUE,90,herbaceous wetland
Fort Severn,PM-01-A,182,swamp,TRUE,90,herbaceous wetland
Fort Severn,PM-02-A,182,swamp,TRUE,90,herbaceous wetland
Fort Severn,PM-03-A,182,swamp,TRUE,90,herbaceous wetland
CanPeat,1,NA,NA,FALSE,10,tree cover
CanPeat,10,NA,NA,FALSE,10,tree cover
CanPeat,100,NA,NA,FALSE,20,shrubland
CanPeat,1000,NA,NA,FALSE,90,herbaceous wetland
CanPeat,1001,182,swamp,TRUE,90,herbaceous wetland
CanPeat,1002,NA,NA,FALSE,90,herbaceous wetland
CanPeat,1003,NA,NA,FALSE,90,herbaceous wetland
CanPeat,1004,181,permanent water,FALSE,30,grassland
CanPeat,1005,NA,NA,FALSE,30,grassland
CanPeat,1006,181,permanent water,FALSE,90,herbaceous wetland
CanPeat,1007,NA,NA,FALSE,90,herbaceous wetland
CanPeat,1008,181,permanent water,FALSE,90,herbaceous wetland
CanPeat,1009,181,permanent water,FALSE,90,herbaceous wetland
CanPeat,101,NA,NA,FALSE,10,tree cover
CanPeat,1010,NA,NA,FALSE,10,tree cover
CanPeat,1011,NA,NA,FALSE,30,grassland
CanPeat,1012,NA,NA,FALSE,30,grassland
CanPeat,1013,181,permanent water,FALSE,30,grassland
CanPeat,1014,NA,NA,FALSE,30,grassland
CanPeat,1015,NA,NA,FALSE,90,herbaceous wetland
CanPeat,1016,182,swamp,TRUE,90,herbaceous wetland
CanPeat,1017,NA,NA,FALSE,30,grassland
CanPeat,1018,181,permanent water,FALSE,90,herbaceous wetland
CanPeat,1019,NA,NA,FALSE,90,herbaceous wetland
CanPeat,102,NA,NA,FALSE,100,moss and lichen
CanPeat,1020,181,permanent water,FALSE,90,herbaceous wetland
CanPeat,1021,181,permanent water,FALSE,30,grassland
CanPeat,1022,181,permanent water,FALSE,90,herbaceous wetland
CanPeat,1023,NA,NA,FALSE,30,grassland
CanPeat,1024,NA,NA,FALSE,10,tree cover
CanPeat,1025,NA,NA,FALSE,90,herbaceous wetland
CanPeat,1026,181,permanent water,FALSE,30,grassland
CanPeat,1027,181,permanent water,FALSE,90,herbaceous wetland
CanPeat,1028,NA,NA,FALSE,90,herbaceous wetland
CanPeat,1029,NA,NA,FALSE,90,herbaceous wetland
CanPeat,103,NA,NA,FALSE,100,moss and lichen
CanPeat,1030,NA,NA,FALSE,30,grassland
CanPeat,1031,181,permanent water,FALSE,30,grassland
CanPeat,1032,NA,NA,FALSE,30,grassland
CanPeat,1033,NA,NA,FALSE,30,grassland
CanPeat,1034,181,permanent water,FALSE,90,herbaceous wetland
CanPeat,1035,181,permanent water,FALSE,90,herbaceous wetland
CanPeat,1036,181,permanent water,FALSE,90,herbaceous wetland
CanPeat,1037,181,permanent water,FALSE,90,herbaceous wetland
CanPeat,1038,NA,NA,FALSE,30,grassland
CanPeat,1039,NA,NA,FALSE,90,herbaceous wetland
CanPeat,104,NA,NA,FALSE,100,moss and lichen
CanPeat,1040,182,swamp,TRUE,30,grassland
CanPeat,1041,181,permanent water,FALSE,30,grassland
CanPeat,1042,181,permanent water,FALSE,30,grassland
CanPeat,1043,181,permanent water,FALSE,90,herbaceous wetland
CanPeat,1044,181,permanent water,FALSE,10,tree cover
CanPeat,1045,181,permanent water,FALSE,90,herbaceous wetland
CanPeat,1046,181,permanent water,FALSE,30,grassland
CanPeat,1047,NA,NA,FALSE,30,grassland
CanPeat,1048,181,permanent water,FALSE,90,herbaceous wetland
CanPeat,1049,181,permanent water,FALSE,90,herbaceous wetland
CanPeat,105,NA,NA,FALSE,100,moss and lichen
CanPeat,1050,NA,NA,FALSE,90,herbaceous wetland
CanPeat,1051,NA,NA,FALSE,90,herbaceous wetland
CanPeat,1052,NA,NA,FALSE,90,herbaceous wetland
CanPeat,1053,182,swamp,TRUE,30,grassland
CanPeat,1054,NA,NA,FALSE,90,herbaceous wetland
CanPeat,1055,NA,NA,FALSE,90,herbaceous wetland
CanPeat,1056,NA,NA,FALSE,30,grassland
CanPeat,1057,181,permanent water,FALSE,90,herbaceous wetland
CanPeat,1058,NA,NA,FALSE,30,grassland
CanPeat,1059,181,permanent water,FALSE,90,herbaceous wetland
CanPeat,106,NA,NA,FALSE,100,moss and lichen
CanPeat,1060,NA,NA,FALSE,30,grassland
CanPeat,1061,NA,NA,FALSE,90,herbaceous wetland
CanPeat,1062,NA,NA,FALSE,30,grassland
CanPeat,1063,NA,NA,FALSE,90,herbaceous wetland
CanPeat,1064,181,permanent water,FALSE,90,herbaceous wetland
CanPeat,1065,NA,NA,FALSE,90,herbaceous wetland
CanPeat,1066,NA,NA,FALSE,30,grassland
CanPeat,1067,NA,NA,FALSE,90,herbaceous wetland
CanPeat,1068,181,permanent water,FALSE,90,herbaceous wetland
CanPeat,1069,181,permanent water,FALSE,90,herbaceous wetland
CanPeat,107,NA,NA,FALSE,10,tree cover
CanPeat,1070,181,permanent water,FALSE,90,herbaceous wetland
CanPeat,1071,181,permanent water,FALSE,90,herbaceous wetland
CanPeat,1072,NA,NA,FALSE,30,grassland
CanPeat,1073,181,permanent water,FALSE,90,herbaceous wetland
CanPeat,1074,181,permanent water,FALSE,90,herbaceous wetland
CanPeat,1075,NA,NA,FALSE,90,herbaceous wetland
CanPeat,1076,181,permanent water,FALSE,90,herbaceous wetland
CanPeat,1077,NA,NA,FALSE,90,herbaceous wetland
CanPeat,1078,NA,NA,FALSE,90,herbaceous wetland
CanPeat,1079,182,swamp,TRUE,30,grassland
CanPeat,108,NA,NA,FALSE,10,tree cover
CanPeat,1080,181,permanent water,FALSE,90,herbaceous wetland
CanPeat,1081,181,permanent water,FALSE,90,herbaceous wetland
CanPeat,1082,NA,NA,FALSE,30,grassland
CanPeat,1083,181,permanent water,FALSE,90,herbaceous wetland
CanPeat,1084,NA,NA,FALSE,90,herbaceous wetland
CanPeat,1085,NA,NA,FALSE,30,grassland
CanPeat,1086,NA,NA,FALSE,90,herbaceous wetland
CanPeat,1087,181,permanent water,FALSE,90,herbaceous wetland
CanPeat,1088,181,permanent water,FALSE,30,grassland
CanPeat,1089,181,permanent water,FALSE,90,herbaceous wetland
CanPeat,109,NA,NA,FALSE,10,tree cover
CanPeat,1090,181,permanent water,FALSE,90,herbaceous wetland
CanPeat,1091,NA,NA,FALSE,90,herbaceous wetland
CanPeat,1092,NA,NA,FALSE,90,herbaceous wetland
CanPeat,1093,NA,NA,FALSE,90,herbaceous wetland
CanPeat,1094,181,permanent water,FALSE,90,herbaceous wetland
CanPeat,1095,181,permanent water,FALSE,90,herbaceous wetland
CanPeat,1096,NA,NA,FALSE,90,herbaceous wetland
CanPeat,1097,181,permanent water,FALSE,10,tree cover
CanPeat,1098,181,permanent water,FALSE,90,herbaceous wetland
CanPeat,1099,NA,NA,FALSE,90,herbaceous wetland
CanPeat,11,180,non-wetland,FALSE,80,permanent water
CanPeat,110,NA,NA,FALSE,10,tree cover
CanPeat,1100,NA,NA,FALSE,30,grassland
CanPeat,1101,NA,NA,FALSE,10,tree cover
CanPeat,1102,NA,NA,FALSE,10,tree cover
CanPeat,1103,NA,NA,FALSE,90,herbaceous wetland
CanPeat,1104,NA,NA,FALSE,30,grassland
CanPeat,1105,NA,NA,FALSE,90,herbaceous wetland
CanPeat,1106,NA,NA,FALSE,10,tree cover
CanPeat,1107,NA,NA,FALSE,90,herbaceous wetland
CanPeat,1108,181,permanent water,FALSE,90,herbaceous wetland
CanPeat,1109,181,permanent water,FALSE,30,grassland
CanPeat,111,NA,NA,FALSE,10,tree cover
CanPeat,1110,181,permanent water,FALSE,90,herbaceous wetland
CanPeat,1111,NA,NA,FALSE,90,herbaceous wetland
CanPeat,1112,NA,NA,FALSE,90,herbaceous wetland
CanPeat,1113,NA,NA,FALSE,90,herbaceous wetland
CanPeat,1114,NA,NA,FALSE,10,tree cover
CanPeat,1115,181,permanent water,FALSE,10,tree cover
CanPeat,1116,181,permanent water,FALSE,90,herbaceous wetland
CanPeat,1117,181,permanent water,FALSE,90,herbaceous wetland
CanPeat,1118,NA,NA,FALSE,90,herbaceous wetland
CanPeat,1119,181,permanent water,FALSE,30,grassland
CanPeat,112,NA,NA,FALSE,10,tree cover
CanPeat,1120,NA,NA,FALSE,30,grassland
CanPeat,1121,NA,NA,FALSE,30,grassland
CanPeat,1122,NA,NA,FALSE,30,grassland
CanPeat,1123,NA,NA,FALSE,10,tree cover
CanPeat,1124,NA,NA,FALSE,30,grassland
CanPeat,1125,NA,NA,FALSE,90,herbaceous wetland
CanPeat,1126,NA,NA,FALSE,90,herbaceous wetland
CanPeat,1127,181,permanent water,FALSE,90,herbaceous wetland
CanPeat,1128,182,swamp,TRUE,90,herbaceous wetland
CanPeat,1129,NA,NA,FALSE,90,herbaceous wetland
CanPeat,113,NA,NA,FALSE,90,herbaceous wetland
CanPeat,1130,NA,NA,FALSE,10,tree cover
CanPeat,1131,NA,NA,FALSE,90,herbaceous wetland
CanPeat,1132,181,permanent water,FALSE,90,herbaceous wetland
CanPeat,1133,181,permanent water,FALSE,90,herbaceous wetland
CanPeat,1134,NA,NA,FALSE,90,herbaceous wetland
CanPeat,1135,NA,NA,FALSE,10,tree cover
CanPeat,1136,181,permanent water,FALSE,90,herbaceous wetland
CanPeat,1137,NA,NA,FALSE,90,herbaceous wetland
CanPeat,1138,181,permanent water,FALSE,10,tree cover
CanPeat,1139,181,permanent water,FALSE,90,herbaceous wetland
CanPeat,114,NA,NA,FALSE,90,herbaceous wetland
CanPeat,1140,181,permanent water,FALSE,90,herbaceous wetland
CanPeat,1141,NA,NA,FALSE,90,herbaceous wetland
CanPeat,1142,181,permanent water,FALSE,90,herbaceous wetland
CanPeat,1143,NA,NA,FALSE,30,grassland
CanPeat,1144,NA,NA,FALSE,90,herbaceous wetland
CanPeat,1145,NA,NA,FALSE,90,herbaceous wetland
CanPeat,1146,NA,NA,FALSE,90,herbaceous wetland
CanPeat,1147,NA,NA,FALSE,10,tree cover
CanPeat,1148,NA,NA,FALSE,90,herbaceous wetland
CanPeat,1149,NA,NA,FALSE,90,herbaceous wetland
CanPeat,115,NA,NA,FALSE,90,herbaceous wetland
CanPeat,1150,NA,NA,FALSE,10,tree cover
CanPeat,1151,NA,NA,FALSE,90,herbaceous wetland
CanPeat,1152,181,permanent water,FALSE,90,herbaceous wetland
CanPeat,1153,181,permanent water,FALSE,90,herbaceous wetland
CanPeat,1154,NA,NA,FALSE,10,tree cover
CanPeat,1155,NA,NA,FALSE,10,tree cover
CanPeat,1156,181,permanent water,FALSE,30,grassland
CanPeat,1157,NA,NA,FALSE,90,herbaceous wetland
CanPeat,1158,181,permanent water,FALSE,90,herbaceous wetland
CanPeat,1159,181,permanent water,FALSE,30,grassland
CanPeat,116,NA,NA,FALSE,90,herbaceous wetland
CanPeat,1160,181,permanent water,FALSE,90,herbaceous wetland
CanPeat,1161,NA,NA,FALSE,30,grassland
CanPeat,1162,NA,NA,FALSE,10,tree cover
CanPeat,1163,NA,NA,FALSE,30,grassland
CanPeat,1164,NA,NA,FALSE,90,herbaceous wetland
CanPeat,1165,NA,NA,FALSE,90,herbaceous wetland
CanPeat,1166,NA,NA,FALSE,30,grassland
CanPeat,1167,NA,NA,FALSE,90,herbaceous wetland
CanPeat,1168,181,permanent water,FALSE,90,herbaceous wetland
CanPeat,1169,NA,NA,FALSE,90,herbaceous wetland
CanPeat,117,NA,NA,FALSE,90,herbaceous wetland
CanPeat,1170,NA,NA,FALSE,30,grassland
CanPeat,1171,NA,NA,FALSE,30,grassland
CanPeat,1172,181,permanent water,FALSE,90,herbaceous wetland
CanPeat,1173,NA,NA,FALSE,90,herbaceous wetland
CanPeat,1174,NA,NA,FALSE,30,grassland
CanPeat,1175,NA,NA,FALSE,30,grassland
CanPeat,1176,181,permanent water,FALSE,90,herbaceous wetland
CanPeat,1177,NA,NA,FALSE,10,tree cover
CanPeat,1178,181,permanent water,FALSE,30,grassland
CanPeat,1179,NA,NA,FALSE,30,grassland
CanPeat,118,NA,NA,FALSE,20,shrubland
CanPeat,1180,NA,NA,FALSE,90,herbaceous wetland
CanPeat,1181,NA,NA,FALSE,10,tree cover
CanPeat,1182,181,permanent water,FALSE,30,grassland
CanPeat,1183,NA,NA,FALSE,30,grassland
CanPeat,1184,NA,NA,FALSE,90,herbaceous wetland
CanPeat,1185,NA,NA,FALSE,10,tree cover
CanPeat,1186,NA,NA,FALSE,30,grassland
CanPeat,1187,NA,NA,FALSE,30,grassland
CanPeat,1188,180,non-wetland,FALSE,80,permanent water
CanPeat,1189,NA,NA,FALSE,90,herbaceous wetland
CanPeat,119,180,non-wetland,FALSE,80,permanent water
CanPeat,1190,NA,NA,FALSE,10,tree cover
CanPeat,1191,NA,NA,FALSE,30,grassland
CanPeat,1192,NA,NA,FALSE,30,grassland
CanPeat,1193,NA,NA,FALSE,90,herbaceous wetland
CanPeat,1194,NA,NA,FALSE,30,grassland
CanPeat,1195,NA,NA,FALSE,90,herbaceous wetland
CanPeat,1196,NA,NA,FALSE,30,grassland
CanPeat,1197,NA,NA,FALSE,10,tree cover
CanPeat,1198,NA,NA,FALSE,30,grassland
CanPeat,1199,NA,NA,FALSE,10,tree cover
CanPeat,12,NA,NA,FALSE,10,tree cover
CanPeat,120,180,non-wetland,FALSE,80,permanent water
CanPeat,1200,NA,NA,FALSE,30,grassland
CanPeat,1201,NA,NA,FALSE,30,grassland
CanPeat,1202,NA,NA,FALSE,90,herbaceous wetland
CanPeat,1203,NA,NA,FALSE,10,tree cover
CanPeat,1204,NA,NA,FALSE,90,herbaceous wetland
CanPeat,1205,NA,NA,FALSE,30,grassland
CanPeat,1206,NA,NA,FALSE,90,herbaceous wetland
CanPeat,1207,NA,NA,FALSE,30,grassland
CanPeat,1208,181,permanent water,FALSE,30,grassland
CanPeat,1209,NA,NA,FALSE,30,grassland
CanPeat,121,NA,NA,FALSE,30,grassland
CanPeat,1210,NA,NA,FALSE,90,herbaceous wetland
CanPeat,1211,NA,NA,FALSE,30,grassland
CanPeat,1212,NA,NA,FALSE,30,grassland
CanPeat,1213,181,permanent water,FALSE,30,grassland
CanPeat,1214,NA,NA,FALSE,10,tree cover
CanPeat,1215,NA,NA,FALSE,10,tree cover
CanPeat,1216,NA,NA,FALSE,30,grassland
CanPeat,1217,NA,NA,FALSE,90,herbaceous wetland
CanPeat,122,NA,NA,FALSE,30,grassland
CanPeat,123,180,non-wetland,FALSE,80,permanent water
CanPeat,124,180,non-wetland,FALSE,80,permanent water
CanPeat,125,180,non-wetland,FALSE,80,permanent water
CanPeat,126,180,non-wetland,FALSE,80,permanent water
CanPeat,127,NA,NA,FALSE,30,grassland
CanPeat,128,NA,NA,FALSE,30,grassland
CanPeat,129,NA,NA,FALSE,30,grassland
CanPeat,13,NA,NA,FALSE,10,tree cover
CanPeat,130,NA,NA,FALSE,30,grassland
CanPeat,131,180,non-wetland,FALSE,80,permanent water
CanPeat,132,NA,NA,FALSE,30,grassland
CanPeat,133,NA,NA,FALSE,30,grassland
CanPeat,134,NA,NA,FALSE,30,grassland
CanPeat,135,NA,NA,FALSE,30,grassland
CanPeat,136,NA,NA,FALSE,30,grassland
CanPeat,137,NA,NA,FALSE,30,grassland
CanPeat,138,NA,NA,FALSE,30,grassland
CanPeat,139,NA,NA,FALSE,30,grassland
CanPeat,14,180,non-wetland,FALSE,80,permanent water
CanPeat,140,NA,NA,FALSE,30,grassland
CanPeat,141,NA,NA,FALSE,30,grassland
CanPeat,142,NA,NA,FALSE,30,grassland
CanPeat,143,NA,NA,FALSE,10,tree cover
CanPeat,144,NA,NA,FALSE,10,tree cover
CanPeat,145,NA,NA,FALSE,10,tree cover
CanPeat,146,NA,NA,FALSE,30,grassland
CanPeat,147,NA,NA,FALSE,30,grassland
CanPeat,148,NA,NA,FALSE,30,grassland
CanPeat,149,NA,NA,FALSE,10,tree cover
CanPeat,15,NA,NA,FALSE,10,tree cover
CanPeat,150,NA,NA,FALSE,10,tree cover
CanPeat,151,NA,NA,FALSE,30,grassland
CanPeat,152,NA,NA,FALSE,30,grassland
CanPeat,153,NA,NA,FALSE,30,grassland
CanPeat,154,NA,NA,FALSE,30,grassland
CanPeat,155,NA,NA,FALSE,30,grassland
CanPeat,156,NA,NA,FALSE,20,shrubland
CanPeat,157,NA,NA,FALSE,20,shrubland
CanPeat,158,NA,NA,FALSE,20,shrubland
CanPeat,159,NA,NA,FALSE,30,grassland
CanPeat,16,NA,NA,FALSE,10,tree cover
CanPeat,160,NA,NA,FALSE,30,grassland
CanPeat,161,NA,NA,FALSE,20,shrubland
CanPeat,162,NA,NA,FALSE,20,shrubland
CanPeat,163,NA,NA,FALSE,20,shrubland
CanPeat,164,NA,NA,FALSE,30,grassland
CanPeat,165,NA,NA,FALSE,30,grassland
CanPeat,166,NA,NA,FALSE,90,herbaceous wetland
CanPeat,167,NA,NA,FALSE,30,grassland
CanPeat,168,NA,NA,FALSE,30,grassland
CanPeat,169,NA,NA,FALSE,30,grassland
CanPeat,17,181,permanent water,FALSE,90,herbaceous wetland
CanPeat,170,NA,NA,FALSE,30,grassland
CanPeat,171,NA,NA,FALSE,90,herbaceous wetland
CanPeat,172,NA,NA,FALSE,90,herbaceous wetland
CanPeat,173,NA,NA,FALSE,90,herbaceous wetland
CanPeat,174,NA,NA,FALSE,90,herbaceous wetland
CanPeat,175,NA,NA,FALSE,80,permanent water
CanPeat,176,NA,NA,FALSE,30,grassland
CanPeat,177,180,non-wetland,FALSE,80,permanent water
CanPeat,178,180,non-wetland,FALSE,80,permanent water
CanPeat,179,180,non-wetland,FALSE,80,permanent water
CanPeat,18,NA,NA,FALSE,30,grassland
CanPeat,180,NA,NA,FALSE,60,bare/sparse
CanPeat,181,180,non-wetland,FALSE,80,permanent water
CanPeat,182,NA,NA,FALSE,100,moss and lichen
CanPeat,183,NA,NA,FALSE,30,grassland
CanPeat,184,NA,NA,FALSE,10,tree cover
CanPeat,185,NA,NA,FALSE,10,tree cover
CanPeat,186,NA,NA,FALSE,10,tree cover
CanPeat,187,NA,NA,FALSE,30,grassland
CanPeat,188,NA,NA,FALSE,30,grassland
CanPeat,189,NA,NA,FALSE,30,grassland
CanPeat,19,NA,NA,FALSE,10,tree cover
CanPeat,190,NA,NA,FALSE,30,grassland
CanPeat,191,NA,NA,FALSE,30,grassland
CanPeat,192,NA,NA,FALSE,30,grassland
CanPeat,193,NA,NA,FALSE,30,grassland
CanPeat,194,NA,NA,FALSE,10,tree cover
CanPeat,195,NA,NA,FALSE,30,grassland
CanPeat,196,NA,NA,FALSE,30,grassland
CanPeat,197,NA,NA,FALSE,10,tree cover
CanPeat,198,NA,NA,FALSE,10,tree cover
CanPeat,199,NA,NA,FALSE,10,tree cover
CanPeat,2,NA,NA,FALSE,30,grassland
CanPeat,20,NA,NA,FALSE,10,tree cover
CanPeat,200,NA,NA,FALSE,10,tree cover
CanPeat,201,NA,NA,FALSE,10,tree cover
CanPeat,202,NA,NA,FALSE,50,built-up
CanPeat,203,NA,NA,FALSE,50,built-up
CanPeat,204,NA,NA,FALSE,10,tree cover
CanPeat,205,NA,NA,FALSE,10,tree cover
CanPeat,206,NA,NA,FALSE,10,tree cover
CanPeat,207,NA,NA,FALSE,10,tree cover
CanPeat,208,NA,NA,FALSE,10,tree cover
CanPeat,209,NA,NA,FALSE,10,tree cover
CanPeat,21,NA,NA,FALSE,10,tree cover
CanPeat,210,NA,NA,FALSE,10,tree cover
CanPeat,211,NA,NA,FALSE,10,tree cover
CanPeat,212,NA,NA,FALSE,10,tree cover
CanPeat,213,NA,NA,FALSE,10,tree cover
CanPeat,214,NA,NA,FALSE,10,tree cover
CanPeat,215,NA,NA,FALSE,10,tree cover
CanPeat,216,NA,NA,FALSE,100,moss and lichen
CanPeat,217,NA,NA,FALSE,100,moss and lichen
CanPeat,218,NA,NA,FALSE,20,shrubland
CanPeat,219,NA,NA,FALSE,20,shrubland
CanPeat,22,NA,NA,FALSE,10,tree cover
CanPeat,220,NA,NA,FALSE,10,tree cover
CanPeat,221,NA,NA,FALSE,10,tree cover
CanPeat,222,NA,NA,FALSE,100,moss and lichen
CanPeat,223,NA,NA,FALSE,100,moss and lichen
CanPeat,224,NA,NA,FALSE,10,tree cover
CanPeat,225,NA,NA,FALSE,30,grassland
CanPeat,226,181,permanent water,FALSE,30,grassland
CanPeat,227,NA,NA,FALSE,10,tree cover
CanPeat,228,180,non-wetland,FALSE,80,permanent water
CanPeat,229,NA,NA,FALSE,10,tree cover
CanPeat,23,180,non-wetland,FALSE,80,permanent water
CanPeat,230,NA,NA,FALSE,10,tree cover
CanPeat,231,NA,NA,FALSE,10,tree cover
CanPeat,232,NA,NA,FALSE,30,grassland
CanPeat,233,181,permanent water,FALSE,10,tree cover
CanPeat,234,181,permanent water,FALSE,10,tree cover
CanPeat,235,181,permanent water,FALSE,10,tree cover
CanPeat,236,NA,NA,FALSE,10,tree cover
CanPeat,237,NA,NA,FALSE,10,tree cover
CanPeat,238,NA,NA,FALSE,30,grassland
CanPeat,239,NA,NA,FALSE,10,tree cover
CanPeat,24,NA,NA,FALSE,10,tree cover
CanPeat,240,NA,NA,FALSE,30,grassland
CanPeat,241,NA,NA,FALSE,30,grassland
CanPeat,242,NA,NA,FALSE,30,grassland
CanPeat,243,NA,NA,FALSE,30,grassland
CanPeat,244,NA,NA,FALSE,10,tree cover
CanPeat,245,NA,NA,FALSE,10,tree cover
CanPeat,246,NA,NA,FALSE,10,tree cover
CanPeat,247,NA,NA,FALSE,40,cropland
CanPeat,248,NA,NA,FALSE,10,tree cover
CanPeat,249,NA,NA,FALSE,10,tree cover
CanPeat,25,181,permanent water,FALSE,30,grassland
CanPeat,250,NA,NA,FALSE,30,grassland
CanPeat,251,NA,NA,FALSE,30,grassland
CanPeat,252,181,permanent water,FALSE,10,tree cover
CanPeat,253,NA,NA,FALSE,10,tree cover
CanPeat,254,NA,NA,FALSE,10,tree cover
CanPeat,255,NA,NA,FALSE,10,tree cover
CanPeat,256,NA,NA,FALSE,10,tree cover
CanPeat,257,NA,NA,FALSE,10,tree cover
CanPeat,258,NA,NA,FALSE,30,grassland
CanPeat,259,NA,NA,FALSE,30,grassland
CanPeat,26,NA,NA,FALSE,10,tree cover
CanPeat,260,NA,NA,FALSE,10,tree cover
CanPeat,261,NA,NA,FALSE,10,tree cover
CanPeat,262,NA,NA,FALSE,10,tree cover
CanPeat,263,NA,NA,FALSE,50,built-up
CanPeat,264,NA,NA,FALSE,50,built-up
CanPeat,265,NA,NA,FALSE,10,tree cover
CanPeat,266,NA,NA,FALSE,10,tree cover
CanPeat,267,NA,NA,FALSE,10,tree cover
CanPeat,268,NA,NA,FALSE,10,tree cover
CanPeat,269,NA,NA,FALSE,10,tree cover
CanPeat,27,NA,NA,FALSE,10,tree cover
CanPeat,270,NA,NA,FALSE,10,tree cover
CanPeat,271,NA,NA,FALSE,10,tree cover
CanPeat,272,182,swamp,TRUE,30,grassland
CanPeat,273,NA,NA,FALSE,10,tree cover
CanPeat,274,NA,NA,FALSE,10,tree cover
CanPeat,275,NA,NA,FALSE,10,tree cover
CanPeat,276,180,non-wetland,FALSE,80,permanent water
CanPeat,277,181,permanent water,FALSE,10,tree cover
CanPeat,278,NA,NA,FALSE,10,tree cover
CanPeat,279,NA,NA,FALSE,20,shrubland
CanPeat,28,NA,NA,FALSE,10,tree cover
CanPeat,280,NA,NA,FALSE,20,shrubland
CanPeat,281,182,swamp,TRUE,30,grassland
CanPeat,282,NA,NA,FALSE,10,tree cover
CanPeat,283,181,permanent water,FALSE,30,grassland
CanPeat,284,181,permanent water,FALSE,30,grassland
CanPeat,285,NA,NA,FALSE,10,tree cover
CanPeat,286,NA,NA,FALSE,10,tree cover
CanPeat,287,181,permanent water,FALSE,10,tree cover
CanPeat,288,NA,NA,FALSE,10,tree cover
CanPeat,289,NA,NA,FALSE,20,shrubland
CanPeat,29,NA,NA,FALSE,10,tree cover
CanPeat,290,NA,NA,FALSE,20,shrubland
CanPeat,291,NA,NA,FALSE,10,tree cover
CanPeat,292,NA,NA,FALSE,10,tree cover
CanPeat,293,180,non-wetland,FALSE,80,permanent water
CanPeat,294,180,non-wetland,FALSE,80,permanent water
CanPeat,295,180,non-wetland,FALSE,80,permanent water
CanPeat,296,182,swamp,TRUE,30,grassland
CanPeat,297,182,swamp,TRUE,30,grassland
CanPeat,298,NA,NA,FALSE,10,tree cover
CanPeat,299,NA,NA,FALSE,10,tree cover
CanPeat,3,NA,NA,FALSE,30,grassland
CanPeat,30,NA,NA,FALSE,10,tree cover
CanPeat,300,NA,NA,FALSE,10,tree cover
CanPeat,301,NA,NA,FALSE,10,tree cover
CanPeat,302,NA,NA,FALSE,10,tree cover
CanPeat,303,NA,NA,FALSE,10,tree cover
CanPeat,304,NA,NA,FALSE,10,tree cover
CanPeat,305,181,permanent water,FALSE,90,herbaceous wetland
CanPeat,306,181,permanent water,FALSE,90,herbaceous wetland
CanPeat,307,181,permanent water,FALSE,90,herbaceous wetland
CanPeat,308,181,permanent water,FALSE,90,herbaceous wetland
CanPeat,309,NA,NA,FALSE,10,tree cover
CanPeat,31,NA,NA,FALSE,30,grassland
CanPeat,310,NA,NA,FALSE,10,tree cover
CanPeat,311,181,permanent water,FALSE,20,shrubland
CanPeat,312,181,permanent water,FALSE,20,shrubland
CanPeat,313,NA,NA,FALSE,10,tree cover
CanPeat,314,181,permanent water,FALSE,20,shrubland
CanPeat,315,181,permanent water,FALSE,20,shrubland
CanPeat,316,181,permanent water,FALSE,20,shrubland
CanPeat,317,181,permanent water,FALSE,20,shrubland
CanPeat,318,181,permanent water,FALSE,20,shrubland
CanPeat,319,181,permanent water,FALSE,20,shrubland
CanPeat,32,NA,NA,FALSE,10,tree cover
CanPeat,320,180,non-wetland,FALSE,80,permanent water
CanPeat,321,180,non-wetland,FALSE,80,permanent water
CanPeat,322,180,non-wetland,FALSE,80,permanent water
CanPeat,323,180,non-wetland,FALSE,80,permanent water
CanPeat,324,NA,NA,FALSE,10,tree cover
CanPeat,325,NA,NA,FALSE,10,tree cover
CanPeat,326,NA,NA,FALSE,10,tree cover
CanPeat,327,NA,NA,FALSE,10,tree cover
CanPeat,328,NA,NA,FALSE,10,tree cover
CanPeat,329,NA,NA,FALSE,10,tree cover
CanPeat,33,NA,NA,FALSE,30,grassland
CanPeat,330,180,non-wetland,FALSE,80,permanent water
CanPeat,331,180,non-wetland,FALSE,80,permanent water
CanPeat,332,180,non-wetland,FALSE,80,permanent water
CanPeat,333,NA,NA,FALSE,10,tree cover
CanPeat,334,180,non-wetland,FALSE,10,tree cover
CanPeat,335,180,non-wetland,FALSE,80,permanent water
CanPeat,336,180,non-wetland,FALSE,80,permanent water
CanPeat,337,NA,NA,FALSE,10,tree cover
CanPeat,338,180,non-wetland,FALSE,80,permanent water
CanPeat,339,NA,NA,FALSE,10,tree cover
CanPeat,34,NA,NA,FALSE,10,tree cover
CanPeat,340,NA,NA,FALSE,10,tree cover
CanPeat,341,NA,NA,FALSE,10,tree cover
CanPeat,342,181,permanent water,FALSE,20,shrubland
CanPeat,343,181,permanent water,FALSE,20,shrubland
CanPeat,344,181,permanent water,FALSE,20,shrubland
CanPeat,345,181,permanent water,FALSE,20,shrubland
CanPeat,346,181,permanent water,FALSE,30,grassland
CanPeat,347,181,permanent water,FALSE,30,grassland
CanPeat,348,181,permanent water,FALSE,30,grassland
CanPeat,349,NA,NA,FALSE,10,tree cover
CanPeat,35,NA,NA,FALSE,10,tree cover
CanPeat,350,NA,NA,FALSE,10,tree cover
CanPeat,351,NA,NA,FALSE,10,tree cover
CanPeat,352,NA,NA,FALSE,10,tree cover
CanPeat,353,181,permanent water,FALSE,20,shrubland
CanPeat,354,181,permanent water,FALSE,20,shrubland
CanPeat,355,NA,NA,FALSE,10,tree cover
CanPeat,356,NA,NA,FALSE,10,tree cover
CanPeat,357,181,permanent water,FALSE,10,tree cover
CanPeat,358,181,permanent water,FALSE,20,shrubland
CanPeat,359,181,permanent water,FALSE,20,shrubland
CanPeat,36,NA,NA,FALSE,10,tree cover
CanPeat,360,NA,NA,FALSE,10,tree cover
CanPeat,361,NA,NA,FALSE,10,tree cover
CanPeat,362,NA,NA,FALSE,90,herbaceous wetland
CanPeat,363,NA,NA,FALSE,10,tree cover
CanPeat,364,NA,NA,FALSE,10,tree cover
CanPeat,365,NA,NA,FALSE,10,tree cover
CanPeat,366,181,permanent water,FALSE,20,shrubland
CanPeat,367,181,permanent water,FALSE,20,shrubland
CanPeat,368,181,permanent water,FALSE,30,grassland
CanPeat,369,181,permanent water,FALSE,30,grassland
CanPeat,37,NA,NA,FALSE,60,bare/sparse
CanPeat,370,181,permanent water,FALSE,30,grassland
CanPeat,371,NA,NA,FALSE,10,tree cover
CanPeat,372,NA,NA,FALSE,10,tree cover
CanPeat,373,181,permanent water,FALSE,10,tree cover
CanPeat,374,NA,NA,FALSE,10,tree cover
CanPeat,375,NA,NA,FALSE,10,tree cover
CanPeat,376,181,permanent water,FALSE,30,grassland
CanPeat,377,181,permanent water,FALSE,30,grassland
CanPeat,378,NA,NA,FALSE,10,tree cover
CanPeat,379,181,permanent water,FALSE,30,grassland
CanPeat,38,180,non-wetland,FALSE,80,permanent water
CanPeat,380,181,permanent water,FALSE,30,grassland
CanPeat,381,181,permanent water,FALSE,30,grassland
CanPeat,382,NA,NA,FALSE,10,tree cover
CanPeat,383,182,swamp,TRUE,30,grassland
CanPeat,384,182,swamp,TRUE,30,grassland
CanPeat,385,181,permanent water,FALSE,10,tree cover
CanPeat,386,181,permanent water,FALSE,10,tree cover
CanPeat,387,181,permanent water,FALSE,10,tree cover
CanPeat,388,NA,NA,FALSE,30,grassland
CanPeat,389,NA,NA,FALSE,30,grassland
CanPeat,39,NA,NA,FALSE,10,tree cover
CanPeat,390,NA,NA,FALSE,30,grassland
CanPeat,391,181,permanent water,FALSE,10,tree cover
CanPeat,392,181,permanent water,FALSE,10,tree cover
CanPeat,393,182,swamp,TRUE,90,herbaceous wetland
CanPeat,394,182,swamp,TRUE,90,herbaceous wetland
CanPeat,395,182,swamp,TRUE,90,herbaceous wetland
CanPeat,396,182,swamp,TRUE,90,herbaceous wetland
CanPeat,397,181,permanent water,FALSE,90,herbaceous wetland
CanPeat,398,181,permanent water,FALSE,90,herbaceous wetland
CanPeat,399,NA,NA,FALSE,10,tree cover
CanPeat,4,NA,NA,FALSE,10,tree cover
CanPeat,40,NA,NA,FALSE,10,tree cover
CanPeat,400,NA,NA,FALSE,10,tree cover
CanPeat,401,NA,NA,FALSE,10,tree cover
CanPeat,402,NA,NA,FALSE,10,tree cover
CanPeat,403,NA,NA,FALSE,10,tree cover
CanPeat,404,180,non-wetland,FALSE,80,permanent water
CanPeat,405,NA,NA,FALSE,10,tree cover
CanPeat,406,NA,NA,FALSE,10,tree cover
CanPeat,407,NA,NA,FALSE,10,tree cover
CanPeat,408,NA,NA,FALSE,10,tree cover
CanPeat,409,181,permanent water,FALSE,20,shrubland
CanPeat,41,NA,NA,FALSE,10,tree cover
CanPeat,410,NA,NA,FALSE,10,tree cover
CanPeat,411,NA,NA,FALSE,10,tree cover
CanPeat,412,181,permanent water,FALSE,90,herbaceous wetland
CanPeat,413,181,permanent water,FALSE,90,herbaceous wetland
CanPeat,414,NA,NA,FALSE,10,tree cover
CanPeat,415,NA,NA,FALSE,10,tree cover
CanPeat,416,NA,NA,FALSE,10,tree cover
CanPeat,417,NA,NA,FALSE,10,tree cover
CanPeat,418,NA,NA,FALSE,10,tree cover
CanPeat,419,NA,NA,FALSE,10,tree cover
CanPeat,42,NA,NA,FALSE,10,tree cover
CanPeat,420,NA,NA,FALSE,10,tree cover
CanPeat,421,NA,NA,FALSE,10,tree cover
CanPeat,422,NA,NA,FALSE,10,tree cover
CanPeat,423,NA,NA,FALSE,10,tree cover
CanPeat,424,NA,NA,FALSE,10,tree cover
CanPeat,425,NA,NA,FALSE,10,tree cover
CanPeat,426,NA,NA,FALSE,10,tree cover
CanPeat,427,NA,NA,FALSE,30,grassland
CanPeat,428,NA,NA,FALSE,10,tree cover
CanPeat,429,NA,NA,FALSE,10,tree cover
CanPeat,43,NA,NA,FALSE,10,tree cover
CanPeat,430,NA,NA,FALSE,10,tree cover
CanPeat,431,NA,NA,FALSE,10,tree cover
CanPeat,432,NA,NA,FALSE,10,tree cover
CanPeat,433,NA,NA,FALSE,10,tree cover
CanPeat,434,NA,NA,FALSE,10,tree cover
CanPeat,435,NA,NA,FALSE,10,tree cover
CanPeat,436,NA,NA,FALSE,10,tree cover
CanPeat,437,NA,NA,FALSE,30,grassland
CanPeat,438,NA,NA,FALSE,30,grassland
CanPeat,439,NA,NA,FALSE,10,tree cover
CanPeat,44,NA,NA,FALSE,30,grassland
CanPeat,440,NA,NA,FALSE,10,tree cover
CanPeat,441,NA,NA,FALSE,30,grassland
CanPeat,442,181,permanent water,FALSE,20,shrubland
CanPeat,443,NA,NA,FALSE,10,tree cover
CanPeat,444,NA,NA,FALSE,10,tree cover
CanPeat,445,NA,NA,FALSE,10,tree cover
CanPeat,446,NA,NA,FALSE,10,tree cover
CanPeat,447,NA,NA,FALSE,10,tree cover
CanPeat,448,NA,NA,FALSE,10,tree cover
CanPeat,449,NA,NA,FALSE,10,tree cover
CanPeat,45,NA,NA,FALSE,30,grassland
CanPeat,450,NA,NA,FALSE,10,tree cover
CanPeat,451,NA,NA,FALSE,10,tree cover
CanPeat,452,NA,NA,FALSE,10,tree cover
CanPeat,453,NA,NA,FALSE,10,tree cover
CanPeat,454,NA,NA,FALSE,30,grassland
CanPeat,455,NA,NA,FALSE,10,tree cover
CanPeat,456,NA,NA,FALSE,30,grassland
CanPeat,457,NA,NA,FALSE,30,grassland
CanPeat,458,NA,NA,FALSE,10,tree cover
CanPeat,459,NA,NA,FALSE,10,tree cover
CanPeat,46,NA,NA,FALSE,30,grassland
CanPeat,460,181,permanent water,FALSE,10,tree cover
CanPeat,461,NA,NA,FALSE,10,tree cover
CanPeat,462,181,permanent water,FALSE,20,shrubland
CanPeat,463,NA,NA,FALSE,10,tree cover
CanPeat,464,NA,NA,FALSE,10,tree cover
CanPeat,465,NA,NA,FALSE,10,tree cover
CanPeat,466,NA,NA,FALSE,10,tree cover
CanPeat,467,NA,NA,FALSE,30,grassland
CanPeat,468,NA,NA,FALSE,10,tree cover
CanPeat,469,NA,NA,FALSE,10,tree cover
CanPeat,47,180,non-wetland,FALSE,80,permanent water
CanPeat,470,NA,NA,FALSE,10,tree cover
CanPeat,471,NA,NA,FALSE,10,tree cover
CanPeat,472,NA,NA,FALSE,30,grassland
CanPeat,473,180,non-wetland,FALSE,80,permanent water
CanPeat,474,NA,NA,FALSE,10,tree cover
CanPeat,475,NA,NA,FALSE,10,tree cover
CanPeat,476,NA,NA,FALSE,10,tree cover
CanPeat,477,NA,NA,FALSE,10,tree cover
CanPeat,478,NA,NA,FALSE,10,tree cover
CanPeat,479,NA,NA,FALSE,10,tree cover
CanPeat,48,NA,NA,FALSE,30,grassland
CanPeat,480,NA,NA,FALSE,10,tree cover
CanPeat,481,181,permanent water,FALSE,10,tree cover
CanPeat,482,NA,NA,FALSE,40,cropland
CanPeat,483,NA,NA,FALSE,10,tree cover
CanPeat,484,NA,NA,FALSE,10,tree cover
CanPeat,485,NA,NA,FALSE,10,tree cover
CanPeat,486,NA,NA,FALSE,10,tree cover
CanPeat,487,NA,NA,FALSE,10,tree cover
CanPeat,488,NA,NA,FALSE,10,tree cover
CanPeat,489,NA,NA,FALSE,10,tree cover
CanPeat,49,NA,NA,FALSE,30,grassland
CanPeat,490,NA,NA,FALSE,10,tree cover
CanPeat,491,NA,NA,FALSE,10,tree cover
CanPeat,492,NA,NA,FALSE,10,tree cover
CanPeat,493,181,permanent water,FALSE,10,tree cover
CanPeat,494,181,permanent water,FALSE,30,grassland
CanPeat,495,NA,NA,FALSE,10,tree cover
CanPeat,496,NA,NA,FALSE,10,tree cover
CanPeat,497,NA,NA,FALSE,10,tree cover
CanPeat,498,NA,NA,FALSE,10,tree cover
CanPeat,499,NA,NA,FALSE,10,tree cover
CanPeat,5,NA,NA,FALSE,10,tree cover
CanPeat,50,NA,NA,FALSE,30,grassland
CanPeat,500,181,permanent water,FALSE,30,grassland
CanPeat,501,181,permanent water,FALSE,30,grassland
CanPeat,502,181,permanent water,FALSE,30,grassland
CanPeat,503,NA,NA,FALSE,10,tree cover
CanPeat,504,NA,NA,FALSE,10,tree cover
CanPeat,505,NA,NA,FALSE,10,tree cover
CanPeat,506,NA,NA,FALSE,10,tree cover
CanPeat,507,180,non-wetland,FALSE,80,permanent water
CanPeat,508,181,permanent water,FALSE,10,tree cover
CanPeat,509,NA,NA,FALSE,10,tree cover
CanPeat,51,NA,NA,FALSE,30,grassland
CanPeat,510,181,permanent water,FALSE,30,grassland
CanPeat,511,NA,NA,FALSE,10,tree cover
CanPeat,512,NA,NA,FALSE,10,tree cover
CanPeat,513,NA,NA,FALSE,10,tree cover
CanPeat,514,181,permanent water,FALSE,20,shrubland
CanPeat,515,181,permanent water,FALSE,20,shrubland
CanPeat,516,NA,NA,FALSE,10,tree cover
CanPeat,517,NA,NA,FALSE,100,moss and lichen
CanPeat,518,NA,NA,FALSE,10,tree cover
CanPeat,519,NA,NA,FALSE,30,grassland
CanPeat,52,NA,NA,FALSE,30,grassland
CanPeat,520,NA,NA,FALSE,10,tree cover
CanPeat,521,NA,NA,FALSE,10,tree cover
CanPeat,522,NA,NA,FALSE,90,herbaceous wetland
CanPeat,523,NA,NA,FALSE,90,herbaceous wetland
CanPeat,524,NA,NA,FALSE,90,herbaceous wetland
CanPeat,525,181,permanent water,FALSE,20,shrubland
CanPeat,526,NA,NA,FALSE,30,grassland
CanPeat,527,NA,NA,FALSE,10,tree cover
CanPeat,528,NA,NA,FALSE,30,grassland
CanPeat,529,NA,NA,FALSE,10,tree cover
CanPeat,53,NA,NA,FALSE,30,grassland
CanPeat,530,NA,NA,FALSE,10,tree cover
CanPeat,531,NA,NA,FALSE,10,tree cover
CanPeat,532,NA,NA,FALSE,10,tree cover
CanPeat,533,NA,NA,FALSE,10,tree cover
CanPeat,534,181,permanent water,FALSE,30,grassland
CanPeat,535,181,permanent water,FALSE,20,shrubland
CanPeat,536,180,non-wetland,FALSE,80,permanent water
CanPeat,537,180,non-wetland,FALSE,80,permanent water
CanPeat,538,181,permanent water,FALSE,30,grassland
CanPeat,539,NA,NA,FALSE,30,grassland
CanPeat,54,NA,NA,FALSE,30,grassland
CanPeat,540,NA,NA,FALSE,10,tree cover
CanPeat,541,181,permanent water,FALSE,30,grassland
CanPeat,542,181,permanent water,FALSE,30,grassland
CanPeat,543,NA,NA,FALSE,10,tree cover
CanPeat,544,NA,NA,FALSE,10,tree cover
CanPeat,545,NA,NA,FALSE,10,tree cover
CanPeat,546,NA,NA,FALSE,30,grassland
CanPeat,547,NA,NA,FALSE,10,tree cover
CanPeat,548,NA,NA,FALSE,10,tree cover
CanPeat,549,180,non-wetland,FALSE,80,permanent water
CanPeat,55,NA,NA,FALSE,10,tree cover
CanPeat,550,NA,NA,FALSE,10,tree cover
CanPeat,551,NA,NA,FALSE,10,tree cover
CanPeat,552,NA,NA,FALSE,10,tree cover
CanPeat,553,NA,NA,FALSE,10,tree cover
CanPeat,554,NA,NA,FALSE,10,tree cover
CanPeat,555,NA,NA,FALSE,30,grassland
CanPeat,556,NA,NA,FALSE,30,grassland
CanPeat,557,NA,NA,FALSE,10,tree cover
CanPeat,558,NA,NA,FALSE,10,tree cover
CanPeat,559,NA,NA,FALSE,10,tree cover
CanPeat,56,180,non-wetland,FALSE,80,permanent water
CanPeat,560,NA,NA,FALSE,10,tree cover
CanPeat,561,NA,NA,FALSE,10,tree cover
CanPeat,562,NA,NA,FALSE,10,tree cover
CanPeat,563,NA,NA,FALSE,10,tree cover
CanPeat,564,NA,NA,FALSE,10,tree cover
CanPeat,565,NA,NA,FALSE,10,tree cover
CanPeat,566,NA,NA,FALSE,10,tree cover
CanPeat,567,NA,NA,FALSE,90,herbaceous wetland
CanPeat,568,182,swamp,TRUE,90,herbaceous wetland
CanPeat,569,182,swamp,TRUE,30,grassland
CanPeat,57,180,non-wetland,FALSE,80,permanent water
CanPeat,570,NA,NA,FALSE,10,tree cover
CanPeat,571,NA,NA,FALSE,30,grassland
CanPeat,572,180,non-wetland,FALSE,80,permanent water
CanPeat,573,180,non-wetland,FALSE,80,permanent water
CanPeat,574,NA,NA,FALSE,30,grassland
CanPeat,575,181,permanent water,FALSE,10,tree cover
CanPeat,576,181,permanent water,FALSE,20,shrubland
CanPeat,577,182,swamp,TRUE,90,herbaceous wetland
CanPeat,578,182,swamp,TRUE,30,grassland
CanPeat,579,182,swamp,TRUE,20,shrubland
CanPeat,58,180,non-wetland,FALSE,80,permanent water
CanPeat,580,181,permanent water,FALSE,20,shrubland
CanPeat,581,NA,NA,FALSE,10,tree cover
CanPeat,582,NA,NA,FALSE,10,tree cover
CanPeat,583,NA,NA,FALSE,10,tree cover
CanPeat,584,NA,NA,FALSE,10,tree cover
CanPeat,585,NA,NA,FALSE,10,tree cover
CanPeat,586,NA,NA,FALSE,10,tree cover
CanPeat,587,NA,NA,FALSE,100,moss and lichen
CanPeat,588,182,swamp,TRUE,90,herbaceous wetland
CanPeat,589,NA,NA,FALSE,10,tree cover
CanPeat,59,180,non-wetland,FALSE,80,permanent water
CanPeat,590,182,swamp,TRUE,90,herbaceous wetland
CanPeat,591,181,permanent water,FALSE,90,herbaceous wetland
CanPeat,592,181,permanent water,FALSE,80,permanent water
CanPeat,593,181,permanent water,FALSE,30,grassland
CanPeat,594,182,swamp,TRUE,30,grassland
CanPeat,595,NA,NA,FALSE,30,grassland
CanPeat,596,NA,NA,FALSE,30,grassland
CanPeat,597,180,non-wetland,FALSE,80,permanent water
CanPeat,598,182,swamp,TRUE,30,grassland
CanPeat,599,NA,NA,FALSE,10,tree cover
CanPeat,6,NA,NA,FALSE,10,tree cover
CanPeat,60,180,non-wetland,FALSE,80,permanent water
CanPeat,600,NA,NA,FALSE,10,tree cover
CanPeat,601,181,permanent water,FALSE,90,herbaceous wetland
CanPeat,602,181,permanent water,FALSE,90,herbaceous wetland
CanPeat,603,181,permanent water,FALSE,90,herbaceous wetland
CanPeat,604,NA,NA,FALSE,30,grassland
CanPeat,605,NA,NA,FALSE,30,grassland
CanPeat,606,NA,NA,FALSE,30,grassland
CanPeat,607,NA,NA,FALSE,10,tree cover
CanPeat,608,NA,NA,FALSE,100,moss and lichen
CanPeat,609,NA,NA,FALSE,30,grassland
CanPeat,61,NA,NA,FALSE,10,tree cover
CanPeat,610,NA,NA,FALSE,30,grassland
CanPeat,611,180,non-wetland,FALSE,80,permanent water
CanPeat,612,181,permanent water,FALSE,20,shrubland
CanPeat,613,NA,NA,FALSE,30,grassland
CanPeat,614,NA,NA,FALSE,30,grassland
CanPeat,615,NA,NA,FALSE,10,tree cover
CanPeat,616,NA,NA,FALSE,10,tree cover
CanPeat,617,NA,NA,FALSE,30,grassland
CanPeat,618,181,permanent water,FALSE,10,tree cover
CanPeat,619,NA,NA,FALSE,10,tree cover
CanPeat,62,NA,NA,FALSE,10,tree cover
CanPeat,620,NA,NA,FALSE,10,tree cover
CanPeat,621,NA,NA,FALSE,10,tree cover
CanPeat,622,NA,NA,FALSE,10,tree cover
CanPeat,623,NA,NA,FALSE,10,tree cover
CanPeat,624,NA,NA,FALSE,10,tree cover
CanPeat,625,NA,NA,FALSE,10,tree cover
CanPeat,626,NA,NA,FALSE,10,tree cover
CanPeat,627,NA,NA,FALSE,10,tree cover
CanPeat,628,NA,NA,FALSE,10,tree cover
CanPeat,629,NA,NA,FALSE,40,cropland
CanPeat,63,NA,NA,FALSE,10,tree cover
CanPeat,630,NA,NA,FALSE,40,cropland
CanPeat,631,NA,NA,FALSE,40,cropland
CanPeat,632,NA,NA,FALSE,30,grassland
CanPeat,633,NA,NA,FALSE,10,tree cover
CanPeat,634,NA,NA,FALSE,40,cropland
CanPeat,635,NA,NA,FALSE,10,tree cover
CanPeat,636,NA,NA,FALSE,10,tree cover
CanPeat,637,NA,NA,FALSE,10,tree cover
CanPeat,638,NA,NA,FALSE,30,grassland
CanPeat,639,180,non-wetland,FALSE,80,permanent water
CanPeat,64,NA,NA,FALSE,30,grassland
CanPeat,640,NA,NA,FALSE,30,grassland
CanPeat,641,NA,NA,FALSE,30,grassland
CanPeat,642,NA,NA,FALSE,30,grassland
CanPeat,643,NA,NA,FALSE,10,tree cover
CanPeat,644,NA,NA,FALSE,10,tree cover
CanPeat,645,NA,NA,FALSE,10,tree cover
CanPeat,646,NA,NA,FALSE,10,tree cover
CanPeat,647,NA,NA,FALSE,10,tree cover
CanPeat,648,NA,NA,FALSE,30,grassland
CanPeat,649,NA,NA,FALSE,30,grassland
CanPeat,65,NA,NA,FALSE,30,grassland
CanPeat,650,NA,NA,FALSE,30,grassland
CanPeat,651,NA,NA,FALSE,30,grassland
CanPeat,652,NA,NA,FALSE,10,tree cover
CanPeat,653,NA,NA,FALSE,10,tree cover
CanPeat,654,180,non-wetland,FALSE,80,permanent water
CanPeat,655,NA,NA,FALSE,10,tree cover
CanPeat,656,NA,NA,FALSE,30,grassland
CanPeat,657,NA,NA,FALSE,20,shrubland
CanPeat,658,NA,NA,FALSE,10,tree cover
CanPeat,659,NA,NA,FALSE,10,tree cover
CanPeat,66,NA,NA,FALSE,30,grassland
CanPeat,660,NA,NA,FALSE,10,tree cover
CanPeat,661,181,permanent water,FALSE,20,shrubland
CanPeat,662,181,permanent water,FALSE,10,tree cover
CanPeat,663,NA,NA,FALSE,10,tree cover
CanPeat,664,NA,NA,FALSE,10,tree cover
CanPeat,665,NA,NA,FALSE,10,tree cover
CanPeat,666,NA,NA,FALSE,10,tree cover
CanPeat,667,181,permanent water,FALSE,30,grassland
CanPeat,668,NA,NA,FALSE,10,tree cover
CanPeat,669,182,swamp,TRUE,30,grassland
CanPeat,67,180,non-wetland,FALSE,80,permanent water
CanPeat,670,182,swamp,TRUE,30,grassland
CanPeat,671,181,permanent water,FALSE,10,tree cover
CanPeat,672,NA,NA,FALSE,10,tree cover
CanPeat,673,NA,NA,FALSE,30,grassland
CanPeat,674,NA,NA,FALSE,10,tree cover
CanPeat,675,NA,NA,FALSE,10,tree cover
CanPeat,676,NA,NA,FALSE,30,grassland
CanPeat,677,NA,NA,FALSE,30,grassland
CanPeat,678,NA,NA,FALSE,10,tree cover
CanPeat,679,NA,NA,FALSE,10,tree cover
CanPeat,68,180,non-wetland,FALSE,80,permanent water
CanPeat,680,NA,NA,FALSE,10,tree cover
CanPeat,681,181,permanent water,FALSE,30,grassland
CanPeat,682,181,permanent water,FALSE,30,grassland
CanPeat,683,NA,NA,FALSE,10,tree cover
CanPeat,684,NA,NA,FALSE,10,tree cover
CanPeat,685,NA,NA,FALSE,10,tree cover
CanPeat,686,NA,NA,FALSE,10,tree cover
CanPeat,687,NA,NA,FALSE,30,grassland
CanPeat,688,NA,NA,FALSE,10,tree cover
CanPeat,689,NA,NA,FALSE,30,grassland
CanPeat,69,180,non-wetland,FALSE,80,permanent water
CanPeat,690,181,permanent water,FALSE,20,shrubland
CanPeat,691,NA,NA,FALSE,10,tree cover
CanPeat,692,NA,NA,FALSE,10,tree cover
CanPeat,693,NA,NA,FALSE,10,tree cover
CanPeat,694,180,non-wetland,FALSE,80,permanent water
CanPeat,695,181,permanent water,FALSE,30,grassland
CanPeat,696,NA,NA,FALSE,90,herbaceous wetland
CanPeat,697,181,permanent water,FALSE,20,shrubland
CanPeat,698,181,permanent water,FALSE,20,shrubland
CanPeat,699,NA,NA,FALSE,90,herbaceous wetland
CanPeat,7,NA,NA,FALSE,100,moss and lichen
CanPeat,70,180,non-wetland,FALSE,80,permanent water
CanPeat,700,NA,NA,FALSE,100,moss and lichen
CanPeat,701,NA,NA,FALSE,60,bare/sparse
CanPeat,702,NA,NA,FALSE,30,grassland
CanPeat,703,NA,NA,FALSE,60,bare/sparse
CanPeat,704,NA,NA,FALSE,90,herbaceous wetland
CanPeat,705,NA,NA,FALSE,30,grassland
CanPeat,706,NA,NA,FALSE,100,moss and lichen
CanPeat,707,NA,NA,FALSE,NA,NA
CanPeat,708,182,swamp,TRUE,90,herbaceous wetland
CanPeat,709,NA,NA,FALSE,100,moss and lichen
CanPeat,71,NA,NA,FALSE,30,grassland
CanPeat,710,NA,NA,FALSE,30,grassland
CanPeat,711,NA,NA,FALSE,30,grassland
CanPeat,712,181,permanent water,FALSE,20,shrubland
CanPeat,713,NA,NA,FALSE,80,permanent water
CanPeat,714,NA,NA,FALSE,10,tree cover
CanPeat,715,NA,NA,FALSE,10,tree cover
CanPeat,716,NA,NA,FALSE,10,tree cover
CanPeat,717,NA,NA,FALSE,10,tree cover
CanPeat,718,NA,NA,FALSE,60,bare/sparse
CanPeat,719,182,swamp,TRUE,30,grassland
CanPeat,72,NA,NA,FALSE,30,grassland
CanPeat,720,182,swamp,TRUE,30,grassland
CanPeat,721,182,swamp,TRUE,30,grassland
CanPeat,722,182,swamp,TRUE,30,grassland
CanPeat,723,NA,NA,FALSE,10,tree cover
CanPeat,724,NA,NA,FALSE,10,tree cover
CanPeat,725,NA,NA,FALSE,90,herbaceous wetland
CanPeat,726,NA,NA,FALSE,10,tree cover
CanPeat,727,NA,NA,FALSE,10,tree cover
CanPeat,728,NA,NA,FALSE,10,tree cover
CanPeat,729,NA,NA,FALSE,10,tree cover
CanPeat,73,NA,NA,FALSE,30,grassland
CanPeat,730,180,non-wetland,FALSE,80,permanent water
CanPeat,731,NA,NA,FALSE,10,tree cover
CanPeat,732,NA,NA,FALSE,10,tree cover
CanPeat,733,NA,NA,FALSE,10,tree cover
CanPeat,734,NA,NA,FALSE,30,grassland
CanPeat,735,NA,NA,FALSE,10,tree cover
CanPeat,736,NA,NA,FALSE,30,grassland
CanPeat,737,181,permanent water,FALSE,30,grassland
CanPeat,738,180,non-wetland,FALSE,80,permanent water
CanPeat,739,NA,NA,FALSE,10,tree cover
CanPeat,74,NA,NA,FALSE,30,grassland
CanPeat,740,NA,NA,FALSE,10,tree cover
CanPeat,741,NA,NA,FALSE,10,tree cover
CanPeat,742,182,swamp,TRUE,90,herbaceous wetland
CanPeat,743,NA,NA,FALSE,30,grassland
CanPeat,744,NA,NA,FALSE,30,grassland
CanPeat,745,NA,NA,FALSE,30,grassland
CanPeat,746,NA,NA,FALSE,30,grassland
CanPeat,747,NA,NA,FALSE,30,grassland
CanPeat,748,NA,NA,FALSE,10,tree cover
CanPeat,749,NA,NA,FALSE,10,tree cover
CanPeat,75,NA,NA,FALSE,30,grassland
CanPeat,750,NA,NA,FALSE,10,tree cover
CanPeat,751,NA,NA,FALSE,10,tree cover
CanPeat,752,NA,NA,FALSE,10,tree cover
CanPeat,753,NA,NA,FALSE,10,tree cover
CanPeat,754,NA,NA,FALSE,10,tree cover
CanPeat,755,NA,NA,FALSE,10,tree cover
CanPeat,756,NA,NA,FALSE,10,tree cover
CanPeat,757,NA,NA,FALSE,10,tree cover
CanPeat,758,NA,NA,FALSE,10,tree cover
CanPeat,759,NA,NA,FALSE,10,tree cover
CanPeat,76,NA,NA,FALSE,30,grassland
CanPeat,760,NA,NA,FALSE,10,tree cover
CanPeat,761,NA,NA,FALSE,30,grassland
CanPeat,762,NA,NA,FALSE,30,grassland
CanPeat,763,NA,NA,FALSE,30,grassland
CanPeat,764,NA,NA,FALSE,30,grassland
CanPeat,765,NA,NA,FALSE,10,tree cover
CanPeat,766,NA,NA,FALSE,10,tree cover
CanPeat,767,NA,NA,FALSE,10,tree cover
CanPeat,768,NA,NA,FALSE,10,tree cover
CanPeat,769,NA,NA,FALSE,10,tree cover
CanPeat,77,NA,NA,FALSE,30,grassland
CanPeat,770,NA,NA,FALSE,10,tree cover
CanPeat,771,NA,NA,FALSE,10,tree cover
CanPeat,772,NA,NA,FALSE,80,permanent water
CanPeat,773,NA,NA,FALSE,80,permanent water
CanPeat,774,NA,NA,FALSE,80,permanent water
CanPeat,775,NA,NA,FALSE,80,permanent water
CanPeat,776,NA,NA,FALSE,80,permanent water
CanPeat,777,NA,NA,FALSE,80,permanent water
CanPeat,778,NA,NA,FALSE,80,permanent water
CanPeat,779,NA,NA,FALSE,80,permanent water
CanPeat,78,NA,NA,FALSE,30,grassland
CanPeat,780,NA,NA,FALSE,10,tree cover
CanPeat,781,NA,NA,FALSE,10,tree cover
CanPeat,782,NA,NA,FALSE,10,tree cover
CanPeat,783,NA,NA,FALSE,10,tree cover
CanPeat,784,NA,NA,FALSE,10,tree cover
CanPeat,785,180,non-wetland,FALSE,80,permanent water
CanPeat,786,180,non-wetland,FALSE,80,permanent water
CanPeat,787,180,non-wetland,FALSE,80,permanent water
CanPeat,788,180,non-wetland,FALSE,80,permanent water
CanPeat,789,180,non-wetland,FALSE,80,permanent water
CanPeat,79,NA,NA,FALSE,30,grassland
CanPeat,790,180,non-wetland,FALSE,80,permanent water
CanPeat,791,180,non-wetland,FALSE,80,permanent water
CanPeat,792,NA,NA,FALSE,30,grassland
CanPeat,793,NA,NA,FALSE,30,grassland
CanPeat,794,NA,NA,FALSE,30,grassland
CanPeat,795,NA,NA,FALSE,30,grassland
CanPeat,796,NA,NA,FALSE,10,tree cover
CanPeat,797,NA,NA,FALSE,10,tree cover
CanPeat,798,NA,NA,FALSE,10,tree cover
CanPeat,799,NA,NA,FALSE,10,tree cover
CanPeat,8,NA,NA,FALSE,10,tree cover
CanPeat,80,NA,NA,FALSE,30,grassland
CanPeat,800,NA,NA,FALSE,10,tree cover
CanPeat,801,NA,NA,FALSE,10,tree cover
CanPeat,802,NA,NA,FALSE,NA,NA
CanPeat,803,NA,NA,FALSE,NA,NA
CanPeat,804,NA,NA,FALSE,NA,NA
CanPeat,805,NA,NA,FALSE,NA,NA
CanPeat,806,NA,NA,FALSE,NA,NA
CanPeat,807,NA,NA,FALSE,NA,NA
CanPeat,808,NA,NA,FALSE,NA,NA
CanPeat,809,NA,NA,FALSE,10,tree cover
CanPeat,81,NA,NA,FALSE,30,grassland
CanPeat,810,NA,NA,FALSE,10,tree cover
CanPeat,811,NA,NA,FALSE,10,tree cover
CanPeat,812,NA,NA,FALSE,10,tree cover
CanPeat,813,NA,NA,FALSE,10,tree cover
CanPeat,814,NA,NA,FALSE,80,permanent water
CanPeat,815,NA,NA,FALSE,80,permanent water
CanPeat,816,NA,NA,FALSE,80,permanent water
CanPeat,817,NA,NA,FALSE,80,permanent water
CanPeat,818,NA,NA,FALSE,80,permanent water
CanPeat,819,NA,NA,FALSE,80,permanent water
CanPeat,82,NA,NA,FALSE,30,grassland
CanPeat,820,NA,NA,FALSE,30,grassland
CanPeat,821,NA,NA,FALSE,30,grassland
CanPeat,822,NA,NA,FALSE,30,grassland
CanPeat,823,NA,NA,FALSE,30,grassland
CanPeat,824,NA,NA,FALSE,30,grassland
CanPeat,825,NA,NA,FALSE,30,grassland
CanPeat,826,NA,NA,FALSE,30,grassland
CanPeat,827,180,non-wetland,FALSE,80,permanent water
CanPeat,828,NA,NA,FALSE,100,moss and lichen
CanPeat,829,NA,NA,FALSE,100,moss and lichen
CanPeat,83,NA,NA,FALSE,30,grassland
CanPeat,830,180,non-wetland,FALSE,80,permanent water
CanPeat,831,181,permanent water,FALSE,90,herbaceous wetland
CanPeat,832,NA,NA,FALSE,90,herbaceous wetland
CanPeat,833,181,permanent water,FALSE,90,herbaceous wetland
CanPeat,834,180,non-wetland,FALSE,80,permanent water
CanPeat,835,180,non-wetland,FALSE,90,herbaceous wetland
CanPeat,836,180,non-wetland,FALSE,90,herbaceous wetland
CanPeat,837,NA,NA,FALSE,30,grassland
CanPeat,838,NA,NA,FALSE,30,grassland
CanPeat,839,NA,NA,FALSE,90,herbaceous wetland
CanPeat,84,NA,NA,FALSE,30,grassland
CanPeat,840,180,non-wetland,FALSE,80,permanent water
CanPeat,841,186,mangrove,TRUE,10,tree cover
CanPeat,842,186,mangrove,TRUE,10,tree cover
CanPeat,843,NA,NA,FALSE,10,tree cover
CanPeat,844,NA,NA,FALSE,10,tree cover
CanPeat,845,NA,NA,FALSE,10,tree cover
CanPeat,846,NA,NA,FALSE,10,tree cover
CanPeat,847,NA,NA,FALSE,10,tree cover
CanPeat,848,NA,NA,FALSE,10,tree cover
CanPeat,849,182,swamp,TRUE,30,grassland
CanPeat,85,NA,NA,FALSE,20,shrubland
CanPeat,850,182,swamp,TRUE,30,grassland
CanPeat,851,182,swamp,TRUE,30,grassland
CanPeat,852,181,permanent water,FALSE,20,shrubland
CanPeat,853,181,permanent water,FALSE,20,shrubland
CanPeat,854,181,permanent water,FALSE,90,herbaceous wetland
CanPeat,855,NA,NA,FALSE,90,herbaceous wetland
CanPeat,856,181,permanent water,FALSE,30,grassland
CanPeat,857,181,permanent water,FALSE,20,shrubland
CanPeat,858,NA,NA,FALSE,100,moss and lichen
CanPeat,859,NA,NA,FALSE,30,grassland
CanPeat,86,NA,NA,FALSE,20,shrubland
CanPeat,860,182,swamp,TRUE,30,grassland
CanPeat,861,182,swamp,TRUE,30,grassland
CanPeat,862,182,swamp,TRUE,90,herbaceous wetland
CanPeat,863,182,swamp,TRUE,30,grassland
CanPeat,864,182,swamp,TRUE,90,herbaceous wetland
CanPeat,865,182,swamp,TRUE,90,herbaceous wetland
CanPeat,866,182,swamp,TRUE,90,herbaceous wetland
CanPeat,867,182,swamp,TRUE,90,herbaceous wetland
CanPeat,868,182,swamp,TRUE,30,grassland
CanPeat,869,182,swamp,TRUE,20,shrubland
CanPeat,87,NA,NA,FALSE,20,shrubland
CanPeat,870,NA,NA,FALSE,10,tree cover
CanPeat,871,182,swamp,TRUE,30,grassland
CanPeat,872,182,swamp,TRUE,30,grassland
CanPeat,873,182,swamp,TRUE,30,grassland
CanPeat,874,NA,NA,FALSE,90,herbaceous wetland
CanPeat,875,NA,NA,FALSE,90,herbaceous wetland
CanPeat,876,NA,NA,FALSE,90,herbaceous wetland
CanPeat,877,182,swamp,TRUE,30,grassland
CanPeat,878,181,permanent water,FALSE,20,shrubland
CanPeat,879,NA,NA,FALSE,30,grassland
CanPeat,88,NA,NA,FALSE,20,shrubland
CanPeat,880,182,swamp,TRUE,90,herbaceous wetland
CanPeat,881,181,permanent water,FALSE,20,shrubland
CanPeat,882,NA,NA,FALSE,90,herbaceous wetland
CanPeat,883,181,permanent water,FALSE,20,shrubland
CanPeat,884,NA,NA,FALSE,30,grassland
CanPeat,885,182,swamp,TRUE,90,herbaceous wetland
CanPeat,886,NA,NA,FALSE,30,grassland
CanPeat,887,181,permanent water,FALSE,10,tree cover
CanPeat,888,NA,NA,FALSE,10,tree cover
CanPeat,889,NA,NA,FALSE,30,grassland
CanPeat,89,NA,NA,FALSE,30,grassland
CanPeat,890,182,swamp,TRUE,30,grassland
CanPeat,891,182,swamp,TRUE,30,grassland
CanPeat,892,182,swamp,TRUE,90,herbaceous wetland
CanPeat,893,182,swamp,TRUE,90,herbaceous wetland
CanPeat,894,182,swamp,TRUE,90,herbaceous wetland
CanPeat,895,182,swamp,TRUE,90,herbaceous wetland
CanPeat,896,NA,NA,FALSE,10,tree cover
CanPeat,897,182,swamp,TRUE,30,grassland
CanPeat,898,NA,NA,FALSE,90,herbaceous wetland
CanPeat,899,NA,NA,FALSE,30,grassland
CanPeat,9,NA,NA,FALSE,10,tree cover
CanPeat,90,NA,NA,FALSE,30,grassland
CanPeat,900,182,swamp,TRUE,90,herbaceous wetland
CanPeat,901,182,swamp,TRUE,20,shrubland
CanPeat,902,182,swamp,TRUE,90,herbaceous wetland
CanPeat,903,181,permanent water,FALSE,90,herbaceous wetland
CanPeat,904,NA,NA,FALSE,10,tree cover
CanPeat,905,NA,NA,FALSE,10,tree cover
CanPeat,906,NA,NA,FALSE,10,tree cover
CanPeat,907,NA,NA,FALSE,10,tree cover
CanPeat,908,NA,NA,FALSE,10,tree cover
CanPeat,909,NA,NA,FALSE,10,tree cover
CanPeat,91,NA,NA,FALSE,30,grassland
CanPeat,910,NA,NA,FALSE,10,tree cover
CanPeat,911,NA,NA,FALSE,30,grassland
CanPeat,912,NA,NA,FALSE,30,grassland
CanPeat,913,NA,NA,FALSE,30,grassland
CanPeat,914,NA,NA,FALSE,10,tree cover
CanPeat,915,NA,NA,FALSE,10,tree cover
CanPeat,916,NA,NA,FALSE,10,tree cover
CanPeat,917,NA,NA,FALSE,10,tree cover
CanPeat,918,NA,NA,FALSE,10,tree cover
CanPeat,919,NA,NA,FALSE,10,tree cover
CanPeat,92,NA,NA,FALSE,20,shrubland
CanPeat,920,182,swamp,TRUE,30,grassland
CanPeat,921,182,swamp,TRUE,30,grassland
CanPeat,922,182,swamp,TRUE,30,grassland
CanPeat,923,NA,NA,FALSE,30,grassland
CanPeat,924,182,swamp,TRUE,90,herbaceous wetland
CanPeat,925,182,swamp,TRUE,90,herbaceous wetland
CanPeat,926,182,swamp,TRUE,90,herbaceous wetland
CanPeat,927,182,swamp,TRUE,30,grassland
CanPeat,928,NA,NA,FALSE,30,grassland
CanPeat,929,182,swamp,TRUE,90,herbaceous wetland
CanPeat,93,NA,NA,FALSE,30,grassland
CanPeat,930,182,swamp,TRUE,90,herbaceous wetland
CanPeat,931,182,swamp,TRUE,90,herbaceous wetland
CanPeat,932,182,swamp,TRUE,90,herbaceous wetland
CanPeat,933,NA,NA,FALSE,30,grassland
CanPeat,934,NA,NA,FALSE,90,herbaceous wetland
CanPeat,935,NA,NA,FALSE,90,herbaceous wetland
CanPeat,936,NA,NA,FALSE,90,herbaceous wetland
CanPeat,937,182,swamp,TRUE,90,herbaceous wetland
CanPeat,938,182,swamp,TRUE,90,herbaceous wetland
CanPeat,939,182,swamp,TRUE,90,herbaceous wetland
CanPeat,94,NA,NA,FALSE,10,tree cover
CanPeat,940,182,swamp,TRUE,90,herbaceous wetland
CanPeat,941,182,swamp,TRUE,30,grassland
CanPeat,942,182,swamp,TRUE,90,herbaceous wetland
CanPeat,943,182,swamp,TRUE,90,herbaceous wetland
CanPeat,944,182,swamp,TRUE,90,herbaceous wetland
CanPeat,945,182,swamp,TRUE,90,herbaceous wetland
CanPeat,946,NA,NA,FALSE,30,grassland
CanPeat,947,182,swamp,TRUE,90,herbaceous wetland
CanPeat,948,NA,NA,FALSE,90,herbaceous wetland
CanPeat,949,NA,NA,FALSE,90,herbaceous wetland
CanPeat,95,NA,NA,FALSE,10,tree cover
CanPeat,950,NA,NA,FALSE,90,herbaceous wetland
CanPeat,951,NA,NA,FALSE,90,herbaceous wetland
CanPeat,952,NA,NA,FALSE,30,grassland
CanPeat,953,NA,NA,FALSE,30,grassland
CanPeat,954,181,permanent water,FALSE,90,herbaceous wetland
CanPeat,955,181,permanent water,FALSE,90,herbaceous wetland
CanPeat,956,181,permanent water,FALSE,90,herbaceous wetland
CanPeat,957,181,permanent water,FALSE,90,herbaceous wetland
CanPeat,958,181,permanent water,FALSE,90,herbaceous wetland
CanPeat,959,NA,NA,FALSE,30,grassland
CanPeat,96,NA,NA,FALSE,10,tree cover
CanPeat,960,NA,NA,FALSE,30,grassland
CanPeat,961,NA,NA,FALSE,30,grassland
CanPeat,962,NA,NA,FALSE,30,grassland
CanPeat,963,NA,NA,FALSE,30,grassland
CanPeat,964,NA,NA,FALSE,30,grassland
CanPeat,965,NA,NA,FALSE,30,grassland
CanPeat,966,NA,NA,FALSE,30,grassland
CanPeat,967,NA,NA,FALSE,30,grassland
CanPeat,968,182,swamp,TRUE,90,herbaceous wetland
CanPeat,969,NA,NA,FALSE,10,tree cover
CanPeat,97,NA,NA,FALSE,10,tree cover
CanPeat,970,NA,NA,FALSE,10,tree cover
CanPeat,971,NA,NA,FALSE,10,tree cover
CanPeat,972,NA,NA,FALSE,10,tree cover
CanPeat,973,NA,NA,FALSE,10,tree cover
CanPeat,974,NA,NA,FALSE,30,grassland
CanPeat,975,NA,NA,FALSE,10,tree cover
CanPeat,976,NA,NA,FALSE,30,grassland
CanPeat,977,NA,NA,FALSE,90,herbaceous wetland
CanPeat,978,NA,NA,FALSE,90,herbaceous wetland
CanPeat,979,NA,NA,FALSE,30,grassland
CanPeat,98,NA,NA,FALSE,10,tree cover
CanPeat,980,NA,NA,FALSE,30,grassland
CanPeat,981,181,permanent water,FALSE,30,grassland
CanPeat,982,NA,NA,FALSE,90,herbaceous wetland
CanPeat,983,182,swamp,TRUE,30,grassland
CanPeat,984,182,swamp,TRUE,90,herbaceous wetland
CanPeat,985,182,swamp,TRUE,30,grassland
CanPeat,986,NA,NA,FALSE,90,herbaceous wetland
CanPeat,987,NA,NA,FALSE,90,herbaceous wetland
CanPeat,988,NA,NA,FALSE,90,herbaceous wetland
CanPeat,989,NA,NA,FALSE,90,herbaceous wetland
CanPeat,99,NA,NA,FALSE,20,shrubland
CanPeat,990,NA,NA,FALSE,10,tree cover
CanPeat,991,NA,NA,FALSE,90,herbaceous wetland
CanPeat,992,NA,NA,FALSE,90,herbaceous wetland
CanPeat,993,NA,NA,FALSE,30,grassland
CanPeat,994,NA,NA,FALSE,30,grassland
CanPeat,995,NA,NA,FALSE,90,herbaceous wetland
CanPeat,996,NA,NA,FALSE,30,grassland
CanPeat,997,NA,NA,FALSE,90,herbaceous wetland
CanPeat,998,NA,NA,FALSE,10,tree cover
CanPeat,999,NA,NA,FALSE,10,tree cover
Janousek,1,186,mangrove,TRUE,90,herbaceous wetland
Janousek,10,186,mangrove,TRUE,90,herbaceous wetland
Janousek,100,187,salt marsh,TRUE,80,permanent water
Janousek,1002,187,salt marsh,TRUE,80,permanent water
Janousek,1003,180,non-wetland,FALSE,80,permanent water
Janousek,1004,187,salt marsh,TRUE,80,permanent water
Janousek,1005,187,salt marsh,TRUE,80,permanent water
Janousek,1006,180,non-wetland,FALSE,80,permanent water
Janousek,1007,187,salt marsh,TRUE,80,permanent water
Janousek,1008,180,non-wetland,FALSE,80,permanent water
Janousek,1009,187,salt marsh,TRUE,80,permanent water
Janousek,101,187,salt marsh,TRUE,80,permanent water
Janousek,1010,180,non-wetland,FALSE,80,permanent water
Janousek,1011,182,swamp,TRUE,20,shrubland
Janousek,1012,186,mangrove,TRUE,20,shrubland
Janousek,1013,186,mangrove,TRUE,10,tree cover
Janousek,1014,186,mangrove,TRUE,20,shrubland
Janousek,1015,186,mangrove,TRUE,20,shrubland
Janousek,1016,186,mangrove,TRUE,20,shrubland
Janousek,1017,186,mangrove,TRUE,90,herbaceous wetland
Janousek,1018,186,mangrove,TRUE,90,herbaceous wetland
Janousek,1019,186,mangrove,TRUE,90,herbaceous wetland
Janousek,102,187,salt marsh,TRUE,80,permanent water
Janousek,1020,186,mangrove,TRUE,90,herbaceous wetland
Janousek,1021,186,mangrove,TRUE,90,herbaceous wetland
Janousek,1022,186,mangrove,TRUE,90,herbaceous wetland
Janousek,1023,187,salt marsh,TRUE,80,permanent water
Janousek,1024,187,salt marsh,TRUE,80,permanent water
Janousek,1025,187,salt marsh,TRUE,80,permanent water
Janousek,1026,186,mangrove,TRUE,30,grassland
Janousek,1027,186,mangrove,TRUE,30,grassland
Janousek,1028,186,mangrove,TRUE,30,grassland
Janousek,1029,186,mangrove,TRUE,30,grassland
Janousek,103,186,mangrove,TRUE,80,permanent water
Janousek,1030,186,mangrove,TRUE,30,grassland
Janousek,1031,186,mangrove,TRUE,30,grassland
Janousek,1032,186,mangrove,TRUE,90,herbaceous wetland
Janousek,1033,186,mangrove,TRUE,90,herbaceous wetland
Janousek,1034,186,mangrove,TRUE,80,permanent water
Janousek,1035,186,mangrove,TRUE,30,grassland
Janousek,1036,186,mangrove,TRUE,30,grassland
Janousek,1037,186,mangrove,TRUE,30,grassland
Janousek,1038,186,mangrove,TRUE,80,permanent water
Janousek,1039,186,mangrove,TRUE,90,herbaceous wetland
Janousek,104,186,mangrove,TRUE,80,permanent water
Janousek,1040,NA,NA,FALSE,30,grassland
Janousek,1041,NA,NA,FALSE,30,grassland
Janousek,1042,186,mangrove,TRUE,80,permanent water
Janousek,1044,186,mangrove,TRUE,90,herbaceous wetland
Janousek,1049,186,mangrove,TRUE,90,herbaceous wetland
Janousek,105,186,mangrove,TRUE,80,permanent water
Janousek,1050,186,mangrove,TRUE,80,permanent water
Janousek,1051,186,mangrove,TRUE,90,herbaceous wetland
Janousek,1052,186,mangrove,TRUE,10,tree cover
Janousek,1054,186,mangrove,TRUE,30,grassland
Janousek,1055,186,mangrove,TRUE,30,grassland
Janousek,1056,186,mangrove,TRUE,80,permanent water
Janousek,1057,186,mangrove,TRUE,30,grassland
Janousek,1058,186,mangrove,TRUE,80,permanent water
Janousek,1059,186,mangrove,TRUE,30,grassland
Janousek,106,186,mangrove,TRUE,80,permanent water
Janousek,1060,186,mangrove,TRUE,30,grassland
Janousek,1061,186,mangrove,TRUE,10,tree cover
Janousek,1062,186,mangrove,TRUE,90,herbaceous wetland
Janousek,1063,NA,NA,FALSE,30,grassland
Janousek,1064,181,permanent water,FALSE,90,herbaceous wetland
Janousek,1065,182,swamp,TRUE,90,herbaceous wetland
Janousek,1066,NA,NA,FALSE,30,grassland
Janousek,1067,181,permanent water,FALSE,90,herbaceous wetland
Janousek,1068,182,swamp,TRUE,30,grassland
Janousek,1069,NA,NA,FALSE,90,herbaceous wetland
Janousek,107,186,mangrove,TRUE,80,permanent water
Janousek,1070,NA,NA,FALSE,30,grassland
Janousek,1071,181,permanent water,FALSE,90,herbaceous wetland
Janousek,1072,186,mangrove,TRUE,30,grassland
Janousek,1073,186,mangrove,TRUE,80,permanent water
Janousek,1074,182,swamp,TRUE,30,grassland
Janousek,1075,185,saline,TRUE,95,mangrove
Janousek,1076,185,saline,TRUE,20,shrubland
Janousek,1077,185,saline,TRUE,80,permanent water
Janousek,1078,185,saline,TRUE,95,mangrove
Janousek,1079,NA,NA,FALSE,60,bare/sparse
Janousek,108,186,mangrove,TRUE,80,permanent water
Janousek,1080,186,mangrove,TRUE,10,tree cover
Janousek,1081,187,salt marsh,TRUE,80,permanent water
Janousek,1082,186,mangrove,TRUE,10,tree cover
Janousek,1083,186,mangrove,TRUE,10,tree cover
Janousek,1084,186,mangrove,TRUE,10,tree cover
Janousek,1085,186,mangrove,TRUE,10,tree cover
Janousek,1086,186,mangrove,TRUE,10,tree cover
Janousek,1087,186,mangrove,TRUE,10,tree cover
Janousek,1088,186,mangrove,TRUE,10,tree cover
Janousek,1089,186,mangrove,TRUE,10,tree cover
Janousek,109,186,mangrove,TRUE,10,tree cover
Janousek,1090,185,saline,TRUE,95,mangrove
Janousek,1091,185,saline,TRUE,95,mangrove
Janousek,1092,185,saline,TRUE,95,mangrove
Janousek,1093,185,saline,TRUE,95,mangrove
Janousek,1094,185,saline,TRUE,95,mangrove
Janousek,1095,185,saline,TRUE,95,mangrove
Janousek,1096,185,saline,TRUE,95,mangrove
Janousek,1097,186,mangrove,TRUE,30,grassland
Janousek,1099,NA,NA,FALSE,90,herbaceous wetland
Janousek,11,186,mangrove,TRUE,10,tree cover
Janousek,110,186,mangrove,TRUE,10,tree cover
Janousek,1100,NA,NA,FALSE,90,herbaceous wetland
Janousek,1101,NA,NA,FALSE,90,herbaceous wetland
Janousek,1102,NA,NA,FALSE,30,grassland
Janousek,1103,186,mangrove,TRUE,90,herbaceous wetland
Janousek,1104,186,mangrove,TRUE,90,herbaceous wetland
Janousek,1105,186,mangrove,TRUE,90,herbaceous wetland
Janousek,1106,186,mangrove,TRUE,90,herbaceous wetland
Janousek,1107,186,mangrove,TRUE,90,herbaceous wetland
Janousek,1108,186,mangrove,TRUE,90,herbaceous wetland
Janousek,1109,186,mangrove,TRUE,90,herbaceous wetland
Janousek,111,186,mangrove,TRUE,90,herbaceous wetland
Janousek,1110,186,mangrove,TRUE,80,permanent water
Janousek,1111,186,mangrove,TRUE,90,herbaceous wetland
Janousek,1112,186,mangrove,TRUE,90,herbaceous wetland
Janousek,1113,186,mangrove,TRUE,90,herbaceous wetland
Janousek,1114,186,mangrove,TRUE,90,herbaceous wetland
Janousek,1115,180,non-wetland,FALSE,80,permanent water
Janousek,1116,180,non-wetland,FALSE,80,permanent water
Janousek,1117,187,salt marsh,TRUE,80,permanent water
Janousek,1118,186,mangrove,TRUE,10,tree cover
Janousek,1119,186,mangrove,TRUE,10,tree cover
Janousek,112,186,mangrove,TRUE,90,herbaceous wetland
Janousek,1120,186,mangrove,TRUE,10,tree cover
Janousek,1121,186,mangrove,TRUE,30,grassland
Janousek,1122,186,mangrove,TRUE,20,shrubland
Janousek,1123,186,mangrove,TRUE,10,tree cover
Janousek,113,186,mangrove,TRUE,90,herbaceous wetland
Janousek,1130,186,mangrove,TRUE,90,herbaceous wetland
Janousek,1131,186,mangrove,TRUE,90,herbaceous wetland
Janousek,1132,186,mangrove,TRUE,90,herbaceous wetland
Janousek,1133,186,mangrove,TRUE,90,herbaceous wetland
Janousek,1134,186,mangrove,TRUE,90,herbaceous wetland
Janousek,1135,186,mangrove,TRUE,90,herbaceous wetland
Janousek,1139,186,mangrove,TRUE,10,tree cover
Janousek,114,186,mangrove,TRUE,90,herbaceous wetland
Janousek,1140,186,mangrove,TRUE,10,tree cover
Janousek,1141,186,mangrove,TRUE,10,tree cover
Janousek,1142,186,mangrove,TRUE,90,herbaceous wetland
Janousek,1143,186,mangrove,TRUE,10,tree cover
Janousek,1144,186,mangrove,TRUE,10,tree cover
Janousek,1148,186,mangrove,TRUE,90,herbaceous wetland
Janousek,1149,186,mangrove,TRUE,90,herbaceous wetland
Janousek,115,186,mangrove,TRUE,10,tree cover
Janousek,1150,180,non-wetland,FALSE,80,permanent water
Janousek,1151,180,non-wetland,FALSE,80,permanent water
Janousek,1153,187,salt marsh,TRUE,80,permanent water
Janousek,1154,187,salt marsh,TRUE,80,permanent water
Janousek,1155,NA,NA,FALSE,80,permanent water
Janousek,1156,NA,NA,FALSE,80,permanent water
Janousek,116,186,mangrove,TRUE,10,tree cover
Janousek,1162,187,salt marsh,TRUE,80,permanent water
Janousek,1164,186,mangrove,TRUE,10,tree cover
Janousek,1165,186,mangrove,TRUE,10,tree cover
Janousek,1166,186,mangrove,TRUE,90,herbaceous wetland
Janousek,1167,186,mangrove,TRUE,10,tree cover
Janousek,1168,186,mangrove,TRUE,90,herbaceous wetland
Janousek,1169,186,mangrove,TRUE,90,herbaceous wetland
Janousek,117,186,mangrove,TRUE,10,tree cover
Janousek,1170,186,mangrove,TRUE,10,tree cover
Janousek,1171,186,mangrove,TRUE,20,shrubland
Janousek,1172,NA,NA,FALSE,10,tree cover
Janousek,1173,NA,NA,FALSE,10,tree cover
Janousek,1174,186,mangrove,TRUE,10,tree cover
Janousek,1175,186,mangrove,TRUE,30,grassland
Janousek,118,186,mangrove,TRUE,10,tree cover
Janousek,1183,186,mangrove,TRUE,30,grassland
Janousek,1184,186,mangrove,TRUE,30,grassland
Janousek,1185,186,mangrove,TRUE,30,grassland
Janousek,1186,186,mangrove,TRUE,30,grassland
Janousek,1187,186,mangrove,TRUE,30,grassland
Janousek,1188,186,mangrove,TRUE,10,tree cover
Janousek,1189,NA,NA,FALSE,10,tree cover
Janousek,119,186,mangrove,TRUE,30,grassland
Janousek,1190,NA,NA,FALSE,10,tree cover
Janousek,1197,186,mangrove,TRUE,30,grassland
Janousek,1198,186,mangrove,TRUE,30,grassland
Janousek,12,186,mangrove,TRUE,20,shrubland
Janousek,120,186,mangrove,TRUE,30,grassland
Janousek,1201,181,permanent water,FALSE,10,tree cover
Janousek,1203,186,mangrove,TRUE,30,grassland
Janousek,1204,186,mangrove,TRUE,30,grassland
Janousek,1207,186,mangrove,TRUE,30,grassland
Janousek,1208,186,mangrove,TRUE,90,herbaceous wetland
Janousek,121,186,mangrove,TRUE,30,grassland
Janousek,1213,185,saline,TRUE,95,mangrove
Janousek,1214,185,saline,TRUE,95,mangrove
Janousek,1215,185,saline,TRUE,95,mangrove
Janousek,1216,185,saline,TRUE,95,mangrove
Janousek,122,186,mangrove,TRUE,30,grassland
Janousek,1229,186,mangrove,TRUE,80,permanent water
Janousek,123,186,mangrove,TRUE,30,grassland
Janousek,1230,186,mangrove,TRUE,80,permanent water
Janousek,1231,186,mangrove,TRUE,80,permanent water
Janousek,1232,186,mangrove,TRUE,80,permanent water
Janousek,1233,186,mangrove,TRUE,80,permanent water
Janousek,1234,186,mangrove,TRUE,80,permanent water
Janousek,1235,186,mangrove,TRUE,80,permanent water
Janousek,1236,186,mangrove,TRUE,80,permanent water
Janousek,1237,186,mangrove,TRUE,80,permanent water
Janousek,1238,186,mangrove,TRUE,80,permanent water
Janousek,1239,186,mangrove,TRUE,80,permanent water
Janousek,124,186,mangrove,TRUE,30,grassland
Janousek,1240,186,mangrove,TRUE,80,permanent water
Janousek,1241,NA,NA,FALSE,90,herbaceous wetland
Janousek,1243,NA,NA,FALSE,90,herbaceous wetland
Janousek,1245,NA,NA,FALSE,90,herbaceous wetland
Janousek,1246,NA,NA,FALSE,90,herbaceous wetland
Janousek,1249,186,mangrove,TRUE,90,herbaceous wetland
Janousek,125,186,mangrove,TRUE,30,grassland
Janousek,1250,186,mangrove,TRUE,90,herbaceous wetland
Janousek,1251,185,saline,TRUE,95,mangrove
Janousek,1252,185,saline,TRUE,95,mangrove
Janousek,1253,185,saline,TRUE,95,mangrove
Janousek,1254,185,saline,TRUE,95,mangrove
Janousek,1255,185,saline,TRUE,95,mangrove
Janousek,1256,185,saline,TRUE,95,mangrove
Janousek,1257,185,saline,TRUE,95,mangrove
Janousek,1258,185,saline,TRUE,95,mangrove
Janousek,1259,185,saline,TRUE,95,mangrove
Janousek,126,186,mangrove,TRUE,90,herbaceous wetland
Janousek,1260,185,saline,TRUE,95,mangrove
Janousek,1261,185,saline,TRUE,95,mangrove
Janousek,1262,185,saline,TRUE,95,mangrove
Janousek,1263,185,saline,TRUE,95,mangrove
Janousek,1264,185,saline,TRUE,95,mangrove
Janousek,1265,185,saline,TRUE,95,mangrove
Janousek,1266,185,saline,TRUE,95,mangrove
Janousek,1267,185,saline,TRUE,95,mangrove
Janousek,1268,185,saline,TRUE,95,mangrove
Janousek,1269,185,saline,TRUE,95,mangrove
Janousek,127,186,mangrove,TRUE,30,grassland
Janousek,1270,185,saline,TRUE,95,mangrove
Janousek,1271,185,saline,TRUE,95,mangrove
Janousek,1272,185,saline,TRUE,95,mangrove
Janousek,1273,185,saline,TRUE,95,mangrove
Janousek,1274,185,saline,TRUE,95,mangrove
Janousek,1275,185,saline,TRUE,95,mangrove
Janousek,1276,185,saline,TRUE,95,mangrove
Janousek,1277,185,saline,TRUE,95,mangrove
Janousek,1278,185,saline,TRUE,95,mangrove
Janousek,1279,185,saline,TRUE,95,mangrove
Janousek,128,186,mangrove,TRUE,30,grassland
Janousek,1280,185,saline,TRUE,95,mangrove
Janousek,1281,185,saline,TRUE,95,mangrove
Janousek,1282,185,saline,TRUE,95,mangrove
Janousek,1283,185,saline,TRUE,95,mangrove
Janousek,1284,185,saline,TRUE,95,mangrove
Janousek,1285,185,saline,TRUE,95,mangrove
Janousek,1286,185,saline,TRUE,95,mangrove
Janousek,1287,185,saline,TRUE,95,mangrove
Janousek,1288,185,saline,TRUE,95,mangrove
Janousek,1289,185,saline,TRUE,95,mangrove
Janousek,129,186,mangrove,TRUE,30,grassland
Janousek,1290,185,saline,TRUE,95,mangrove
Janousek,1291,185,saline,TRUE,95,mangrove
Janousek,1292,185,saline,TRUE,95,mangrove
Janousek,1299,NA,NA,FALSE,30,grassland
Janousek,13,186,mangrove,TRUE,90,herbaceous wetland
Janousek,130,186,mangrove,TRUE,90,herbaceous wetland
Janousek,1300,NA,NA,FALSE,30,grassland
Janousek,1301,NA,NA,FALSE,30,grassland
Janousek,1302,NA,NA,FALSE,30,grassland
Janousek,1303,NA,NA,FALSE,30,grassland
Janousek,1304,NA,NA,FALSE,30,grassland
Janousek,1305,182,swamp,TRUE,80,permanent water
Janousek,1306,186,mangrove,TRUE,80,permanent water
Janousek,1307,186,mangrove,TRUE,90,herbaceous wetland
Janousek,1308,186,mangrove,TRUE,80,permanent water
Janousek,1309,186,mangrove,TRUE,10,tree cover
Janousek,131,186,mangrove,TRUE,90,herbaceous wetland
Janousek,1310,186,mangrove,TRUE,90,herbaceous wetland
Janousek,1311,186,mangrove,TRUE,90,herbaceous wetland
Janousek,1312,186,mangrove,TRUE,90,herbaceous wetland
Janousek,1314,186,mangrove,TRUE,90,herbaceous wetland
Janousek,1315,180,non-wetland,FALSE,80,permanent water
Janousek,1316,180,non-wetland,FALSE,80,permanent water
Janousek,1317,186,mangrove,TRUE,10,tree cover
Janousek,1318,186,mangrove,TRUE,90,herbaceous wetland
Janousek,132,186,mangrove,TRUE,90,herbaceous wetland
Janousek,1320,186,mangrove,TRUE,90,herbaceous wetland
Janousek,1321,180,non-wetland,FALSE,80,permanent water
Janousek,1322,186,mangrove,TRUE,90,herbaceous wetland
Janousek,1323,186,mangrove,TRUE,90,herbaceous wetland
Janousek,1324,180,non-wetland,FALSE,80,permanent water
Janousek,1325,180,non-wetland,FALSE,80,permanent water
Janousek,1326,180,non-wetland,FALSE,90,herbaceous wetland
Janousek,1329,186,mangrove,TRUE,10,tree cover
Janousek,133,186,mangrove,TRUE,30,grassland
Janousek,1330,186,mangrove,TRUE,90,herbaceous wetland
Janousek,1331,186,mangrove,TRUE,90,herbaceous wetland
Janousek,1332,180,non-wetland,FALSE,80,permanent water
Janousek,1333,180,non-wetland,FALSE,80,permanent water
Janousek,1335,186,mangrove,TRUE,10,tree cover
Janousek,1336,186,mangrove,TRUE,90,herbaceous wetland
Janousek,1337,180,non-wetland,FALSE,90,herbaceous wetland
Janousek,1338,180,non-wetland,FALSE,80,permanent water
Janousek,134,186,mangrove,TRUE,80,permanent water
Janousek,1341,186,mangrove,TRUE,80,permanent water
Janousek,1342,186,mangrove,TRUE,90,herbaceous wetland
Janousek,1343,186,mangrove,TRUE,90,herbaceous wetland
Janousek,1344,186,mangrove,TRUE,10,tree cover
Janousek,1345,186,mangrove,TRUE,90,herbaceous wetland
Janousek,1346,186,mangrove,TRUE,90,herbaceous wetland
Janousek,1347,186,mangrove,TRUE,90,herbaceous wetland
Janousek,1348,180,non-wetland,FALSE,80,permanent water
Janousek,1349,180,non-wetland,FALSE,80,permanent water
Janousek,135,186,mangrove,TRUE,90,herbaceous wetland
Janousek,1350,186,mangrove,TRUE,90,herbaceous wetland
Janousek,1352,180,non-wetland,FALSE,80,permanent water
Janousek,1353,186,mangrove,TRUE,90,herbaceous wetland
Janousek,1354,186,mangrove,TRUE,90,herbaceous wetland
Janousek,1355,186,mangrove,TRUE,80,permanent water
Janousek,1356,180,non-wetland,FALSE,80,permanent water
Janousek,1357,186,mangrove,TRUE,90,herbaceous wetland
Janousek,1358,180,non-wetland,FALSE,80,permanent water
Janousek,136,186,mangrove,TRUE,30,grassland
Janousek,1360,186,mangrove,TRUE,90,herbaceous wetland
Janousek,1361,186,mangrove,TRUE,90,herbaceous wetland
Janousek,1362,186,mangrove,TRUE,90,herbaceous wetland
Janousek,1363,186,mangrove,TRUE,10,tree cover
Janousek,1366,186,mangrove,TRUE,90,herbaceous wetland
Janousek,1367,186,mangrove,TRUE,90,herbaceous wetland
Janousek,1368,186,mangrove,TRUE,90,herbaceous wetland
Janousek,137,186,mangrove,TRUE,30,grassland
Janousek,1370,186,mangrove,TRUE,10,tree cover
Janousek,1373,186,mangrove,TRUE,90,herbaceous wetland
Janousek,1375,186,mangrove,TRUE,90,herbaceous wetland
Janousek,1376,186,mangrove,TRUE,10,tree cover
Janousek,1378,180,non-wetland,FALSE,80,permanent water
Janousek,1379,186,mangrove,TRUE,90,herbaceous wetland
Janousek,138,186,mangrove,TRUE,80,permanent water
Janousek,1380,186,mangrove,TRUE,10,tree cover
Janousek,1381,186,mangrove,TRUE,10,tree cover
Janousek,1382,186,mangrove,TRUE,90,herbaceous wetland
Janousek,1383,186,mangrove,TRUE,10,tree cover
Janousek,1384,186,mangrove,TRUE,20,shrubland
Janousek,1385,186,mangrove,TRUE,20,shrubland
Janousek,1386,186,mangrove,TRUE,20,shrubland
Janousek,1387,186,mangrove,TRUE,20,shrubland
Janousek,1388,186,mangrove,TRUE,20,shrubland
Janousek,1389,187,salt marsh,TRUE,80,permanent water
Janousek,139,186,mangrove,TRUE,30,grassland
Janousek,1390,187,salt marsh,TRUE,80,permanent water
Janousek,1391,187,salt marsh,TRUE,80,permanent water
Janousek,1392,187,salt marsh,TRUE,80,permanent water
Janousek,1393,187,salt marsh,TRUE,80,permanent water
Janousek,1395,186,mangrove,TRUE,90,herbaceous wetland
Janousek,1396,186,mangrove,TRUE,90,herbaceous wetland
Janousek,1397,186,mangrove,TRUE,90,herbaceous wetland
Janousek,1398,186,mangrove,TRUE,90,herbaceous wetland
Janousek,1399,186,mangrove,TRUE,90,herbaceous wetland
Janousek,14,186,mangrove,TRUE,90,herbaceous wetland
Janousek,140,186,mangrove,TRUE,30,grassland
Janousek,1401,185,saline,TRUE,95,mangrove
Janousek,1402,185,saline,TRUE,95,mangrove
Janousek,1404,185,saline,TRUE,95,mangrove
Janousek,1405,185,saline,TRUE,95,mangrove
Janousek,1406,185,saline,TRUE,95,mangrove
Janousek,1407,185,saline,TRUE,95,mangrove
Janousek,1408,185,saline,TRUE,80,permanent water
Janousek,1409,185,saline,TRUE,95,mangrove
Janousek,141,186,mangrove,TRUE,10,tree cover
Janousek,1410,185,saline,TRUE,95,mangrove
Janousek,1411,185,saline,TRUE,95,mangrove
Janousek,1412,185,saline,TRUE,95,mangrove
Janousek,1413,185,saline,TRUE,95,mangrove
Janousek,1414,185,saline,TRUE,95,mangrove
Janousek,1415,185,saline,TRUE,95,mangrove
Janousek,1417,186,mangrove,TRUE,10,tree cover
Janousek,1418,186,mangrove,TRUE,10,tree cover
Janousek,142,186,mangrove,TRUE,10,tree cover
Janousek,1420,186,mangrove,TRUE,10,tree cover
Janousek,1422,186,mangrove,TRUE,90,herbaceous wetland
Janousek,1423,186,mangrove,TRUE,90,herbaceous wetland
Janousek,1424,186,mangrove,TRUE,90,herbaceous wetland
Janousek,1426,186,mangrove,TRUE,10,tree cover
Janousek,1427,186,mangrove,TRUE,90,herbaceous wetland
Janousek,1428,186,mangrove,TRUE,90,herbaceous wetland
Janousek,1429,186,mangrove,TRUE,10,tree cover
Janousek,143,186,mangrove,TRUE,30,grassland
Janousek,1431,186,mangrove,TRUE,10,tree cover
Janousek,1432,186,mangrove,TRUE,10,tree cover
Janousek,1433,186,mangrove,TRUE,10,tree cover
Janousek,1434,186,mangrove,TRUE,90,herbaceous wetland
Janousek,1436,186,mangrove,TRUE,90,herbaceous wetland
Janousek,1437,186,mangrove,TRUE,90,herbaceous wetland
Janousek,1439,186,mangrove,TRUE,90,herbaceous wetland
Janousek,144,186,mangrove,TRUE,30,grassland
Janousek,1444,186,mangrove,TRUE,90,herbaceous wetland
Janousek,1446,186,mangrove,TRUE,90,herbaceous wetland
Janousek,1448,186,mangrove,TRUE,80,permanent water
Janousek,1450,186,mangrove,TRUE,80,permanent water
Janousek,1453,186,mangrove,TRUE,80,permanent water
Janousek,1454,186,mangrove,TRUE,90,herbaceous wetland
Janousek,1455,186,mangrove,TRUE,90,herbaceous wetland
Janousek,1456,186,mangrove,TRUE,10,tree cover
Janousek,1458,186,mangrove,TRUE,30,grassland
Janousek,1459,186,mangrove,TRUE,90,herbaceous wetland
Janousek,1462,186,mangrove,TRUE,90,herbaceous wetland
Janousek,1463,186,mangrove,TRUE,80,permanent water
Janousek,1464,186,mangrove,TRUE,80,permanent water
Janousek,1465,186,mangrove,TRUE,90,herbaceous wetland
Janousek,1467,186,mangrove,TRUE,90,herbaceous wetland
Janousek,1468,186,mangrove,TRUE,80,permanent water
Janousek,1469,186,mangrove,TRUE,90,herbaceous wetland
Janousek,1472,186,mangrove,TRUE,90,herbaceous wetland
Janousek,1473,186,mangrove,TRUE,90,herbaceous wetland
Janousek,1475,186,mangrove,TRUE,90,herbaceous wetland
Janousek,1476,186,mangrove,TRUE,90,herbaceous wetland
Janousek,1477,186,mangrove,TRUE,90,herbaceous wetland
Janousek,1479,186,mangrove,TRUE,90,herbaceous wetland
Janousek,1480,186,mangrove,TRUE,90,herbaceous wetland
Janousek,1481,186,mangrove,TRUE,90,herbaceous wetland
Janousek,1482,186,mangrove,TRUE,10,tree cover
Janousek,1484,186,mangrove,TRUE,10,tree cover
Janousek,1485,186,mangrove,TRUE,10,tree cover
Janousek,1486,186,mangrove,TRUE,30,grassland
Janousek,1487,186,mangrove,TRUE,90,herbaceous wetland
Janousek,1488,186,mangrove,TRUE,10,tree cover
Janousek,1489,186,mangrove,TRUE,90,herbaceous wetland
Janousek,1490,186,mangrove,TRUE,10,tree cover
Janousek,1492,186,mangrove,TRUE,90,herbaceous wetland
Janousek,1493,186,mangrove,TRUE,90,herbaceous wetland
Janousek,1494,186,mangrove,TRUE,90,herbaceous wetland
Janousek,1495,186,mangrove,TRUE,90,herbaceous wetland
Janousek,1496,186,mangrove,TRUE,90,herbaceous wetland
Janousek,1497,186,mangrove,TRUE,10,tree cover
Janousek,1499,186,mangrove,TRUE,10,tree cover
Janousek,15,186,mangrove,TRUE,90,herbaceous wetland
Janousek,1500,186,mangrove,TRUE,90,herbaceous wetland
Janousek,1502,187,salt marsh,TRUE,80,permanent water
Janousek,1503,187,salt marsh,TRUE,80,permanent water
Janousek,1504,NA,NA,FALSE,10,tree cover
Janousek,1505,NA,NA,FALSE,80,permanent water
Janousek,1506,NA,NA,FALSE,80,permanent water
Janousek,1507,NA,NA,FALSE,60,bare/sparse
Janousek,1508,NA,NA,FALSE,10,tree cover
Janousek,1513,185,saline,TRUE,80,permanent water
Janousek,1514,187,salt marsh,TRUE,80,permanent water
Janousek,1515,185,saline,TRUE,80,permanent water
Janousek,1516,185,saline,TRUE,95,mangrove
Janousek,1517,185,saline,TRUE,95,mangrove
Janousek,1518,185,saline,TRUE,95,mangrove
Janousek,1519,185,saline,TRUE,95,mangrove
Janousek,1520,185,saline,TRUE,95,mangrove
Janousek,1521,185,saline,TRUE,95,mangrove
Janousek,1522,185,saline,TRUE,95,mangrove
Janousek,1523,185,saline,TRUE,95,mangrove
Janousek,1524,185,saline,TRUE,95,mangrove
Janousek,1525,185,saline,TRUE,20,shrubland
Janousek,1526,185,saline,TRUE,95,mangrove
Janousek,1527,NA,NA,FALSE,80,permanent water
Janousek,1528,NA,NA,FALSE,80,permanent water
Janousek,1529,NA,NA,FALSE,80,permanent water
Janousek,1530,187,salt marsh,TRUE,95,mangrove
Janousek,1531,187,salt marsh,TRUE,95,mangrove
Janousek,1532,185,saline,TRUE,95,mangrove
Janousek,1533,185,saline,TRUE,95,mangrove
Janousek,1534,185,saline,TRUE,95,mangrove
Janousek,1535,185,saline,TRUE,95,mangrove
Janousek,1536,185,saline,TRUE,95,mangrove
Janousek,1537,185,saline,TRUE,95,mangrove
Janousek,1538,NA,NA,FALSE,10,tree cover
Janousek,1539,186,mangrove,TRUE,90,herbaceous wetland
Janousek,1540,186,mangrove,TRUE,90,herbaceous wetland
Janousek,1541,186,mangrove,TRUE,10,tree cover
Janousek,1544,186,mangrove,TRUE,90,herbaceous wetland
Janousek,1545,186,mangrove,TRUE,90,herbaceous wetland
Janousek,1546,181,permanent water,FALSE,10,tree cover
Janousek,1547,NA,NA,FALSE,10,tree cover
Janousek,1548,NA,NA,FALSE,30,grassland
Janousek,1551,NA,NA,FALSE,10,tree cover
Janousek,1564,186,mangrove,TRUE,30,grassland
Janousek,1565,187,salt marsh,TRUE,80,permanent water
Janousek,1566,187,salt marsh,TRUE,80,permanent water
Janousek,1568,NA,NA,FALSE,30,grassland
Janousek,1569,187,salt marsh,TRUE,80,permanent water
Janousek,157,186,mangrove,TRUE,80,permanent water
Janousek,1570,187,salt marsh,TRUE,80,permanent water
Janousek,1574,186,mangrove,TRUE,80,permanent water
Janousek,1575,186,mangrove,TRUE,80,permanent water
Janousek,1576,NA,NA,FALSE,30,grassland
Janousek,1577,187,salt marsh,TRUE,80,permanent water
Janousek,1578,187,salt marsh,TRUE,80,permanent water
Janousek,1579,187,salt marsh,TRUE,80,permanent water
Janousek,158,186,mangrove,TRUE,80,permanent water
Janousek,1580,187,salt marsh,TRUE,80,permanent water
Janousek,1581,187,salt marsh,TRUE,80,permanent water
Janousek,1582,182,swamp,TRUE,95,mangrove
Janousek,1583,185,saline,TRUE,95,mangrove
Janousek,1584,185,saline,TRUE,95,mangrove
Janousek,1585,185,saline,TRUE,95,mangrove
Janousek,1586,185,saline,TRUE,95,mangrove
Janousek,1587,187,salt marsh,TRUE,80,permanent water
Janousek,1588,185,saline,TRUE,95,mangrove
Janousek,1589,185,saline,TRUE,95,mangrove
Janousek,159,186,mangrove,TRUE,80,permanent water
Janousek,1590,185,saline,TRUE,80,permanent water
Janousek,1598,187,salt marsh,TRUE,95,mangrove
Janousek,1599,185,saline,TRUE,95,mangrove
Janousek,16,186,mangrove,TRUE,90,herbaceous wetland
Janousek,160,186,mangrove,TRUE,80,permanent water
Janousek,1600,185,saline,TRUE,95,mangrove
Janousek,1601,182,swamp,TRUE,95,mangrove
Janousek,1602,185,saline,TRUE,95,mangrove
Janousek,1603,185,saline,TRUE,95,mangrove
Janousek,1604,185,saline,TRUE,95,mangrove
Janousek,1605,185,saline,TRUE,95,mangrove
Janousek,1607,185,saline,TRUE,95,mangrove
Janousek,1608,185,saline,TRUE,95,mangrove
Janousek,1609,185,saline,TRUE,95,mangrove
Janousek,161,186,mangrove,TRUE,80,permanent water
Janousek,1611,185,saline,TRUE,95,mangrove
Janousek,1612,185,saline,TRUE,95,mangrove
Janousek,1613,185,saline,TRUE,95,mangrove
Janousek,1614,NA,NA,FALSE,60,bare/sparse
Janousek,1615,185,saline,TRUE,95,mangrove
Janousek,1616,185,saline,TRUE,95,mangrove
Janousek,1617,185,saline,TRUE,95,mangrove
Janousek,1618,185,saline,TRUE,95,mangrove
Janousek,1619,185,saline,TRUE,95,mangrove
Janousek,162,186,mangrove,TRUE,80,permanent water
Janousek,1621,180,non-wetland,FALSE,80,permanent water
Janousek,1622,185,saline,TRUE,95,mangrove
Janousek,1623,187,salt marsh,TRUE,80,permanent water
Janousek,1624,185,saline,TRUE,95,mangrove
Janousek,1625,185,saline,TRUE,95,mangrove
Janousek,1626,185,saline,TRUE,95,mangrove
Janousek,1627,NA,NA,FALSE,95,mangrove
Janousek,1628,180,non-wetland,FALSE,80,permanent water
Janousek,1629,180,non-wetland,FALSE,80,permanent water
Janousek,163,180,non-wetland,FALSE,80,permanent water
Janousek,1630,180,non-wetland,FALSE,80,permanent water
Janousek,1631,180,non-wetland,FALSE,80,permanent water
Janousek,1632,187,salt marsh,TRUE,80,permanent water
Janousek,1633,187,salt marsh,TRUE,80,permanent water
Janousek,1634,187,salt marsh,TRUE,80,permanent water
Janousek,1635,185,saline,TRUE,95,mangrove
Janousek,1636,185,saline,TRUE,95,mangrove
Janousek,1637,185,saline,TRUE,95,mangrove
Janousek,1638,187,salt marsh,TRUE,80,permanent water
Janousek,1639,187,salt marsh,TRUE,80,permanent water
Janousek,164,180,non-wetland,FALSE,80,permanent water
Janousek,1640,187,salt marsh,TRUE,80,permanent water
Janousek,1641,185,saline,TRUE,80,permanent water
Janousek,1642,185,saline,TRUE,80,permanent water
Janousek,1643,185,saline,TRUE,80,permanent water
Janousek,1644,185,saline,TRUE,10,tree cover
Janousek,1645,185,saline,TRUE,10,tree cover
Janousek,1646,185,saline,TRUE,10,tree cover
Janousek,1647,185,saline,TRUE,95,mangrove
Janousek,1648,185,saline,TRUE,80,permanent water
Janousek,165,180,non-wetland,FALSE,80,permanent water
Janousek,1650,NA,NA,FALSE,20,shrubland
Janousek,1651,185,saline,TRUE,10,tree cover
Janousek,1652,185,saline,TRUE,10,tree cover
Janousek,1653,183,marsh,TRUE,60,bare/sparse
Janousek,166,180,non-wetland,FALSE,80,permanent water
Janousek,167,180,non-wetland,FALSE,80,permanent water
Janousek,1673,NA,NA,FALSE,80,permanent water
Janousek,1674,NA,NA,FALSE,80,permanent water
Janousek,1675,NA,NA,FALSE,80,permanent water
Janousek,1676,NA,NA,FALSE,80,permanent water
Janousek,1677,NA,NA,FALSE,80,permanent water
Janousek,1678,NA,NA,FALSE,80,permanent water
Janousek,1679,NA,NA,FALSE,80,permanent water
Janousek,168,180,non-wetland,FALSE,80,permanent water
Janousek,1680,NA,NA,FALSE,80,permanent water
Janousek,1681,NA,NA,FALSE,80,permanent water
Janousek,1682,187,salt marsh,TRUE,80,permanent water
Janousek,1683,187,salt marsh,TRUE,80,permanent water
Janousek,1684,187,salt marsh,TRUE,80,permanent water
Janousek,1685,NA,NA,FALSE,80,permanent water
Janousek,1686,NA,NA,FALSE,80,permanent water
Janousek,1687,NA,NA,FALSE,80,permanent water
Janousek,1688,NA,NA,FALSE,80,permanent water
Janousek,1689,NA,NA,FALSE,80,permanent water
Janousek,169,186,mangrove,TRUE,10,tree cover
Janousek,1690,NA,NA,FALSE,80,permanent water
Janousek,1691,NA,NA,FALSE,80,permanent water
Janousek,1692,NA,NA,FALSE,80,permanent water
Janousek,1693,NA,NA,FALSE,80,permanent water
Janousek,1694,NA,NA,FALSE,80,permanent water
Janousek,1695,NA,NA,FALSE,80,permanent water
Janousek,1696,NA,NA,FALSE,80,permanent water
Janousek,17,186,mangrove,TRUE,90,herbaceous wetland
Janousek,170,186,mangrove,TRUE,10,tree cover
Janousek,1703,NA,NA,FALSE,80,permanent water
Janousek,1704,NA,NA,FALSE,80,permanent water
Janousek,1705,NA,NA,FALSE,80,permanent water
Janousek,171,186,mangrove,TRUE,10,tree cover
Janousek,172,186,mangrove,TRUE,80,permanent water
Janousek,173,186,mangrove,TRUE,80,permanent water
Janousek,174,186,mangrove,TRUE,10,tree cover
Janousek,175,186,mangrove,TRUE,80,permanent water
Janousek,176,186,mangrove,TRUE,80,permanent water
Janousek,177,186,mangrove,TRUE,80,permanent water
Janousek,178,186,mangrove,TRUE,90,herbaceous wetland
Janousek,179,186,mangrove,TRUE,90,herbaceous wetland
Janousek,18,186,mangrove,TRUE,90,herbaceous wetland
Janousek,180,186,mangrove,TRUE,90,herbaceous wetland
Janousek,181,186,mangrove,TRUE,10,tree cover
Janousek,182,186,mangrove,TRUE,10,tree cover
Janousek,183,186,mangrove,TRUE,10,tree cover
Janousek,184,186,mangrove,TRUE,10,tree cover
Janousek,185,186,mangrove,TRUE,10,tree cover
Janousek,186,186,mangrove,TRUE,10,tree cover
Janousek,187,186,mangrove,TRUE,90,herbaceous wetland
Janousek,188,186,mangrove,TRUE,10,tree cover
Janousek,189,186,mangrove,TRUE,10,tree cover
Janousek,19,186,mangrove,TRUE,90,herbaceous wetland
Janousek,190,186,mangrove,TRUE,10,tree cover
Janousek,191,186,mangrove,TRUE,90,herbaceous wetland
Janousek,192,186,mangrove,TRUE,90,herbaceous wetland
Janousek,199,NA,NA,FALSE,10,tree cover
Janousek,20,186,mangrove,TRUE,90,herbaceous wetland
Janousek,200,NA,NA,FALSE,10,tree cover
Janousek,201,NA,NA,FALSE,10,tree cover
Janousek,202,NA,NA,FALSE,10,tree cover
Janousek,203,NA,NA,FALSE,10,tree cover
Janousek,204,NA,NA,FALSE,10,tree cover
Janousek,205,180,non-wetland,FALSE,10,tree cover
Janousek,206,181,permanent water,FALSE,10,tree cover
Janousek,207,181,permanent water,FALSE,10,tree cover
Janousek,208,181,permanent water,FALSE,10,tree cover
Janousek,209,181,permanent water,FALSE,10,tree cover
Janousek,21,NA,NA,FALSE,80,permanent water
Janousek,210,181,permanent water,FALSE,10,tree cover
Janousek,211,NA,NA,FALSE,10,tree cover
Janousek,212,NA,NA,FALSE,10,tree cover
Janousek,213,NA,NA,FALSE,10,tree cover
Janousek,214,NA,NA,FALSE,10,tree cover
Janousek,215,NA,NA,FALSE,10,tree cover
Janousek,216,NA,NA,FALSE,10,tree cover
Janousek,217,186,mangrove,TRUE,90,herbaceous wetland
Janousek,218,186,mangrove,TRUE,90,herbaceous wetland
Janousek,219,186,mangrove,TRUE,90,herbaceous wetland
Janousek,22,187,salt marsh,TRUE,80,permanent water
Janousek,220,186,mangrove,TRUE,90,herbaceous wetland
Janousek,221,186,mangrove,TRUE,90,herbaceous wetland
Janousek,222,186,mangrove,TRUE,90,herbaceous wetland
Janousek,229,186,mangrove,TRUE,90,herbaceous wetland
Janousek,23,186,mangrove,TRUE,80,permanent water
Janousek,230,186,mangrove,TRUE,90,herbaceous wetland
Janousek,231,186,mangrove,TRUE,90,herbaceous wetland
Janousek,232,186,mangrove,TRUE,80,permanent water
Janousek,233,186,mangrove,TRUE,90,herbaceous wetland
Janousek,234,186,mangrove,TRUE,90,herbaceous wetland
Janousek,235,187,salt marsh,TRUE,80,permanent water
Janousek,236,187,salt marsh,TRUE,80,permanent water
Janousek,237,187,salt marsh,TRUE,80,permanent water
Janousek,238,187,salt marsh,TRUE,80,permanent water
Janousek,239,180,non-wetland,FALSE,80,permanent water
Janousek,24,186,mangrove,TRUE,80,permanent water
Janousek,240,180,non-wetland,FALSE,80,permanent water
Janousek,241,181,permanent water,FALSE,10,tree cover
Janousek,242,181,permanent water,FALSE,10,tree cover
Janousek,243,181,permanent water,FALSE,10,tree cover
Janousek,244,181,permanent water,FALSE,10,tree cover
Janousek,245,181,permanent water,FALSE,10,tree cover
Janousek,246,181,permanent water,FALSE,10,tree cover
Janousek,247,186,mangrove,TRUE,90,herbaceous wetland
Janousek,248,186,mangrove,TRUE,10,tree cover
Janousek,249,186,mangrove,TRUE,10,tree cover
Janousek,25,187,salt marsh,TRUE,80,permanent water
Janousek,250,186,mangrove,TRUE,90,herbaceous wetland
Janousek,251,186,mangrove,TRUE,90,herbaceous wetland
Janousek,252,186,mangrove,TRUE,90,herbaceous wetland
Janousek,259,186,mangrove,TRUE,30,grassland
Janousek,26,NA,NA,FALSE,80,permanent water
Janousek,260,186,mangrove,TRUE,30,grassland
Janousek,261,186,mangrove,TRUE,30,grassland
Janousek,262,186,mangrove,TRUE,30,grassland
Janousek,263,186,mangrove,TRUE,30,grassland
Janousek,264,186,mangrove,TRUE,30,grassland
Janousek,265,181,permanent water,FALSE,10,tree cover
Janousek,266,181,permanent water,FALSE,10,tree cover
Janousek,267,181,permanent water,FALSE,10,tree cover
Janousek,268,181,permanent water,FALSE,10,tree cover
Janousek,269,181,permanent water,FALSE,10,tree cover
Janousek,27,NA,NA,FALSE,80,permanent water
Janousek,270,181,permanent water,FALSE,10,tree cover
Janousek,277,186,mangrove,TRUE,90,herbaceous wetland
Janousek,278,186,mangrove,TRUE,90,herbaceous wetland
Janousek,279,186,mangrove,TRUE,10,tree cover
Janousek,28,187,salt marsh,TRUE,80,permanent water
Janousek,280,186,mangrove,TRUE,10,tree cover
Janousek,281,186,mangrove,TRUE,30,grassland
Janousek,282,186,mangrove,TRUE,10,tree cover
Janousek,283,NA,NA,FALSE,10,tree cover
Janousek,284,NA,NA,FALSE,10,tree cover
Janousek,285,NA,NA,FALSE,10,tree cover
Janousek,286,NA,NA,FALSE,10,tree cover
Janousek,287,NA,NA,FALSE,10,tree cover
Janousek,288,NA,NA,FALSE,10,tree cover
Janousek,289,186,mangrove,TRUE,90,herbaceous wetland
Janousek,29,187,salt marsh,TRUE,80,permanent water
Janousek,290,186,mangrove,TRUE,90,herbaceous wetland
Janousek,291,186,mangrove,TRUE,90,herbaceous wetland
Janousek,292,186,mangrove,TRUE,90,herbaceous wetland
Janousek,293,186,mangrove,TRUE,90,herbaceous wetland
Janousek,294,186,mangrove,TRUE,90,herbaceous wetland
Janousek,295,NA,NA,FALSE,30,grassland
Janousek,296,186,mangrove,TRUE,30,grassland
Janousek,297,186,mangrove,TRUE,30,grassland
Janousek,299,186,mangrove,TRUE,30,grassland
Janousek,3,186,mangrove,TRUE,30,grassland
Janousek,30,187,salt marsh,TRUE,80,permanent water
Janousek,300,186,mangrove,TRUE,30,grassland
Janousek,301,186,mangrove,TRUE,90,herbaceous wetland
Janousek,302,186,mangrove,TRUE,30,grassland
Janousek,305,186,mangrove,TRUE,30,grassland
Janousek,307,186,mangrove,TRUE,30,grassland
Janousek,308,NA,NA,FALSE,30,grassland
Janousek,309,186,mangrove,TRUE,30,grassland
Janousek,31,187,salt marsh,TRUE,80,permanent water
Janousek,310,186,mangrove,TRUE,30,grassland
Janousek,311,186,mangrove,TRUE,30,grassland
Janousek,312,186,mangrove,TRUE,30,grassland
Janousek,313,186,mangrove,TRUE,30,grassland
Janousek,314,186,mangrove,TRUE,30,grassland
Janousek,315,186,mangrove,TRUE,30,grassland
Janousek,316,186,mangrove,TRUE,30,grassland
Janousek,317,186,mangrove,TRUE,80,permanent water
Janousek,318,NA,NA,FALSE,80,permanent water
Janousek,319,186,mangrove,TRUE,30,grassland
Janousek,32,186,mangrove,TRUE,80,permanent water
Janousek,320,186,mangrove,TRUE,30,grassland
Janousek,321,186,mangrove,TRUE,30,grassland
Janousek,322,NA,NA,FALSE,10,tree cover
Janousek,323,186,mangrove,TRUE,30,grassland
Janousek,324,186,mangrove,TRUE,80,permanent water
Janousek,325,186,mangrove,TRUE,90,herbaceous wetland
Janousek,326,186,mangrove,TRUE,80,permanent water
Janousek,327,180,non-wetland,FALSE,80,permanent water
Janousek,328,186,mangrove,TRUE,30,grassland
Janousek,329,186,mangrove,TRUE,90,herbaceous wetland
Janousek,33,186,mangrove,TRUE,80,permanent water
Janousek,330,186,mangrove,TRUE,90,herbaceous wetland
Janousek,331,186,mangrove,TRUE,30,grassland
Janousek,332,186,mangrove,TRUE,80,permanent water
Janousek,333,186,mangrove,TRUE,80,permanent water
Janousek,334,186,mangrove,TRUE,80,permanent water
Janousek,335,186,mangrove,TRUE,80,permanent water
Janousek,336,186,mangrove,TRUE,30,grassland
Janousek,337,186,mangrove,TRUE,90,herbaceous wetland
Janousek,338,187,salt marsh,TRUE,80,permanent water
Janousek,339,186,mangrove,TRUE,80,permanent water
Janousek,34,186,mangrove,TRUE,80,permanent water
Janousek,340,186,mangrove,TRUE,30,grassland
Janousek,341,186,mangrove,TRUE,30,grassland
Janousek,342,186,mangrove,TRUE,80,permanent water
Janousek,343,187,salt marsh,TRUE,80,permanent water
Janousek,344,186,mangrove,TRUE,10,tree cover
Janousek,345,186,mangrove,TRUE,30,grassland
Janousek,346,186,mangrove,TRUE,30,grassland
Janousek,347,186,mangrove,TRUE,30,grassland
Janousek,348,186,mangrove,TRUE,30,grassland
Janousek,349,186,mangrove,TRUE,30,grassland
Janousek,35,186,mangrove,TRUE,80,permanent water
Janousek,350,186,mangrove,TRUE,90,herbaceous wetland
Janousek,351,186,mangrove,TRUE,30,grassland
Janousek,352,186,mangrove,TRUE,90,herbaceous wetland
Janousek,353,186,mangrove,TRUE,90,herbaceous wetland
Janousek,354,186,mangrove,TRUE,90,herbaceous wetland
Janousek,355,180,non-wetland,FALSE,80,permanent water
Janousek,356,180,non-wetland,FALSE,80,permanent water
Janousek,357,186,mangrove,TRUE,90,herbaceous wetland
Janousek,358,186,mangrove,TRUE,90,herbaceous wetland
Janousek,359,186,mangrove,TRUE,90,herbaceous wetland
Janousek,36,186,mangrove,TRUE,80,permanent water
Janousek,360,186,mangrove,TRUE,30,grassland
Janousek,361,186,mangrove,TRUE,30,grassland
Janousek,362,186,mangrove,TRUE,30,grassland
Janousek,363,186,mangrove,TRUE,30,grassland
Janousek,364,186,mangrove,TRUE,30,grassland
Janousek,365,186,mangrove,TRUE,30,grassland
Janousek,366,186,mangrove,TRUE,30,grassland
Janousek,367,186,mangrove,TRUE,30,grassland
Janousek,368,186,mangrove,TRUE,30,grassland
Janousek,369,186,mangrove,TRUE,30,grassland
Janousek,37,186,mangrove,TRUE,80,permanent water
Janousek,370,186,mangrove,TRUE,30,grassland
Janousek,371,186,mangrove,TRUE,90,herbaceous wetland
Janousek,372,186,mangrove,TRUE,30,grassland
Janousek,373,186,mangrove,TRUE,10,tree cover
Janousek,374,186,mangrove,TRUE,90,herbaceous wetland
Janousek,375,186,mangrove,TRUE,10,tree cover
Janousek,376,NA,NA,FALSE,30,grassland
Janousek,377,NA,NA,FALSE,90,herbaceous wetland
Janousek,378,NA,NA,FALSE,30,grassland
Janousek,38,186,mangrove,TRUE,30,grassland
Janousek,385,186,mangrove,TRUE,30,grassland
Janousek,386,186,mangrove,TRUE,30,grassland
Janousek,387,186,mangrove,TRUE,30,grassland
Janousek,388,186,mangrove,TRUE,30,grassland
Janousek,389,186,mangrove,TRUE,30,grassland
Janousek,39,186,mangrove,TRUE,80,permanent water
Janousek,390,186,mangrove,TRUE,30,grassland
Janousek,391,186,mangrove,TRUE,10,tree cover
Janousek,392,186,mangrove,TRUE,10,tree cover
Janousek,393,186,mangrove,TRUE,10,tree cover
Janousek,394,186,mangrove,TRUE,10,tree cover
Janousek,395,186,mangrove,TRUE,10,tree cover
Janousek,396,186,mangrove,TRUE,10,tree cover
Janousek,397,186,mangrove,TRUE,10,tree cover
Janousek,398,186,mangrove,TRUE,10,tree cover
Janousek,399,186,mangrove,TRUE,10,tree cover
Janousek,4,186,mangrove,TRUE,90,herbaceous wetland
Janousek,40,186,mangrove,TRUE,80,permanent water
Janousek,400,186,mangrove,TRUE,10,tree cover
Janousek,401,186,mangrove,TRUE,10,tree cover
Janousek,402,186,mangrove,TRUE,10,tree cover
Janousek,403,186,mangrove,TRUE,10,tree cover
Janousek,404,186,mangrove,TRUE,10,tree cover
Janousek,405,186,mangrove,TRUE,80,permanent water
Janousek,406,186,mangrove,TRUE,10,tree cover
Janousek,407,186,mangrove,TRUE,10,tree cover
Janousek,408,186,mangrove,TRUE,10,tree cover
Janousek,409,186,mangrove,TRUE,10,tree cover
Janousek,41,187,salt marsh,TRUE,80,permanent water
Janousek,410,186,mangrove,TRUE,10,tree cover
Janousek,411,186,mangrove,TRUE,80,permanent water
Janousek,412,186,mangrove,TRUE,10,tree cover
Janousek,413,186,mangrove,TRUE,10,tree cover
Janousek,414,186,mangrove,TRUE,10,tree cover
Janousek,415,186,mangrove,TRUE,10,tree cover
Janousek,416,186,mangrove,TRUE,10,tree cover
Janousek,417,186,mangrove,TRUE,10,tree cover
Janousek,418,186,mangrove,TRUE,80,permanent water
Janousek,419,186,mangrove,TRUE,80,permanent water
Janousek,42,187,salt marsh,TRUE,80,permanent water
Janousek,420,186,mangrove,TRUE,10,tree cover
Janousek,421,186,mangrove,TRUE,10,tree cover
Janousek,422,187,salt marsh,TRUE,80,permanent water
Janousek,423,186,mangrove,TRUE,80,permanent water
Janousek,43,186,mangrove,TRUE,30,grassland
Janousek,44,186,mangrove,TRUE,10,tree cover
Janousek,448,186,mangrove,TRUE,80,permanent water
Janousek,449,NA,NA,FALSE,10,tree cover
Janousek,45,186,mangrove,TRUE,80,permanent water
Janousek,450,181,permanent water,FALSE,10,tree cover
Janousek,451,NA,NA,FALSE,10,tree cover
Janousek,452,186,mangrove,TRUE,10,tree cover
Janousek,453,186,mangrove,TRUE,90,herbaceous wetland
Janousek,455,182,swamp,TRUE,10,tree cover
Janousek,456,186,mangrove,TRUE,10,tree cover
Janousek,457,186,mangrove,TRUE,90,herbaceous wetland
Janousek,458,186,mangrove,TRUE,90,herbaceous wetland
Janousek,459,186,mangrove,TRUE,90,herbaceous wetland
Janousek,46,186,mangrove,TRUE,80,permanent water
Janousek,460,186,mangrove,TRUE,90,herbaceous wetland
Janousek,461,186,mangrove,TRUE,10,tree cover
Janousek,462,186,mangrove,TRUE,90,herbaceous wetland
Janousek,463,186,mangrove,TRUE,90,herbaceous wetland
Janousek,464,186,mangrove,TRUE,10,tree cover
Janousek,465,186,mangrove,TRUE,10,tree cover
Janousek,466,186,mangrove,TRUE,90,herbaceous wetland
Janousek,467,186,mangrove,TRUE,90,herbaceous wetland
Janousek,468,186,mangrove,TRUE,90,herbaceous wetland
Janousek,469,NA,NA,FALSE,10,tree cover
Janousek,47,186,mangrove,TRUE,30,grassland
Janousek,470,NA,NA,FALSE,10,tree cover
Janousek,471,186,mangrove,TRUE,10,tree cover
Janousek,472,186,mangrove,TRUE,90,herbaceous wetland
Janousek,473,186,mangrove,TRUE,10,tree cover
Janousek,474,186,mangrove,TRUE,10,tree cover
Janousek,475,NA,NA,FALSE,10,tree cover
Janousek,476,186,mangrove,TRUE,90,herbaceous wetland
Janousek,477,186,mangrove,TRUE,90,herbaceous wetland
Janousek,478,186,mangrove,TRUE,90,herbaceous wetland
Janousek,479,186,mangrove,TRUE,90,herbaceous wetland
Janousek,48,186,mangrove,TRUE,30,grassland
Janousek,480,186,mangrove,TRUE,90,herbaceous wetland
Janousek,481,186,mangrove,TRUE,90,herbaceous wetland
Janousek,482,186,mangrove,TRUE,10,tree cover
Janousek,483,186,mangrove,TRUE,90,herbaceous wetland
Janousek,484,186,mangrove,TRUE,30,grassland
Janousek,485,186,mangrove,TRUE,30,grassland
Janousek,486,186,mangrove,TRUE,10,tree cover
Janousek,487,186,mangrove,TRUE,10,tree cover
Janousek,49,186,mangrove,TRUE,10,tree cover
Janousek,494,186,mangrove,TRUE,20,shrubland
Janousek,495,186,mangrove,TRUE,10,tree cover
Janousek,496,186,mangrove,TRUE,20,shrubland
Janousek,497,186,mangrove,TRUE,20,shrubland
Janousek,498,186,mangrove,TRUE,20,shrubland
Janousek,499,186,mangrove,TRUE,10,tree cover
Janousek,5,186,mangrove,TRUE,90,herbaceous wetland
Janousek,50,186,mangrove,TRUE,10,tree cover
Janousek,500,186,mangrove,TRUE,10,tree cover
Janousek,501,186,mangrove,TRUE,20,shrubland
Janousek,502,186,mangrove,TRUE,20,shrubland
Janousek,503,186,mangrove,TRUE,20,shrubland
Janousek,504,186,mangrove,TRUE,10,tree cover
Janousek,51,186,mangrove,TRUE,90,herbaceous wetland
Janousek,511,186,mangrove,TRUE,30,grassland
Janousek,512,186,mangrove,TRUE,10,tree cover
Janousek,513,186,mangrove,TRUE,10,tree cover
Janousek,514,186,mangrove,TRUE,10,tree cover
Janousek,515,186,mangrove,TRUE,10,tree cover
Janousek,516,186,mangrove,TRUE,10,tree cover
Janousek,517,186,mangrove,TRUE,90,herbaceous wetland
Janousek,518,186,mangrove,TRUE,90,herbaceous wetland
Janousek,519,186,mangrove,TRUE,90,herbaceous wetland
Janousek,52,186,mangrove,TRUE,90,herbaceous wetland
Janousek,520,186,mangrove,TRUE,90,herbaceous wetland
Janousek,521,186,mangrove,TRUE,90,herbaceous wetland
Janousek,522,186,mangrove,TRUE,10,tree cover
Janousek,529,NA,NA,FALSE,10,tree cover
Janousek,53,186,mangrove,TRUE,30,grassland
Janousek,530,186,mangrove,TRUE,10,tree cover
Janousek,531,186,mangrove,TRUE,10,tree cover
Janousek,532,186,mangrove,TRUE,10,tree cover
Janousek,533,186,mangrove,TRUE,10,tree cover
Janousek,534,186,mangrove,TRUE,10,tree cover
Janousek,535,186,mangrove,TRUE,10,tree cover
Janousek,536,186,mangrove,TRUE,30,grassland
Janousek,537,186,mangrove,TRUE,30,grassland
Janousek,538,186,mangrove,TRUE,80,permanent water
Janousek,54,186,mangrove,TRUE,30,grassland
Janousek,542,NA,NA,FALSE,10,tree cover
Janousek,543,186,mangrove,TRUE,30,grassland
Janousek,544,186,mangrove,TRUE,30,grassland
Janousek,545,186,mangrove,TRUE,30,grassland
Janousek,547,186,mangrove,TRUE,30,grassland
Janousek,548,186,mangrove,TRUE,30,grassland
Janousek,549,186,mangrove,TRUE,30,grassland
Janousek,550,186,mangrove,TRUE,30,grassland
Janousek,552,NA,NA,FALSE,30,grassland
Janousek,553,NA,NA,FALSE,30,grassland
Janousek,554,186,mangrove,TRUE,30,grassland
Janousek,555,186,mangrove,TRUE,30,grassland
Janousek,556,186,mangrove,TRUE,30,grassland
Janousek,557,186,mangrove,TRUE,30,grassland
Janousek,558,186,mangrove,TRUE,30,grassland
Janousek,560,186,mangrove,TRUE,30,grassland
Janousek,561,186,mangrove,TRUE,30,grassland
Janousek,564,186,mangrove,TRUE,10,tree cover
Janousek,565,186,mangrove,TRUE,10,tree cover
Janousek,566,186,mangrove,TRUE,10,tree cover
Janousek,567,NA,NA,FALSE,10,tree cover
Janousek,568,186,mangrove,TRUE,10,tree cover
Janousek,569,186,mangrove,TRUE,10,tree cover
Janousek,570,186,mangrove,TRUE,10,tree cover
Janousek,571,186,mangrove,TRUE,80,permanent water
Janousek,572,186,mangrove,TRUE,80,permanent water
Janousek,573,186,mangrove,TRUE,80,permanent water
Janousek,574,186,mangrove,TRUE,80,permanent water
Janousek,575,180,non-wetland,FALSE,80,permanent water
Janousek,576,180,non-wetland,FALSE,80,permanent water
Janousek,577,187,salt marsh,TRUE,80,permanent water
Janousek,578,187,salt marsh,TRUE,80,permanent water
Janousek,579,187,salt marsh,TRUE,80,permanent water
Janousek,580,187,salt marsh,TRUE,80,permanent water
Janousek,581,NA,NA,FALSE,80,permanent water
Janousek,582,NA,NA,FALSE,80,permanent water
Janousek,583,187,salt marsh,TRUE,80,permanent water
Janousek,584,187,salt marsh,TRUE,80,permanent water
Janousek,585,NA,NA,FALSE,80,permanent water
Janousek,586,NA,NA,FALSE,80,permanent water
Janousek,587,180,non-wetland,FALSE,80,permanent water
Janousek,588,180,non-wetland,FALSE,80,permanent water
Janousek,589,NA,NA,FALSE,80,permanent water
Janousek,590,NA,NA,FALSE,80,permanent water
Janousek,591,186,mangrove,TRUE,90,herbaceous wetland
Janousek,592,186,mangrove,TRUE,90,herbaceous wetland
Janousek,593,186,mangrove,TRUE,90,herbaceous wetland
Janousek,594,186,mangrove,TRUE,90,herbaceous wetland
Janousek,595,186,mangrove,TRUE,90,herbaceous wetland
Janousek,596,186,mangrove,TRUE,90,herbaceous wetland
Janousek,599,NA,NA,FALSE,80,permanent water
Janousek,6,186,mangrove,TRUE,90,herbaceous wetland
Janousek,602,NA,NA,FALSE,80,permanent water
Janousek,603,NA,NA,FALSE,80,permanent water
Janousek,604,NA,NA,FALSE,80,permanent water
Janousek,605,NA,NA,FALSE,80,permanent water
Janousek,606,NA,NA,FALSE,80,permanent water
Janousek,607,NA,NA,FALSE,80,permanent water
Janousek,608,NA,NA,FALSE,80,permanent water
Janousek,609,NA,NA,FALSE,80,permanent water
Janousek,610,187,salt marsh,TRUE,80,permanent water
Janousek,614,187,salt marsh,TRUE,80,permanent water
Janousek,615,187,salt marsh,TRUE,80,permanent water
Janousek,617,186,mangrove,TRUE,80,permanent water
Janousek,618,186,mangrove,TRUE,80,permanent water
Janousek,619,186,mangrove,TRUE,80,permanent water
Janousek,620,186,mangrove,TRUE,80,permanent water
Janousek,623,NA,NA,FALSE,50,built-up
Janousek,627,NA,NA,FALSE,50,built-up
Janousek,63,187,salt marsh,TRUE,80,permanent water
Janousek,631,186,mangrove,TRUE,80,permanent water
Janousek,632,186,mangrove,TRUE,90,herbaceous wetland
Janousek,634,186,mangrove,TRUE,90,herbaceous wetland
Janousek,635,186,mangrove,TRUE,90,herbaceous wetland
Janousek,636,186,mangrove,TRUE,10,tree cover
Janousek,637,182,swamp,TRUE,10,tree cover
Janousek,638,186,mangrove,TRUE,10,tree cover
Janousek,64,187,salt marsh,TRUE,80,permanent water
Janousek,644,186,mangrove,TRUE,80,permanent water
Janousek,645,187,salt marsh,TRUE,80,permanent water
Janousek,646,187,salt marsh,TRUE,80,permanent water
Janousek,647,NA,NA,FALSE,80,permanent water
Janousek,65,187,salt marsh,TRUE,80,permanent water
Janousek,652,187,salt marsh,TRUE,80,permanent water
Janousek,653,187,salt marsh,TRUE,80,permanent water
Janousek,655,187,salt marsh,TRUE,80,permanent water
Janousek,656,NA,NA,FALSE,80,permanent water
Janousek,657,NA,NA,FALSE,80,permanent water
Janousek,658,187,salt marsh,TRUE,80,permanent water
Janousek,659,NA,NA,FALSE,80,permanent water
Janousek,660,187,salt marsh,TRUE,80,permanent water
Janousek,661,187,salt marsh,TRUE,80,permanent water
Janousek,662,NA,NA,FALSE,80,permanent water
Janousek,663,NA,NA,FALSE,80,permanent water
Janousek,664,NA,NA,FALSE,80,permanent water
Janousek,665,180,non-wetland,FALSE,80,permanent water
Janousek,666,186,mangrove,TRUE,80,permanent water
Janousek,667,180,non-wetland,FALSE,80,permanent water
Janousek,668,180,non-wetland,FALSE,80,permanent water
Janousek,669,180,non-wetland,FALSE,80,permanent water
Janousek,670,180,non-wetland,FALSE,80,permanent water
Janousek,671,180,non-wetland,FALSE,80,permanent water
Janousek,672,181,permanent water,FALSE,80,permanent water
Janousek,673,181,permanent water,FALSE,80,permanent water
Janousek,674,181,permanent water,FALSE,80,permanent water
Janousek,675,NA,NA,FALSE,80,permanent water
Janousek,676,NA,NA,FALSE,80,permanent water
Janousek,677,NA,NA,FALSE,80,permanent water
Janousek,678,NA,NA,FALSE,80,permanent water
Janousek,679,NA,NA,FALSE,80,permanent water
Janousek,680,NA,NA,FALSE,80,permanent water
Janousek,681,NA,NA,FALSE,80,permanent water
Janousek,682,NA,NA,FALSE,80,permanent water
Janousek,683,NA,NA,FALSE,80,permanent water
Janousek,684,NA,NA,FALSE,80,permanent water
Janousek,685,NA,NA,FALSE,80,permanent water
Janousek,686,NA,NA,FALSE,80,permanent water
Janousek,687,187,salt marsh,TRUE,80,permanent water
Janousek,688,NA,NA,FALSE,80,permanent water
Janousek,689,NA,NA,FALSE,80,permanent water
Janousek,690,NA,NA,FALSE,80,permanent water
Janousek,691,NA,NA,FALSE,80,permanent water
Janousek,692,NA,NA,FALSE,80,permanent water
Janousek,693,NA,NA,FALSE,80,permanent water
Janousek,694,NA,NA,FALSE,80,permanent water
Janousek,695,NA,NA,FALSE,80,permanent water
Janousek,696,NA,NA,FALSE,80,permanent water
Janousek,697,187,salt marsh,TRUE,80,permanent water
Janousek,698,NA,NA,FALSE,80,permanent water
Janousek,699,NA,NA,FALSE,80,permanent water
Janousek,700,NA,NA,FALSE,80,permanent water
Janousek,701,NA,NA,FALSE,80,permanent water
Janousek,703,186,mangrove,TRUE,80,permanent water
Janousek,704,186,mangrove,TRUE,80,permanent water
Janousek,705,NA,NA,FALSE,80,permanent water
Janousek,706,NA,NA,FALSE,80,permanent water
Janousek,707,NA,NA,FALSE,80,permanent water
Janousek,708,187,salt marsh,TRUE,80,permanent water
Janousek,709,NA,NA,FALSE,80,permanent water
Janousek,710,NA,NA,FALSE,80,permanent water
Janousek,711,NA,NA,FALSE,80,permanent water
Janousek,712,NA,NA,FALSE,80,permanent water
Janousek,713,NA,NA,FALSE,80,permanent water
Janousek,714,NA,NA,FALSE,80,permanent water
Janousek,715,186,mangrove,TRUE,10,tree cover
Janousek,716,NA,NA,FALSE,30,grassland
Janousek,717,NA,NA,FALSE,10,tree cover
Janousek,718,NA,NA,FALSE,10,tree cover
Janousek,719,NA,NA,FALSE,10,tree cover
Janousek,72,181,permanent water,FALSE,10,tree cover
Janousek,720,180,non-wetland,FALSE,80,permanent water
Janousek,721,180,non-wetland,FALSE,80,permanent water
Janousek,722,180,non-wetland,FALSE,80,permanent water
Janousek,723,186,mangrove,TRUE,10,tree cover
Janousek,724,186,mangrove,TRUE,10,tree cover
Janousek,725,186,mangrove,TRUE,10,tree cover
Janousek,726,NA,NA,FALSE,10,tree cover
Janousek,727,NA,NA,FALSE,10,tree cover
Janousek,728,NA,NA,FALSE,10,tree cover
Janousek,729,187,salt marsh,TRUE,80,permanent water
Janousek,73,181,permanent water,FALSE,10,tree cover
Janousek,730,187,salt marsh,TRUE,80,permanent water
Janousek,731,187,salt marsh,TRUE,80,permanent water
Janousek,732,NA,NA,FALSE,30,grassland
Janousek,733,NA,NA,FALSE,30,grassland
Janousek,734,NA,NA,FALSE,30,grassland
Janousek,735,NA,NA,FALSE,80,permanent water
Janousek,736,NA,NA,FALSE,80,permanent water
Janousek,737,NA,NA,FALSE,80,permanent water
Janousek,738,180,non-wetland,FALSE,80,permanent water
Janousek,739,180,non-wetland,FALSE,80,permanent water
Janousek,74,NA,NA,FALSE,10,tree cover
Janousek,740,180,non-wetland,FALSE,80,permanent water
Janousek,741,185,saline,TRUE,95,mangrove
Janousek,742,185,saline,TRUE,20,shrubland
Janousek,743,185,saline,TRUE,20,shrubland
Janousek,744,185,saline,TRUE,80,permanent water
Janousek,745,185,saline,TRUE,80,permanent water
Janousek,746,185,saline,TRUE,95,mangrove
Janousek,747,185,saline,TRUE,20,shrubland
Janousek,748,185,saline,TRUE,95,mangrove
Janousek,749,180,non-wetland,FALSE,95,mangrove
Janousek,75,NA,NA,FALSE,10,tree cover
Janousek,750,185,saline,TRUE,95,mangrove
Janousek,751,185,saline,TRUE,95,mangrove
Janousek,752,NA,NA,FALSE,10,tree cover
Janousek,753,NA,NA,FALSE,10,tree cover
Janousek,754,185,saline,TRUE,95,mangrove
Janousek,755,185,saline,TRUE,95,mangrove
Janousek,756,185,saline,TRUE,95,mangrove
Janousek,757,185,saline,TRUE,95,mangrove
Janousek,758,185,saline,TRUE,95,mangrove
Janousek,759,185,saline,TRUE,95,mangrove
Janousek,760,185,saline,TRUE,95,mangrove
Janousek,761,185,saline,TRUE,95,mangrove
Janousek,762,185,saline,TRUE,95,mangrove
Janousek,763,NA,NA,FALSE,95,mangrove
Janousek,777,187,salt marsh,TRUE,80,permanent water
Janousek,778,187,salt marsh,TRUE,80,permanent water
Janousek,779,187,salt marsh,TRUE,80,permanent water
Janousek,780,NA,NA,FALSE,80,permanent water
Janousek,781,NA,NA,FALSE,80,permanent water
Janousek,782,NA,NA,FALSE,80,permanent water
Janousek,784,187,salt marsh,TRUE,80,permanent water
Janousek,785,187,salt marsh,TRUE,80,permanent water
Janousek,786,181,permanent water,FALSE,80,permanent water
Janousek,787,181,permanent water,FALSE,80,permanent water
Janousek,788,181,permanent water,FALSE,80,permanent water
Janousek,789,NA,NA,FALSE,10,tree cover
Janousek,790,NA,NA,FALSE,10,tree cover
Janousek,791,NA,NA,FALSE,10,tree cover
Janousek,792,187,salt marsh,TRUE,80,permanent water
Janousek,793,187,salt marsh,TRUE,80,permanent water
Janousek,794,187,salt marsh,TRUE,80,permanent water
Janousek,795,187,salt marsh,TRUE,80,permanent water
Janousek,796,187,salt marsh,TRUE,80,permanent water
Janousek,797,187,salt marsh,TRUE,80,permanent water
Janousek,798,NA,NA,FALSE,80,permanent water
Janousek,799,NA,NA,FALSE,80,permanent water
Janousek,8,186,mangrove,TRUE,90,herbaceous wetland
Janousek,800,NA,NA,FALSE,80,permanent water
Janousek,801,NA,NA,FALSE,80,permanent water
Janousek,802,NA,NA,FALSE,80,permanent water
Janousek,803,NA,NA,FALSE,80,permanent water
Janousek,804,NA,NA,FALSE,80,permanent water
Janousek,805,NA,NA,FALSE,80,permanent water
Janousek,806,NA,NA,FALSE,80,permanent water
Janousek,807,NA,NA,FALSE,80,permanent water
Janousek,808,NA,NA,FALSE,80,permanent water
Janousek,809,NA,NA,FALSE,80,permanent water
Janousek,810,186,mangrove,TRUE,90,herbaceous wetland
Janousek,811,186,mangrove,TRUE,90,herbaceous wetland
Janousek,812,186,mangrove,TRUE,90,herbaceous wetland
Janousek,813,186,mangrove,TRUE,90,herbaceous wetland
Janousek,814,186,mangrove,TRUE,10,tree cover
Janousek,815,186,mangrove,TRUE,10,tree cover
Janousek,816,186,mangrove,TRUE,10,tree cover
Janousek,817,186,mangrove,TRUE,30,grassland
Janousek,818,186,mangrove,TRUE,30,grassland
Janousek,819,186,mangrove,TRUE,30,grassland
Janousek,820,186,mangrove,TRUE,30,grassland
Janousek,821,186,mangrove,TRUE,30,grassland
Janousek,822,182,swamp,TRUE,90,herbaceous wetland
Janousek,823,182,swamp,TRUE,90,herbaceous wetland
Janousek,824,186,mangrove,TRUE,30,grassland
Janousek,825,186,mangrove,TRUE,30,grassland
Janousek,826,NA,NA,FALSE,10,tree cover
Janousek,827,181,permanent water,FALSE,10,tree cover
Janousek,828,NA,NA,FALSE,10,tree cover
Janousek,829,NA,NA,FALSE,10,tree cover
Janousek,830,181,permanent water,FALSE,10,tree cover
Janousek,831,181,permanent water,FALSE,10,tree cover
Janousek,832,186,mangrove,TRUE,30,grassland
Janousek,833,187,salt marsh,TRUE,80,permanent water
Janousek,834,NA,NA,FALSE,80,permanent water
Janousek,835,NA,NA,FALSE,80,permanent water
Janousek,836,NA,NA,FALSE,80,permanent water
Janousek,837,NA,NA,FALSE,80,permanent water
Janousek,838,187,salt marsh,TRUE,80,permanent water
Janousek,839,187,salt marsh,TRUE,80,permanent water
Janousek,840,187,salt marsh,TRUE,80,permanent water
Janousek,841,187,salt marsh,TRUE,80,permanent water
Janousek,842,187,salt marsh,TRUE,80,permanent water
Janousek,843,187,salt marsh,TRUE,80,permanent water
Janousek,844,187,salt marsh,TRUE,80,permanent water
Janousek,845,187,salt marsh,TRUE,80,permanent water
Janousek,846,187,salt marsh,TRUE,80,permanent water
Janousek,847,187,salt marsh,TRUE,80,permanent water
Janousek,849,187,salt marsh,TRUE,80,permanent water
Janousek,850,NA,NA,FALSE,80,permanent water
Janousek,851,187,salt marsh,TRUE,80,permanent water
Janousek,852,187,salt marsh,TRUE,80,permanent water
Janousek,853,187,salt marsh,TRUE,80,permanent water
Janousek,854,187,salt marsh,TRUE,80,permanent water
Janousek,855,NA,NA,FALSE,80,permanent water
Janousek,856,187,salt marsh,TRUE,80,permanent water
Janousek,861,NA,NA,FALSE,30,grassland
Janousek,862,NA,NA,FALSE,10,tree cover
Janousek,875,186,mangrove,TRUE,90,herbaceous wetland
Janousek,876,186,mangrove,TRUE,90,herbaceous wetland
Janousek,879,186,mangrove,TRUE,10,tree cover
Janousek,88,186,mangrove,TRUE,30,grassland
Janousek,881,186,mangrove,TRUE,10,tree cover
Janousek,882,186,mangrove,TRUE,10,tree cover
Janousek,883,186,mangrove,TRUE,10,tree cover
Janousek,884,186,mangrove,TRUE,10,tree cover
Janousek,885,186,mangrove,TRUE,80,permanent water
Janousek,886,186,mangrove,TRUE,90,herbaceous wetland
Janousek,887,186,mangrove,TRUE,90,herbaceous wetland
Janousek,888,186,mangrove,TRUE,80,permanent water
Janousek,89,186,mangrove,TRUE,30,grassland
Janousek,890,186,mangrove,TRUE,80,permanent water
Janousek,891,186,mangrove,TRUE,90,herbaceous wetland
Janousek,892,186,mangrove,TRUE,30,grassland
Janousek,893,186,mangrove,TRUE,90,herbaceous wetland
Janousek,894,186,mangrove,TRUE,90,herbaceous wetland
Janousek,895,186,mangrove,TRUE,90,herbaceous wetland
Janousek,896,186,mangrove,TRUE,30,grassland
Janousek,897,186,mangrove,TRUE,30,grassland
Janousek,9,186,mangrove,TRUE,90,herbaceous wetland
Janousek,90,186,mangrove,TRUE,30,grassland
Janousek,904,186,mangrove,TRUE,10,tree cover
Janousek,909,186,mangrove,TRUE,90,herbaceous wetland
Janousek,91,180,non-wetland,FALSE,80,permanent water
Janousek,910,186,mangrove,TRUE,30,grassland
Janousek,911,186,mangrove,TRUE,30,grassland
Janousek,912,186,mangrove,TRUE,30,grassland
Janousek,913,186,mangrove,TRUE,30,grassland
Janousek,914,186,mangrove,TRUE,80,permanent water
Janousek,915,186,mangrove,TRUE,30,grassland
Janousek,916,186,mangrove,TRUE,10,tree cover
Janousek,917,186,mangrove,TRUE,10,tree cover
Janousek,918,186,mangrove,TRUE,10,tree cover
Janousek,919,186,mangrove,TRUE,10,tree cover
Janousek,92,180,non-wetland,FALSE,80,permanent water
Janousek,920,186,mangrove,TRUE,10,tree cover
Janousek,921,182,swamp,TRUE,10,tree cover
Janousek,922,186,mangrove,TRUE,10,tree cover
Janousek,923,186,mangrove,TRUE,10,tree cover
Janousek,924,186,mangrove,TRUE,20,shrubland
Janousek,925,186,mangrove,TRUE,90,herbaceous wetland
Janousek,926,186,mangrove,TRUE,20,shrubland
Janousek,927,186,mangrove,TRUE,90,herbaceous wetland
Janousek,928,186,mangrove,TRUE,90,herbaceous wetland
Janousek,929,183,marsh,TRUE,60,bare/sparse
Janousek,93,180,non-wetland,FALSE,80,permanent water
Janousek,933,NA,NA,FALSE,10,tree cover
Janousek,94,180,non-wetland,FALSE,80,permanent water
Janousek,95,180,non-wetland,FALSE,80,permanent water
Janousek,957,NA,NA,FALSE,80,permanent water
Janousek,958,181,permanent water,FALSE,10,tree cover
Janousek,959,181,permanent water,FALSE,10,tree cover
Janousek,96,180,non-wetland,FALSE,80,permanent water
Janousek,960,181,permanent water,FALSE,10,tree cover
Janousek,961,182,swamp,TRUE,90,herbaceous wetland
Janousek,962,180,non-wetland,FALSE,90,herbaceous wetland
Janousek,963,181,permanent water,FALSE,80,permanent water
Janousek,964,181,permanent water,FALSE,10,tree cover
Janousek,965,181,permanent water,FALSE,10,tree cover
Janousek,966,182,swamp,TRUE,90,herbaceous wetland
Janousek,97,187,salt marsh,TRUE,80,permanent water
Janousek,977,182,swamp,TRUE,10,tree cover
Janousek,978,186,mangrove,TRUE,20,shrubland
Janousek,979,185,saline,TRUE,10,tree cover
Janousek,98,187,salt marsh,TRUE,80,permanent water
Janousek,980,185,saline,TRUE,95,mangrove
Janousek,981,185,saline,TRUE,95,mangrove
Janousek,982,186,mangrove,TRUE,90,herbaceous wetland
Janousek,983,186,mangrove,TRUE,10,tree cover
Janousek,984,186,mangrove,TRUE,10,tree cover
Janousek,988,186,mangrove,TRUE,10,tree cover
Janousek,989,186,mangrove,TRUE,90,herbaceous wetland
Janousek,99,187,salt marsh,TRUE,80,permanent water
Janousek,990,186,mangrove,TRUE,90,herbaceous wetland
Janousek,991,186,mangrove,TRUE,90,herbaceous wetland
Janousek,992,186,mangrove,TRUE,90,herbaceous wetland
Janousek,993,180,non-wetland,FALSE,80,permanent water
Janousek,996,180,non-wetland,FALSE,80,permanent water
NPDB,0020118,NA,NA,FALSE,30,grassland
NPDB,0020120,NA,NA,FALSE,40,cropland
NPDB,0020294,NA,NA,FALSE,40,cropland
NPDB,0020295,NA,NA,FALSE,40,cropland
NPDB,0020297,NA,NA,FALSE,30,grassland
NPDB,0020300,NA,NA,FALSE,30,grassland
NPDB,0020301,NA,NA,FALSE,40,cropland
NPDB,0020302,NA,NA,FALSE,40,cropland
NPDB,0020303,NA,NA,FALSE,40,cropland
NPDB,0020305,NA,NA,FALSE,40,cropland
NPDB,0020306,NA,NA,FALSE,40,cropland
NPDB,0020307,NA,NA,FALSE,40,cropland
NPDB,0020308,NA,NA,FALSE,40,cropland
NPDB,0020310,NA,NA,FALSE,40,cropland
NPDB,0020311,NA,NA,FALSE,40,cropland
NPDB,0020398,NA,NA,FALSE,30,grassland
NPDB,0020401,NA,NA,FALSE,30,grassland
NPDB,0020403,NA,NA,FALSE,30,grassland
NPDB,0020485,NA,NA,FALSE,10,tree cover
NPDB,0020496,NA,NA,FALSE,30,grassland
NPDB,0020507,NA,NA,FALSE,30,grassland
NPDB,0020540,NA,NA,FALSE,40,cropland
NPDB,0020551,NA,NA,FALSE,30,grassland
NPDB,0020605,NA,NA,FALSE,40,cropland
NPDB,0020611,NA,NA,FALSE,10,tree cover
NPDB,0020612,NA,NA,FALSE,50,built-up
NPDB,0020625,NA,NA,FALSE,10,tree cover
NPDB,0020626,NA,NA,FALSE,40,cropland
NPDB,0020627,NA,NA,FALSE,30,grassland
NPDB,0020631,NA,NA,FALSE,40,cropland
NPDB,0020632,NA,NA,FALSE,40,cropland
NPDB,0020633,NA,NA,FALSE,30,grassland
NPDB,0020653,NA,NA,FALSE,30,grassland
NPDB,0020656,NA,NA,FALSE,60,bare/sparse
NPDB,0020657,NA,NA,FALSE,40,cropland
NPDB,0020658,NA,NA,FALSE,30,grassland
NPDB,0020659,NA,NA,FALSE,10,tree cover
NPDB,0020660,NA,NA,FALSE,40,cropland
NPDB,0020661,NA,NA,FALSE,40,cropland
NPDB,0020665,NA,NA,FALSE,40,cropland
NPDB,0020666,NA,NA,FALSE,40,cropland
NPDB,0020669,NA,NA,FALSE,40,cropland
NPDB,0020671,NA,NA,FALSE,40,cropland
NPDB,0020672,NA,NA,FALSE,40,cropland
NPDB,0020673,NA,NA,FALSE,30,grassland
NPDB,0020675,NA,NA,FALSE,50,built-up
NPDB,0020681,NA,NA,FALSE,10,tree cover
NPDB,0020687,NA,NA,FALSE,30,grassland
NPDB,0020690,NA,NA,FALSE,40,cropland
NPDB,0020700,NA,NA,FALSE,10,tree cover
NPDB,0020702,NA,NA,FALSE,50,built-up
NPDB,0020703,NA,NA,FALSE,10,tree cover
NPDB,0020707,NA,NA,FALSE,10,tree cover
NPDB,0020710,NA,NA,FALSE,40,cropland
NPDB,0020711,NA,NA,FALSE,10,tree cover
NPDB,0020713,NA,NA,FALSE,10,tree cover
NPDB,0020715,NA,NA,FALSE,40,cropland
NPDB,0020716,NA,NA,FALSE,40,cropland
NPDB,0020719,NA,NA,FALSE,30,grassland
NPDB,0020723,NA,NA,FALSE,40,cropland
NPDB,0020725,NA,NA,FALSE,30,grassland
NPDB,0020726,NA,NA,FALSE,10,tree cover
NPDB,0020727,NA,NA,FALSE,30,grassland
NPDB,0020729,NA,NA,FALSE,10,tree cover
NPDB,0020732,NA,NA,FALSE,40,cropland
NPDB,0020733,NA,NA,FALSE,10,tree cover
NPDB,0020736,NA,NA,FALSE,10,tree cover
NPDB,0020737,NA,NA,FALSE,40,cropland
NPDB,0020738,NA,NA,FALSE,40,cropland
NPDB,0020748,NA,NA,FALSE,40,cropland
NPDB,0020749,NA,NA,FALSE,50,built-up
NPDB,0020750,NA,NA,FALSE,40,cropland
NPDB,0020751,NA,NA,FALSE,40,cropland
NPDB,0020752,NA,NA,FALSE,40,cropland
NPDB,0020753,NA,NA,FALSE,40,cropland
NPDB,0020754,NA,NA,FALSE,30,grassland
NPDB,0020755,NA,NA,FALSE,30,grassland
NPDB,0020757,NA,NA,FALSE,30,grassland
NPDB,0020758,NA,NA,FALSE,40,cropland
NPDB,0020760,NA,NA,FALSE,30,grassland
NPDB,0020761,NA,NA,FALSE,30,grassland
NPDB,0020762,NA,NA,FALSE,40,cropland
NPDB,0020763,NA,NA,FALSE,30,grassland
NPDB,0020765,NA,NA,FALSE,30,grassland
NPDB,0020766,NA,NA,FALSE,30,grassland
NPDB,0020767,NA,NA,FALSE,40,cropland
NPDB,0020769,NA,NA,FALSE,10,tree cover
NPDB,0020771,NA,NA,FALSE,10,tree cover
NPDB,0020772,NA,NA,FALSE,40,cropland
NPDB,0020773,NA,NA,FALSE,10,tree cover
NPDB,0020774,NA,NA,FALSE,30,grassland
NPDB,0020775,NA,NA,FALSE,40,cropland
NPDB,0020776,NA,NA,FALSE,40,cropland
NPDB,0020777,NA,NA,FALSE,40,cropland
NPDB,0020778,NA,NA,FALSE,40,cropland
NPDB,0020779,NA,NA,FALSE,40,cropland
NPDB,0020781,NA,NA,FALSE,30,grassland
NPDB,0020785,NA,NA,FALSE,30,grassland
NPDB,0020788,NA,NA,FALSE,30,grassland
NPDB,0020790,180,non-wetland,FALSE,80,permanent water
NPDB,0020791,NA,NA,FALSE,40,cropland
NPDB,0020795,NA,NA,FALSE,30,grassland
NPDB,0020798,NA,NA,FALSE,40,cropland
NPDB,0020801,NA,NA,FALSE,30,grassland
NPDB,0020803,NA,NA,FALSE,10,tree cover
NPDB,0020805,NA,NA,FALSE,40,cropland
NPDB,0020816,NA,NA,FALSE,30,grassland
NPDB,0020818,NA,NA,FALSE,30,grassland
NPDB,0020823,NA,NA,FALSE,40,cropland
NPDB,0020824,NA,NA,FALSE,30,grassland
NPDB,0020825,NA,NA,FALSE,40,cropland
NPDB,0020830,NA,NA,FALSE,30,grassland
NPDB,0020831,NA,NA,FALSE,30,grassland
NPDB,0020832,NA,NA,FALSE,40,cropland
NPDB,0020833,NA,NA,FALSE,30,grassland
NPDB,0020842,NA,NA,FALSE,30,grassland
NPDB,0020843,NA,NA,FALSE,10,tree cover
NPDB,0020844,NA,NA,FALSE,30,grassland
NPDB,0020851,NA,NA,FALSE,40,cropland
NPDB,0020856,NA,NA,FALSE,40,cropland
NPDB,0020857,NA,NA,FALSE,40,cropland
NPDB,0020858,NA,NA,FALSE,30,grassland
NPDB,0020859,NA,NA,FALSE,40,cropland
NPDB,0020862,NA,NA,FALSE,40,cropland
NPDB,0020865,NA,NA,FALSE,30,grassland
NPDB,0020871,NA,NA,FALSE,40,cropland
NPDB,0020875,NA,NA,FALSE,40,cropland
NPDB,0020878,NA,NA,FALSE,30,grassland
NPDB,0020880,NA,NA,FALSE,30,grassland
NPDB,0020900,NA,NA,FALSE,10,tree cover
NPDB,0020901,NA,NA,FALSE,10,tree cover
NPDB,0020902,NA,NA,FALSE,30,grassland
NPDB,0020903,NA,NA,FALSE,40,cropland
NPDB,0020904,NA,NA,FALSE,40,cropland
NPDB,0020905,NA,NA,FALSE,30,grassland
NPDB,0020906,NA,NA,FALSE,10,tree cover
NPDB,0020907,NA,NA,FALSE,30,grassland
NPDB,0020908,NA,NA,FALSE,40,cropland
NPDB,0020910,NA,NA,FALSE,10,tree cover
NPDB,0020916,NA,NA,FALSE,40,cropland
NPDB,0020917,NA,NA,FALSE,40,cropland
NPDB,0020918,NA,NA,FALSE,10,tree cover
NPDB,0020920,NA,NA,FALSE,40,cropland
NPDB,0020921,NA,NA,FALSE,30,grassland
NPDB,0020922,NA,NA,FALSE,30,grassland
NPDB,0020923,NA,NA,FALSE,10,tree cover
NPDB,0020924,NA,NA,FALSE,10,tree cover
NPDB,0020925,NA,NA,FALSE,10,tree cover
NPDB,0020926,NA,NA,FALSE,10,tree cover
NPDB,0020928,NA,NA,FALSE,30,grassland
NPDB,0020929,NA,NA,FALSE,10,tree cover
NPDB,0020930,NA,NA,FALSE,30,grassland
NPDB,0020934,NA,NA,FALSE,30,grassland
NPDB,0020937,NA,NA,FALSE,10,tree cover
NPDB,0020938,NA,NA,FALSE,40,cropland
NPDB,0020939,NA,NA,FALSE,30,grassland
NPDB,0020940,NA,NA,FALSE,40,cropland
NPDB,0020941,NA,NA,FALSE,10,tree cover
NPDB,0020942,NA,NA,FALSE,10,tree cover
NPDB,0020943,NA,NA,FALSE,10,tree cover
NPDB,0020944,NA,NA,FALSE,30,grassland
NPDB,0020945,NA,NA,FALSE,40,cropland
NPDB,0020948,NA,NA,FALSE,30,grassland
NPDB,0020949,NA,NA,FALSE,30,grassland
NPDB,0020954,NA,NA,FALSE,30,grassland
NPDB,0020955,NA,NA,FALSE,10,tree cover
NPDB,0020956,NA,NA,FALSE,40,cropland
NPDB,0020957,NA,NA,FALSE,40,cropland
NPDB,0020958,NA,NA,FALSE,40,cropland
NPDB,0020959,NA,NA,FALSE,10,tree cover
NPDB,0020960,NA,NA,FALSE,30,grassland
NPDB,0020964,NA,NA,FALSE,10,tree cover
NPDB,0020965,NA,NA,FALSE,40,cropland
NPDB,0020966,NA,NA,FALSE,30,grassland
NPDB,0020967,NA,NA,FALSE,10,tree cover
NPDB,0020968,NA,NA,FALSE,10,tree cover
NPDB,0020969,NA,NA,FALSE,50,built-up
NPDB,0020970,NA,NA,FALSE,10,tree cover
NPDB,0020971,NA,NA,FALSE,60,bare/sparse
NPDB,0020972,NA,NA,FALSE,10,tree cover
NPDB,0020973,NA,NA,FALSE,10,tree cover
NPDB,0020974,NA,NA,FALSE,10,tree cover
NPDB,0020975,NA,NA,FALSE,10,tree cover
NPDB,0020976,NA,NA,FALSE,50,built-up
NPDB,0020977,NA,NA,FALSE,30,grassland
NPDB,0020978,NA,NA,FALSE,10,tree cover
NPDB,0020979,NA,NA,FALSE,10,tree cover
NPDB,0020986,NA,NA,FALSE,10,tree cover
NPDB,0020987,NA,NA,FALSE,10,tree cover
NPDB,0020988,NA,NA,FALSE,10,tree cover
NPDB,0020989,NA,NA,FALSE,10,tree cover
NPDB,0020990,NA,NA,FALSE,10,tree cover
NPDB,0020991,NA,NA,FALSE,10,tree cover
NPDB,0020992,NA,NA,FALSE,10,tree cover
NPDB,0020993,NA,NA,FALSE,10,tree cover
NPDB,0020998,NA,NA,FALSE,30,grassland
NPDB,0020999,NA,NA,FALSE,50,built-up
NPDB,0021000,NA,NA,FALSE,10,tree cover
NPDB,0021001,NA,NA,FALSE,10,tree cover
NPDB,0021004,NA,NA,FALSE,10,tree cover
NPDB,0021005,NA,NA,FALSE,10,tree cover
NPDB,0021006,NA,NA,FALSE,10,tree cover
NPDB,0021007,NA,NA,FALSE,40,cropland
NPDB,0021008,NA,NA,FALSE,10,tree cover
NPDB,0021009,NA,NA,FALSE,10,tree cover
NPDB,0021011,NA,NA,FALSE,10,tree cover
NPDB,0021012,NA,NA,FALSE,10,tree cover
NPDB,0021014,NA,NA,FALSE,10,tree cover
NPDB,0021015,NA,NA,FALSE,10,tree cover
NPDB,0021016,NA,NA,FALSE,10,tree cover
NPDB,0021017,NA,NA,FALSE,10,tree cover
NPDB,0021018,NA,NA,FALSE,10,tree cover
NPDB,0021019,NA,NA,FALSE,10,tree cover
NPDB,0021020,NA,NA,FALSE,10,tree cover
NPDB,0021021,NA,NA,FALSE,10,tree cover
NPDB,0021024,NA,NA,FALSE,60,bare/sparse
NPDB,0021025,NA,NA,FALSE,100,moss and lichen
NPDB,0021026,NA,NA,FALSE,10,tree cover
NPDB,0021029,NA,NA,FALSE,10,tree cover
NPDB,0021030,NA,NA,FALSE,10,tree cover
NPDB,0021031,NA,NA,FALSE,30,grassland
NPDB,0021032,NA,NA,FALSE,30,grassland
NPDB,0021033,NA,NA,FALSE,10,tree cover
NPDB,0021034,NA,NA,FALSE,30,grassland
NPDB,0021035,NA,NA,FALSE,10,tree cover
NPDB,0021036,NA,NA,FALSE,50,built-up
NPDB,0021037,NA,NA,FALSE,100,moss and lichen
NPDB,0021038,NA,NA,FALSE,10,tree cover
NPDB,0021039,NA,NA,FALSE,10,tree cover
NPDB,0021040,NA,NA,FALSE,10,tree cover
NPDB,0021041,NA,NA,FALSE,10,tree cover
NPDB,0021042,NA,NA,FALSE,10,tree cover
NPDB,0021043,NA,NA,FALSE,30,grassland
NPDB,0021044,NA,NA,FALSE,10,tree cover
NPDB,0021045,NA,NA,FALSE,30,grassland
NPDB,0021046,NA,NA,FALSE,10,tree cover
NPDB,0021047,NA,NA,FALSE,10,tree cover
NPDB,0021048,NA,NA,FALSE,10,tree cover
NPDB,0021049,NA,NA,FALSE,10,tree cover
NPDB,0021050,NA,NA,FALSE,10,tree cover
NPDB,0021052,NA,NA,FALSE,30,grassland
NPDB,0021053,NA,NA,FALSE,10,tree cover
NPDB,0021054,NA,NA,FALSE,30,grassland
NPDB,0021055,NA,NA,FALSE,10,tree cover
NPDB,0021056,NA,NA,FALSE,30,grassland
NPDB,0021057,NA,NA,FALSE,10,tree cover
NPDB,0021058,NA,NA,FALSE,40,cropland
NPDB,0021059,NA,NA,FALSE,30,grassland
NPDB,0021060,NA,NA,FALSE,40,cropland
NPDB,0021061,NA,NA,FALSE,40,cropland
NPDB,0021062,NA,NA,FALSE,30,grassland
NPDB,0021063,NA,NA,FALSE,30,grassland
NPDB,0021064,NA,NA,FALSE,30,grassland
NPDB,0021065,NA,NA,FALSE,40,cropland
NPDB,0021066,NA,NA,FALSE,30,grassland
NPDB,0021067,NA,NA,FALSE,30,grassland
NPDB,0021069,NA,NA,FALSE,30,grassland
NPDB,0021070,NA,NA,FALSE,30,grassland
NPDB,0021071,NA,NA,FALSE,30,grassland
NPDB,0021072,NA,NA,FALSE,30,grassland
NPDB,0021073,NA,NA,FALSE,30,grassland
NPDB,0021074,NA,NA,FALSE,30,grassland
NPDB,0021075,NA,NA,FALSE,30,grassland
NPDB,0021076,NA,NA,FALSE,30,grassland
NPDB,0021077,NA,NA,FALSE,30,grassland
NPDB,0021078,NA,NA,FALSE,30,grassland
NPDB,0021079,NA,NA,FALSE,10,tree cover
NPDB,0021081,NA,NA,FALSE,40,cropland
NPDB,0021082,NA,NA,FALSE,30,grassland
NPDB,0021083,NA,NA,FALSE,30,grassland
NPDB,0021084,NA,NA,FALSE,30,grassland
NPDB,0021085,NA,NA,FALSE,30,grassland
NPDB,0021086,NA,NA,FALSE,40,cropland
NPDB,0021087,NA,NA,FALSE,40,cropland
NPDB,0021088,NA,NA,FALSE,30,grassland
NPDB,0021089,NA,NA,FALSE,10,tree cover
NPDB,0021090,NA,NA,FALSE,40,cropland
NPDB,0021091,NA,NA,FALSE,40,cropland
NPDB,0021092,NA,NA,FALSE,40,cropland
NPDB,0021093,NA,NA,FALSE,30,grassland
NPDB,0021094,NA,NA,FALSE,40,cropland
NPDB,0021098,NA,NA,FALSE,40,cropland
NPDB,0021099,NA,NA,FALSE,30,grassland
NPDB,0021102,NA,NA,FALSE,10,tree cover
NPDB,0021105,NA,NA,FALSE,10,tree cover
NPDB,0021106,NA,NA,FALSE,10,tree cover
NPDB,0021111,NA,NA,FALSE,30,grassland
NPDB,0021112,NA,NA,FALSE,10,tree cover
NPDB,0021113,NA,NA,FALSE,30,grassland
NPDB,0021114,NA,NA,FALSE,30,grassland
NPDB,0021138,NA,NA,FALSE,30,grassland
NPDB,0021139,NA,NA,FALSE,40,cropland
NPDB,0021140,NA,NA,FALSE,40,cropland
NPDB,0021141,NA,NA,FALSE,40,cropland
NPDB,0021142,NA,NA,FALSE,40,cropland
NPDB,0021143,NA,NA,FALSE,30,grassland
NPDB,0021144,NA,NA,FALSE,30,grassland
NPDB,0021145,NA,NA,FALSE,30,grassland
NPDB,0021146,NA,NA,FALSE,10,tree cover
NPDB,0021149,NA,NA,FALSE,40,cropland
NPDB,0021150,NA,NA,FALSE,30,grassland
NPDB,0021152,NA,NA,FALSE,30,grassland
NPDB,0021153,NA,NA,FALSE,40,cropland
NPDB,0021154,180,non-wetland,FALSE,80,permanent water
NPDB,0021156,NA,NA,FALSE,40,cropland
NPDB,0021158,NA,NA,FALSE,40,cropland
NPDB,0021159,NA,NA,FALSE,30,grassland
NPDB,0021160,NA,NA,FALSE,30,grassland
NPDB,0021164,NA,NA,FALSE,40,cropland
NPDB,0021165,NA,NA,FALSE,30,grassland
NPDB,0021166,NA,NA,FALSE,30,grassland
NPDB,0021167,NA,NA,FALSE,40,cropland
NPDB,0021168,NA,NA,FALSE,30,grassland
NPDB,0021169,NA,NA,FALSE,40,cropland
NPDB,0021170,NA,NA,FALSE,30,grassland
NPDB,0021171,NA,NA,FALSE,40,cropland
NPDB,0021172,NA,NA,FALSE,10,tree cover
NPDB,0021192,NA,NA,FALSE,10,tree cover
NPDB,0021193,NA,NA,FALSE,30,grassland
NPDB,0021194,NA,NA,FALSE,10,tree cover
NPDB,0021195,NA,NA,FALSE,10,tree cover
NPDB,0021196,182,swamp,TRUE,40,cropland
NPDB,0021213,NA,NA,FALSE,30,grassland
NPDB,0021214,NA,NA,FALSE,30,grassland
NPDB,0021215,NA,NA,FALSE,30,grassland
NPDB,0021225,NA,NA,FALSE,40,cropland
NPDB,0021226,NA,NA,FALSE,40,cropland
NPDB,0021227,NA,NA,FALSE,40,cropland
NPDB,0021228,NA,NA,FALSE,30,grassland
NPDB,0021229,NA,NA,FALSE,30,grassland
NPDB,0021230,NA,NA,FALSE,40,cropland
NPDB,0021231,NA,NA,FALSE,10,tree cover
NPDB,0021232,NA,NA,FALSE,10,tree cover
NPDB,0021233,NA,NA,FALSE,10,tree cover
NPDB,0021234,NA,NA,FALSE,10,tree cover
NPDB,0021235,NA,NA,FALSE,40,cropland
NPDB,0021236,NA,NA,FALSE,30,grassland
NPDB,0021237,NA,NA,FALSE,10,tree cover
NPDB,0021238,NA,NA,FALSE,30,grassland
NPDB,0021239,NA,NA,FALSE,10,tree cover
NPDB,0021240,NA,NA,FALSE,10,tree cover
NPDB,0021241,NA,NA,FALSE,40,cropland
NPDB,0021242,NA,NA,FALSE,40,cropland
NPDB,0021243,NA,NA,FALSE,40,cropland
NPDB,0021244,NA,NA,FALSE,10,tree cover
NPDB,0021245,NA,NA,FALSE,40,cropland
NPDB,0021246,NA,NA,FALSE,10,tree cover
NPDB,0021247,NA,NA,FALSE,40,cropland
NPDB,0021248,NA,NA,FALSE,40,cropland
NPDB,0021249,NA,NA,FALSE,30,grassland
NPDB,0021250,NA,NA,FALSE,40,cropland
NPDB,0021251,NA,NA,FALSE,10,tree cover
NPDB,0021252,NA,NA,FALSE,40,cropland
NPDB,0021253,NA,NA,FALSE,40,cropland
NPDB,0021254,NA,NA,FALSE,40,cropland
NPDB,0021256,NA,NA,FALSE,40,cropland
NPDB,0021258,NA,NA,FALSE,40,cropland
NPDB,0021259,NA,NA,FALSE,10,tree cover
NPDB,0021260,NA,NA,FALSE,40,cropland
NPDB,0021261,NA,NA,FALSE,40,cropland
NPDB,0021263,NA,NA,FALSE,40,cropland
NPDB,0021264,NA,NA,FALSE,40,cropland
NPDB,0021265,NA,NA,FALSE,40,cropland
NPDB,0021266,NA,NA,FALSE,30,grassland
NPDB,0021267,NA,NA,FALSE,30,grassland
NPDB,0021269,NA,NA,FALSE,40,cropland
NPDB,0021271,NA,NA,FALSE,30,grassland
NPDB,0021272,NA,NA,FALSE,10,tree cover
NPDB,0021273,NA,NA,FALSE,40,cropland
NPDB,0021274,NA,NA,FALSE,40,cropland
NPDB,0021275,NA,NA,FALSE,40,cropland
NPDB,0021276,NA,NA,FALSE,40,cropland
NPDB,0021277,NA,NA,FALSE,40,cropland
NPDB,0021278,NA,NA,FALSE,10,tree cover
NPDB,0021279,NA,NA,FALSE,30,grassland
NPDB,0021280,NA,NA,FALSE,30,grassland
NPDB,0021281,NA,NA,FALSE,10,tree cover
NPDB,0021282,NA,NA,FALSE,30,grassland
NPDB,0021283,NA,NA,FALSE,30,grassland
NPDB,0021284,NA,NA,FALSE,30,grassland
NPDB,0021285,NA,NA,FALSE,10,tree cover
NPDB,0021286,NA,NA,FALSE,10,tree cover
NPDB,0021287,NA,NA,FALSE,40,cropland
NPDB,0021288,NA,NA,FALSE,40,cropland
NPDB,0021289,NA,NA,FALSE,40,cropland
NPDB,0021290,NA,NA,FALSE,30,grassland
NPDB,0021291,NA,NA,FALSE,10,tree cover
NPDB,0021292,NA,NA,FALSE,30,grassland
NPDB,0021293,NA,NA,FALSE,30,grassland
NPDB,0021294,NA,NA,FALSE,40,cropland
NPDB,0021295,182,swamp,TRUE,30,grassland
NPDB,0021296,NA,NA,FALSE,30,grassland
NPDB,0021297,NA,NA,FALSE,40,cropland
NPDB,0021298,NA,NA,FALSE,80,permanent water
NPDB,0021300,NA,NA,FALSE,40,cropland
NPDB,0021301,NA,NA,FALSE,30,grassland
NPDB,0021302,NA,NA,FALSE,30,grassland
NPDB,0021303,NA,NA,FALSE,40,cropland
NPDB,0021304,NA,NA,FALSE,30,grassland
NPDB,0021305,NA,NA,FALSE,30,grassland
NPDB,0021306,NA,NA,FALSE,30,grassland
NPDB,0021395,NA,NA,FALSE,40,cropland
NPDB,0021396,NA,NA,FALSE,30,grassland
NPDB,0021404,NA,NA,FALSE,40,cropland
NPDB,0021406,NA,NA,FALSE,40,cropland
NPDB,0021407,NA,NA,FALSE,40,cropland
NPDB,0021408,NA,NA,FALSE,40,cropland
NPDB,0021409,NA,NA,FALSE,50,built-up
NPDB,0021410,180,non-wetland,FALSE,80,permanent water
NPDB,0021412,NA,NA,FALSE,50,built-up
NPDB,0021419,NA,NA,FALSE,30,grassland
NPDB,0042708,NA,NA,FALSE,40,cropland
NPDB,0042709,NA,NA,FALSE,40,cropland
NPDB,0042710,NA,NA,FALSE,40,cropland
NPDB,0042711,NA,NA,FALSE,40,cropland
NPDB,0042712,NA,NA,FALSE,40,cropland
NPDB,0042713,NA,NA,FALSE,10,tree cover
NPDB,0042714,NA,NA,FALSE,10,tree cover
NPDB,0042716,NA,NA,FALSE,10,tree cover
NPDB,0042717,NA,NA,FALSE,10,tree cover
NPDB,0042718,NA,NA,FALSE,10,tree cover
NPDB,0042719,NA,NA,FALSE,30,grassland
NPDB,0042720,NA,NA,FALSE,10,tree cover
NPDB,0042721,NA,NA,FALSE,10,tree cover
NPDB,0042722,NA,NA,FALSE,10,tree cover
NPDB,0042723,NA,NA,FALSE,10,tree cover
NPDB,0042724,NA,NA,FALSE,10,tree cover
NPDB,0042725,NA,NA,FALSE,10,tree cover
NPDB,0042726,NA,NA,FALSE,40,cropland
NPDB,0042727,NA,NA,FALSE,10,tree cover
NPDB,0042728,NA,NA,FALSE,40,cropland
NPDB,0042729,NA,NA,FALSE,10,tree cover
NPDB,0042731,NA,NA,FALSE,40,cropland
NPDB,0042732,NA,NA,FALSE,40,cropland
NPDB,0042733,NA,NA,FALSE,40,cropland
NPDB,0042734,NA,NA,FALSE,30,grassland
NPDB,0042735,NA,NA,FALSE,30,grassland
NPDB,0042736,NA,NA,FALSE,10,tree cover
NPDB,0042737,NA,NA,FALSE,40,cropland
NPDB,0042738,NA,NA,FALSE,40,cropland
NPDB,0042739,NA,NA,FALSE,30,grassland
NPDB,0042740,NA,NA,FALSE,30,grassland
NPDB,0042741,NA,NA,FALSE,40,cropland
NPDB,0042742,NA,NA,FALSE,10,tree cover
NPDB,0042743,NA,NA,FALSE,40,cropland
NPDB,0042744,NA,NA,FALSE,40,cropland
NPDB,0042745,NA,NA,FALSE,10,tree cover
NPDB,0042746,NA,NA,FALSE,10,tree cover
NPDB,0042747,NA,NA,FALSE,10,tree cover
NPDB,0042748,NA,NA,FALSE,10,tree cover
NPDB,0042749,NA,NA,FALSE,40,cropland
NPDB,0042750,NA,NA,FALSE,10,tree cover
NPDB,0042751,NA,NA,FALSE,40,cropland
NPDB,0042752,NA,NA,FALSE,40,cropland
NPDB,0042753,NA,NA,FALSE,40,cropland
NPDB,0042754,NA,NA,FALSE,40,cropland
NPDB,0042755,NA,NA,FALSE,30,grassland
NPDB,0042756,NA,NA,FALSE,30,grassland
NPDB,0042757,NA,NA,FALSE,30,grassland
NPDB,0042758,NA,NA,FALSE,30,grassland
NPDB,0042759,NA,NA,FALSE,40,cropland
NPDB,0042761,NA,NA,FALSE,40,cropland
NPDB,0042762,NA,NA,FALSE,40,cropland
NPDB,0042763,NA,NA,FALSE,30,grassland
NPDB,0042765,NA,NA,FALSE,40,cropland
NPDB,0042766,NA,NA,FALSE,40,cropland
NPDB,0042767,NA,NA,FALSE,40,cropland
NPDB,0042768,NA,NA,FALSE,40,cropland
NPDB,0042769,NA,NA,FALSE,30,grassland
NPDB,0042770,NA,NA,FALSE,30,grassland
NPDB,0042771,NA,NA,FALSE,30,grassland
NPDB,0042772,NA,NA,FALSE,40,cropland
NPDB,0042774,NA,NA,FALSE,40,cropland
NPDB,0042775,NA,NA,FALSE,40,cropland
NPDB,0042776,NA,NA,FALSE,40,cropland
NPDB,0042777,NA,NA,FALSE,40,cropland
NPDB,0042778,NA,NA,FALSE,30,grassland
NPDB,0042779,NA,NA,FALSE,40,cropland
NPDB,0042780,NA,NA,FALSE,30,grassland
NPDB,0042781,NA,NA,FALSE,40,cropland
NPDB,0042782,NA,NA,FALSE,40,cropland
NPDB,0042783,NA,NA,FALSE,40,cropland
NPDB,0042784,NA,NA,FALSE,40,cropland
NPDB,0042785,NA,NA,FALSE,40,cropland
NPDB,0042786,NA,NA,FALSE,30,grassland
NPDB,0042787,NA,NA,FALSE,40,cropland
NPDB,0042788,NA,NA,FALSE,40,cropland
NPDB,0042789,NA,NA,FALSE,40,cropland
NPDB,0042790,NA,NA,FALSE,40,cropland
NPDB,0042791,NA,NA,FALSE,30,grassland
NPDB,0042792,NA,NA,FALSE,40,cropland
NPDB,0042793,NA,NA,FALSE,30,grassland
NPDB,0042794,NA,NA,FALSE,30,grassland
NPDB,0042795,NA,NA,FALSE,40,cropland
NPDB,0042796,NA,NA,FALSE,30,grassland
NPDB,0042798,NA,NA,FALSE,40,cropland
NPDB,0042799,NA,NA,FALSE,10,tree cover
NPDB,0042800,NA,NA,FALSE,10,tree cover
NPDB,0042801,NA,NA,FALSE,40,cropland
NPDB,0042802,NA,NA,FALSE,40,cropland
NPDB,0042804,NA,NA,FALSE,40,cropland
NPDB,0042805,NA,NA,FALSE,40,cropland
NPDB,0042806,NA,NA,FALSE,30,grassland
NPDB,0042807,NA,NA,FALSE,40,cropland
NPDB,0042809,NA,NA,FALSE,40,cropland
NPDB,0042810,NA,NA,FALSE,40,cropland
NPDB,0042811,NA,NA,FALSE,40,cropland
NPDB,0042812,NA,NA,FALSE,40,cropland
NPDB,0042813,NA,NA,FALSE,40,cropland
NPDB,0042814,NA,NA,FALSE,30,grassland
NPDB,0042815,NA,NA,FALSE,30,grassland
NPDB,0042816,NA,NA,FALSE,40,cropland
NPDB,0042817,NA,NA,FALSE,40,cropland
NPDB,0042818,NA,NA,FALSE,30,grassland
NPDB,0042819,NA,NA,FALSE,40,cropland
NPDB,0042820,NA,NA,FALSE,40,cropland
NPDB,0042821,NA,NA,FALSE,40,cropland
NPDB,0042822,NA,NA,FALSE,10,tree cover
NPDB,0042823,NA,NA,FALSE,30,grassland
NPDB,0042825,NA,NA,FALSE,40,cropland
NPDB,0042826,NA,NA,FALSE,40,cropland
NPDB,0042827,NA,NA,FALSE,40,cropland
NPDB,0042828,NA,NA,FALSE,10,tree cover
NPDB,0042829,NA,NA,FALSE,40,cropland
NPDB,0042830,NA,NA,FALSE,30,grassland
NPDB,0042831,NA,NA,FALSE,10,tree cover
NPDB,0042832,NA,NA,FALSE,10,tree cover
NPDB,0042833,NA,NA,FALSE,10,tree cover
NPDB,0042834,NA,NA,FALSE,30,grassland
NPDB,0042835,NA,NA,FALSE,10,tree cover
NPDB,0042836,NA,NA,FALSE,10,tree cover
NPDB,0042837,NA,NA,FALSE,10,tree cover
NPDB,0042838,NA,NA,FALSE,10,tree cover
NPDB,0042839,NA,NA,FALSE,30,grassland
NPDB,0042840,NA,NA,FALSE,40,cropland
NPDB,0042841,NA,NA,FALSE,10,tree cover
NPDB,0042842,NA,NA,FALSE,10,tree cover
NPDB,0042843,180,non-wetland,FALSE,80,permanent water
NPDB,0042844,181,permanent water,FALSE,10,tree cover
NPDB,0042845,NA,NA,FALSE,30,grassland
NPDB,0042846,NA,NA,FALSE,30,grassland
NPDB,0042848,NA,NA,FALSE,10,tree cover
NPDB,0042849,NA,NA,FALSE,30,grassland
NPDB,0042850,180,non-wetland,FALSE,80,permanent water
NPDB,0042851,NA,NA,FALSE,10,tree cover
NPDB,0042853,NA,NA,FALSE,30,grassland
NPDB,0042854,NA,NA,FALSE,10,tree cover
NPDB,0042855,NA,NA,FALSE,10,tree cover
NPDB,0042856,NA,NA,FALSE,20,shrubland
NPDB,0042857,182,swamp,TRUE,30,grassland
NPDB,0042858,181,permanent water,FALSE,10,tree cover
NPDB,0042860,NA,NA,FALSE,10,tree cover
NPDB,0042861,NA,NA,FALSE,10,tree cover
NPDB,0042862,180,non-wetland,FALSE,80,permanent water
NPDB,0042863,NA,NA,FALSE,10,tree cover
NPDB,0042864,181,permanent water,FALSE,20,shrubland
NPDB,0042865,NA,NA,FALSE,20,shrubland
NPDB,0042866,NA,NA,FALSE,10,tree cover
NPDB,0042867,NA,NA,FALSE,30,grassland
NPDB,0042869,NA,NA,FALSE,40,cropland
NPDB,0042870,NA,NA,FALSE,50,built-up
NPDB,0042871,NA,NA,FALSE,30,grassland
NPDB,0042872,NA,NA,FALSE,10,tree cover
NPDB,0042874,NA,NA,FALSE,10,tree cover
NPDB,0042875,NA,NA,FALSE,10,tree cover
NPDB,0042877,NA,NA,FALSE,30,grassland
NPDB,0042881,NA,NA,FALSE,10,tree cover
NPDB,0042882,NA,NA,FALSE,30,grassland
NPDB,0042883,180,non-wetland,FALSE,80,permanent water
NPDB,0042884,182,swamp,TRUE,90,herbaceous wetland
NPDB,0042885,NA,NA,FALSE,10,tree cover
NPDB,0042886,NA,NA,FALSE,10,tree cover
NPDB,0042887,NA,NA,FALSE,10,tree cover
NPDB,0042888,NA,NA,FALSE,10,tree cover
NPDB,0042889,NA,NA,FALSE,40,cropland
NPDB,0042890,NA,NA,FALSE,10,tree cover
NPDB,0042891,NA,NA,FALSE,40,cropland
NPDB,0042892,NA,NA,FALSE,10,tree cover
NPDB,0042893,NA,NA,FALSE,30,grassland
NPDB,0042894,NA,NA,FALSE,30,grassland
NPDB,0042896,NA,NA,FALSE,30,grassland
NPDB,0042897,NA,NA,FALSE,30,grassland
NPDB,0042898,NA,NA,FALSE,30,grassland
NPDB,0042899,181,permanent water,FALSE,90,herbaceous wetland
NPDB,0042900,180,non-wetland,FALSE,80,permanent water
NPDB,0042901,NA,NA,FALSE,30,grassland
NPDB,0042904,NA,NA,FALSE,10,tree cover
NPDB,0042905,NA,NA,FALSE,10,tree cover
NPDB,0042908,NA,NA,FALSE,10,tree cover
NPDB,0042909,NA,NA,FALSE,10,tree cover
NPDB,0042910,NA,NA,FALSE,40,cropland
NPDB,0042911,NA,NA,FALSE,30,grassland
NPDB,0042912,NA,NA,FALSE,30,grassland
NPDB,0042913,NA,NA,FALSE,40,cropland
NPDB,0042914,NA,NA,FALSE,30,grassland
NPDB,0042915,NA,NA,FALSE,10,tree cover
NPDB,0042916,NA,NA,FALSE,30,grassland
NPDB,0042917,NA,NA,FALSE,30,grassland
NPDB,0042919,NA,NA,FALSE,10,tree cover
NPDB,0042920,NA,NA,FALSE,30,grassland
NPDB,0042921,NA,NA,FALSE,10,tree cover
NPDB,0042922,NA,NA,FALSE,30,grassland
NPDB,0042923,NA,NA,FALSE,30,grassland
NPDB,0042924,NA,NA,FALSE,10,tree cover
NPDB,0042925,NA,NA,FALSE,40,cropland
NPDB,0042926,NA,NA,FALSE,30,grassland
NPDB,0042927,NA,NA,FALSE,10,tree cover
NPDB,0042928,NA,NA,FALSE,30,grassland
NPDB,0042929,NA,NA,FALSE,40,cropland
NPDB,0042930,NA,NA,FALSE,10,tree cover
NPDB,0042931,NA,NA,FALSE,40,cropland
NPDB,0042932,NA,NA,FALSE,40,cropland
NPDB,0042933,NA,NA,FALSE,30,grassland
NPDB,0042934,NA,NA,FALSE,30,grassland
NPDB,0042936,NA,NA,FALSE,10,tree cover
NPDB,0042937,NA,NA,FALSE,40,cropland
NPDB,0042938,NA,NA,FALSE,40,cropland
NPDB,0042939,NA,NA,FALSE,10,tree cover
NPDB,0042940,NA,NA,FALSE,10,tree cover
NPDB,0042941,NA,NA,FALSE,40,cropland
NPDB,0042942,NA,NA,FALSE,40,cropland
NPDB,0042943,NA,NA,FALSE,30,grassland
NPDB,0042944,NA,NA,FALSE,40,cropland
NPDB,0042945,NA,NA,FALSE,40,cropland
NPDB,0042946,NA,NA,FALSE,40,cropland
NPDB,0042947,NA,NA,FALSE,40,cropland
NPDB,0042948,NA,NA,FALSE,40,cropland
NPDB,0042949,NA,NA,FALSE,40,cropland
NPDB,0042950,NA,NA,FALSE,80,permanent water
NPDB,0042951,NA,NA,FALSE,40,cropland
NPDB,0042952,NA,NA,FALSE,40,cropland
NPDB,0042953,NA,NA,FALSE,40,cropland
NPDB,0042954,NA,NA,FALSE,40,cropland
NPDB,0042955,NA,NA,FALSE,10,tree cover
NPDB,0042956,NA,NA,FALSE,40,cropland
NPDB,0042957,NA,NA,FALSE,40,cropland
NPDB,0042958,NA,NA,FALSE,30,grassland
NPDB,0042959,NA,NA,FALSE,40,cropland
NPDB,0042960,NA,NA,FALSE,40,cropland
NPDB,0042961,NA,NA,FALSE,40,cropland
NPDB,0042962,NA,NA,FALSE,40,cropland
NPDB,0042963,NA,NA,FALSE,40,cropland
NPDB,0042964,NA,NA,FALSE,40,cropland
NPDB,0042965,NA,NA,FALSE,30,grassland
NPDB,0042966,NA,NA,FALSE,30,grassland
NPDB,0042967,NA,NA,FALSE,40,cropland
NPDB,0042968,NA,NA,FALSE,30,grassland
NPDB,0042969,NA,NA,FALSE,40,cropland
NPDB,0042970,NA,NA,FALSE,40,cropland
NPDB,0042971,NA,NA,FALSE,30,grassland
NPDB,0042972,NA,NA,FALSE,30,grassland
NPDB,0042973,NA,NA,FALSE,40,cropland
NPDB,0042974,NA,NA,FALSE,10,tree cover
NPDB,0042975,NA,NA,FALSE,10,tree cover
NPDB,0042976,NA,NA,FALSE,10,tree cover
NPDB,0042977,NA,NA,FALSE,30,grassland
NPDB,0042978,NA,NA,FALSE,10,tree cover
NPDB,0042979,NA,NA,FALSE,10,tree cover
NPDB,0042980,NA,NA,FALSE,40,cropland
NPDB,0042981,NA,NA,FALSE,10,tree cover
NPDB,0042984,181,permanent water,FALSE,10,tree cover
NPDB,0042985,NA,NA,FALSE,10,tree cover
NPDB,0042986,NA,NA,FALSE,10,tree cover
NPDB,0042987,NA,NA,FALSE,10,tree cover
NPDB,0042988,NA,NA,FALSE,10,tree cover
NPDB,0042989,NA,NA,FALSE,10,tree cover
NPDB,0042990,NA,NA,FALSE,30,grassland
NPDB,0042991,NA,NA,FALSE,10,tree cover
NPDB,0042993,NA,NA,FALSE,10,tree cover
NPDB,0042995,NA,NA,FALSE,10,tree cover
NPDB,0042997,181,permanent water,FALSE,10,tree cover
NPDB,0042998,NA,NA,FALSE,40,cropland
NPDB,0042999,NA,NA,FALSE,40,cropland
NPDB,0043000,NA,NA,FALSE,10,tree cover
NPDB,0043001,NA,NA,FALSE,10,tree cover
NPDB,0043002,NA,NA,FALSE,30,grassland
NPDB,0043003,NA,NA,FALSE,30,grassland
NPDB,0043004,NA,NA,FALSE,10,tree cover
NPDB,0043005,NA,NA,FALSE,10,tree cover
NPDB,0043006,NA,NA,FALSE,10,tree cover
NPDB,0043007,NA,NA,FALSE,10,tree cover
NPDB,0043008,182,swamp,TRUE,30,grassland
NPDB,0043009,181,permanent water,FALSE,20,shrubland
NPDB,0043010,NA,NA,FALSE,30,grassland
NPDB,0043011,NA,NA,FALSE,10,tree cover
NPDB,0043012,NA,NA,FALSE,10,tree cover
NPDB,0043014,NA,NA,FALSE,40,cropland
NPDB,0043015,NA,NA,FALSE,10,tree cover
NPDB,0043016,NA,NA,FALSE,10,tree cover
NPDB,0043017,NA,NA,FALSE,80,permanent water
NPDB,0043018,NA,NA,FALSE,10,tree cover
NPDB,0043019,NA,NA,FALSE,10,tree cover
NPDB,0043020,NA,NA,FALSE,10,tree cover
NPDB,0043021,NA,NA,FALSE,30,grassland
NPDB,0043022,181,permanent water,FALSE,10,tree cover
NPDB,0043023,NA,NA,FALSE,10,tree cover
NPDB,0043024,NA,NA,FALSE,40,cropland
NPDB,0043025,NA,NA,FALSE,10,tree cover
NPDB,0043026,NA,NA,FALSE,40,cropland
NPDB,0043027,NA,NA,FALSE,40,cropland
NPDB,0043031,NA,NA,FALSE,40,cropland
NPDB,0043032,NA,NA,FALSE,40,cropland
NPDB,0043033,NA,NA,FALSE,40,cropland
NPDB,0043038,NA,NA,FALSE,40,cropland
NPDB,0043039,NA,NA,FALSE,10,tree cover
NPDB,0043040,NA,NA,FALSE,40,cropland
NPDB,0043041,NA,NA,FALSE,40,cropland
NPDB,0043042,NA,NA,FALSE,10,tree cover
NPDB,0043043,NA,NA,FALSE,40,cropland
NPDB,0043044,NA,NA,FALSE,30,grassland
NPDB,0043045,NA,NA,FALSE,40,cropland
NPDB,0043046,NA,NA,FALSE,30,grassland
NPDB,0043047,NA,NA,FALSE,30,grassland
NPDB,0043048,NA,NA,FALSE,40,cropland
NPDB,0043049,NA,NA,FALSE,40,cropland
NPDB,0043050,NA,NA,FALSE,40,cropland
NPDB,0043051,NA,NA,FALSE,30,grassland
NPDB,0043052,NA,NA,FALSE,30,grassland
NPDB,0043053,NA,NA,FALSE,30,grassland
NPDB,0043054,NA,NA,FALSE,10,tree cover
NPDB,0043055,NA,NA,FALSE,10,tree cover
NPDB,0043056,NA,NA,FALSE,50,built-up
NPDB,0043058,NA,NA,FALSE,10,tree cover
NPDB,0043059,NA,NA,FALSE,10,tree cover
NPDB,0043060,NA,NA,FALSE,10,tree cover
NPDB,0043061,NA,NA,FALSE,30,grassland
NPDB,0043062,NA,NA,FALSE,10,tree cover
NPDB,0043063,NA,NA,FALSE,40,cropland
NPDB,0043064,NA,NA,FALSE,30,grassland
NPDB,0043065,NA,NA,FALSE,10,tree cover
NPDB,0043066,NA,NA,FALSE,10,tree cover
NPDB,0043067,NA,NA,FALSE,10,tree cover
NPDB,0043068,NA,NA,FALSE,10,tree cover
NPDB,0043069,NA,NA,FALSE,10,tree cover
NPDB,0043070,NA,NA,FALSE,10,tree cover
NPDB,0043071,NA,NA,FALSE,10,tree cover
NPDB,0043072,NA,NA,FALSE,10,tree cover
NPDB,0043073,NA,NA,FALSE,10,tree cover
NPDB,0043075,NA,NA,FALSE,10,tree cover
NPDB,0043076,NA,NA,FALSE,10,tree cover
NPDB,0043078,NA,NA,FALSE,10,tree cover
NPDB,0043079,181,permanent water,FALSE,10,tree cover
NPDB,0043081,NA,NA,FALSE,30,grassland
NPDB,0043082,NA,NA,FALSE,30,grassland
NPDB,0043084,NA,NA,FALSE,40,cropland
NPDB,0043085,NA,NA,FALSE,40,cropland
NPDB,0043086,NA,NA,FALSE,30,grassland
NPDB,0043087,NA,NA,FALSE,30,grassland
NPDB,0043088,NA,NA,FALSE,30,grassland
NPDB,0043090,NA,NA,FALSE,30,grassland
NPDB,0043091,NA,NA,FALSE,30,grassland
NPDB,0043092,182,swamp,TRUE,80,permanent water
NPDB,0043093,NA,NA,FALSE,30,grassland
NPDB,0043095,NA,NA,FALSE,30,grassland
NPDB,0043096,NA,NA,FALSE,30,grassland
NPDB,0043098,NA,NA,FALSE,40,cropland
NPDB,0043101,NA,NA,FALSE,10,tree cover
NPDB,0043106,NA,NA,FALSE,10,tree cover
NPDB,0043107,NA,NA,FALSE,10,tree cover
NPDB,0043108,NA,NA,FALSE,10,tree cover
NPDB,0043109,NA,NA,FALSE,40,cropland
NPDB,0043110,NA,NA,FALSE,40,cropland
NPDB,0043111,NA,NA,FALSE,40,cropland
NPDB,0043112,NA,NA,FALSE,40,cropland
NPDB,0043113,NA,NA,FALSE,40,cropland
NPDB,0043114,NA,NA,FALSE,40,cropland
NPDB,0043115,NA,NA,FALSE,30,grassland
NPDB,0043116,NA,NA,FALSE,30,grassland
NPDB,0043118,NA,NA,FALSE,40,cropland
NPDB,0043119,NA,NA,FALSE,30,grassland
NPDB,0043120,NA,NA,FALSE,40,cropland
NPDB,0043121,NA,NA,FALSE,40,cropland
NPDB,0043122,NA,NA,FALSE,40,cropland
NPDB,0043123,NA,NA,FALSE,40,cropland
NPDB,0043124,NA,NA,FALSE,40,cropland
NPDB,0043125,NA,NA,FALSE,40,cropland
NPDB,0043126,NA,NA,FALSE,40,cropland
NPDB,0043127,NA,NA,FALSE,30,grassland
NPDB,0043128,NA,NA,FALSE,10,tree cover
NPDB,0043129,NA,NA,FALSE,40,cropland
NPDB,0043130,NA,NA,FALSE,30,grassland
NPDB,0043131,NA,NA,FALSE,30,grassland
NPDB,0043132,NA,NA,FALSE,40,cropland
NPDB,0043133,NA,NA,FALSE,40,cropland
NPDB,0043134,NA,NA,FALSE,30,grassland
NPDB,0043135,NA,NA,FALSE,40,cropland
NPDB,0043136,180,non-wetland,FALSE,80,permanent water
NPDB,0043137,NA,NA,FALSE,40,cropland
NPDB,0043138,NA,NA,FALSE,40,cropland
NPDB,0043139,182,swamp,TRUE,80,permanent water
NPDB,0043140,NA,NA,FALSE,40,cropland
NPDB,0043141,NA,NA,FALSE,40,cropland
NPDB,0043142,NA,NA,FALSE,40,cropland
NPDB,0043143,NA,NA,FALSE,40,cropland
NPDB,0043144,NA,NA,FALSE,40,cropland
NPDB,0043145,NA,NA,FALSE,30,grassland
NPDB,0043146,NA,NA,FALSE,40,cropland
NPDB,0043147,NA,NA,FALSE,40,cropland
NPDB,0043148,NA,NA,FALSE,40,cropland
NPDB,0043149,NA,NA,FALSE,40,cropland
NPDB,0043150,NA,NA,FALSE,40,cropland
NPDB,0043151,NA,NA,FALSE,10,tree cover
NPDB,0043152,NA,NA,FALSE,30,grassland
NPDB,0043153,NA,NA,FALSE,10,tree cover
NPDB,0043154,NA,NA,FALSE,10,tree cover
NPDB,0043155,NA,NA,FALSE,30,grassland
NPDB,0043156,NA,NA,FALSE,10,tree cover
NPDB,0043157,NA,NA,FALSE,10,tree cover
NPDB,0043159,NA,NA,FALSE,30,grassland
NPDB,0043160,NA,NA,FALSE,10,tree cover
NPDB,0043161,180,non-wetland,FALSE,80,permanent water
NPDB,0043162,NA,NA,FALSE,20,shrubland
NPDB,0043163,181,permanent water,FALSE,90,herbaceous wetland
NPDB,0043164,181,permanent water,FALSE,20,shrubland
NPDB,0043165,180,non-wetland,FALSE,80,permanent water
NPDB,0043166,NA,NA,FALSE,30,grassland
NPDB,0043167,NA,NA,FALSE,10,tree cover
NPDB,0043168,NA,NA,FALSE,10,tree cover
NPDB,0043169,NA,NA,FALSE,10,tree cover
NPDB,0043170,NA,NA,FALSE,10,tree cover
NPDB,0043171,NA,NA,FALSE,10,tree cover
NPDB,0043173,NA,NA,FALSE,10,tree cover
NPDB,0043174,NA,NA,FALSE,10,tree cover
NPDB,0043175,NA,NA,FALSE,30,grassland
NPDB,0043176,182,swamp,TRUE,10,tree cover
NPDB,0043177,NA,NA,FALSE,10,tree cover
NPDB,0043178,NA,NA,FALSE,30,grassland
NPDB,0043179,NA,NA,FALSE,10,tree cover
NPDB,0043180,NA,NA,FALSE,10,tree cover
NPDB,0043181,NA,NA,FALSE,90,herbaceous wetland
NPDB,0043182,NA,NA,FALSE,30,grassland
NPDB,0043183,NA,NA,FALSE,80,permanent water
NPDB,0043184,NA,NA,FALSE,30,grassland
NPDB,0043185,NA,NA,FALSE,30,grassland
NPDB,0043186,NA,NA,FALSE,10,tree cover
NPDB,0043187,NA,NA,FALSE,10,tree cover
NPDB,0043188,NA,NA,FALSE,10,tree cover
NPDB,0043189,NA,NA,FALSE,10,tree cover
NPDB,0043190,NA,NA,FALSE,10,tree cover
NPDB,0043191,NA,NA,FALSE,40,cropland
NPDB,0043192,NA,NA,FALSE,10,tree cover
NPDB,0043193,181,permanent water,FALSE,20,shrubland
NPDB,0043194,NA,NA,FALSE,10,tree cover
NPDB,0043195,NA,NA,FALSE,10,tree cover
NPDB,0043196,NA,NA,FALSE,10,tree cover
NPDB,0043197,NA,NA,FALSE,10,tree cover
NPDB,0043198,NA,NA,FALSE,20,shrubland
NPDB,0043199,NA,NA,FALSE,10,tree cover
NPDB,0043200,NA,NA,FALSE,10,tree cover
NPDB,0043201,NA,NA,FALSE,10,tree cover
NPDB,0043202,181,permanent water,FALSE,10,tree cover
NPDB,0043203,NA,NA,FALSE,10,tree cover
NPDB,0043204,NA,NA,FALSE,10,tree cover
NPDB,0043205,NA,NA,FALSE,10,tree cover
NPDB,0043211,NA,NA,FALSE,30,grassland
NPDB,0043213,NA,NA,FALSE,10,tree cover
NPDB,0043218,NA,NA,FALSE,20,shrubland
NPDB,0043223,181,permanent water,FALSE,10,tree cover
NPDB,0043224,182,swamp,TRUE,90,herbaceous wetland
NPDB,0043225,182,swamp,TRUE,30,grassland
NPDB,0043226,182,swamp,TRUE,90,herbaceous wetland
NPDB,0043227,NA,NA,FALSE,20,shrubland
NPDB,0043228,181,permanent water,FALSE,20,shrubland
NPDB,0043229,NA,NA,FALSE,10,tree cover
NPDB,0043230,181,permanent water,FALSE,20,shrubland
NPDB,0043231,181,permanent water,FALSE,20,shrubland
NPDB,0043232,NA,NA,FALSE,30,grassland
NPDB,0043233,180,non-wetland,FALSE,80,permanent water
NPDB,0043234,NA,NA,FALSE,10,tree cover
NPDB,0043235,180,non-wetland,FALSE,80,permanent water
NPDB,0043236,NA,NA,FALSE,10,tree cover
NPDB,0043237,NA,NA,FALSE,10,tree cover
NPDB,0043238,NA,NA,FALSE,40,cropland
NPDB,0043239,NA,NA,FALSE,30,grassland
NPDB,0043240,NA,NA,FALSE,40,cropland
NPDB,0043241,NA,NA,FALSE,40,cropland
NPDB,0043245,NA,NA,FALSE,10,tree cover
NPDB,0043248,NA,NA,FALSE,40,cropland
NPDB,0043249,NA,NA,FALSE,10,tree cover
NPDB,0043250,NA,NA,FALSE,40,cropland
NPDB,0043251,NA,NA,FALSE,30,grassland
NPDB,0043252,NA,NA,FALSE,30,grassland
NPDB,0043253,181,permanent water,FALSE,20,shrubland
NPDB,0043254,182,swamp,TRUE,30,grassland
NPDB,0043255,181,permanent water,FALSE,20,shrubland
NPDB,0043256,182,swamp,TRUE,90,herbaceous wetland
NPDB,0043257,181,permanent water,FALSE,20,shrubland
NPDB,0043258,181,permanent water,FALSE,90,herbaceous wetland
NPDB,0043261,181,permanent water,FALSE,10,tree cover
NPDB,0043262,NA,NA,FALSE,10,tree cover
NPDB,0043263,181,permanent water,FALSE,10,tree cover
NPDB,0043279,NA,NA,FALSE,10,tree cover
NPDB,0043280,NA,NA,FALSE,10,tree cover
NPDB,0043281,NA,NA,FALSE,10,tree cover
NPDB,0043282,NA,NA,FALSE,10,tree cover
NPDB,0043283,NA,NA,FALSE,30,grassland
NPDB,0043284,NA,NA,FALSE,10,tree cover
NPDB,0043285,NA,NA,FALSE,10,tree cover
NPDB,0043286,NA,NA,FALSE,10,tree cover
NPDB,0043287,NA,NA,FALSE,10,tree cover
NPDB,0043288,NA,NA,FALSE,10,tree cover
NPDB,0043289,NA,NA,FALSE,10,tree cover
NPDB,0043290,180,non-wetland,FALSE,80,permanent water
NPDB,0043291,NA,NA,FALSE,10,tree cover
NPDB,0043292,180,non-wetland,FALSE,80,permanent water
NPDB,0043293,NA,NA,FALSE,10,tree cover
NPDB,0043294,180,non-wetland,FALSE,80,permanent water
NPDB,0043295,180,non-wetland,FALSE,80,permanent water
NPDB,0043296,NA,NA,FALSE,10,tree cover
NPDB,0043297,NA,NA,FALSE,10,tree cover
NPDB,0043298,180,non-wetland,FALSE,80,permanent water
NPDB,0043299,NA,NA,FALSE,80,permanent water
NPDB,0043300,NA,NA,FALSE,10,tree cover
NPDB,0043301,NA,NA,FALSE,30,grassland
NPDB,0043302,NA,NA,FALSE,20,shrubland
NPDB,0043303,NA,NA,FALSE,30,grassland
NPDB,0043304,NA,NA,FALSE,10,tree cover
NPDB,0043305,NA,NA,FALSE,10,tree cover
NPDB,0043306,NA,NA,FALSE,10,tree cover
NPDB,0043307,NA,NA,FALSE,10,tree cover
NPDB,0043308,NA,NA,FALSE,10,tree cover
NPDB,0043310,180,non-wetland,FALSE,80,permanent water
NPDB,0043311,NA,NA,FALSE,10,tree cover
NPDB,0043312,NA,NA,FALSE,10,tree cover
NPDB,0043313,NA,NA,FALSE,20,shrubland
NPDB,0043314,180,non-wetland,FALSE,80,permanent water
NPDB,0043315,NA,NA,FALSE,20,shrubland
NPDB,0043316,NA,NA,FALSE,10,tree cover
NPDB,0043317,NA,NA,FALSE,20,shrubland
NPDB,0043318,NA,NA,FALSE,20,shrubland
NPDB,0043320,NA,NA,FALSE,10,tree cover
NPDB,0043321,NA,NA,FALSE,20,shrubland
NPDB,0043322,NA,NA,FALSE,20,shrubland
NPDB,0043323,181,permanent water,FALSE,90,herbaceous wetland
NPDB,0043324,NA,NA,FALSE,30,grassland
NPDB,0043325,180,non-wetland,FALSE,80,permanent water
NPDB,0043327,NA,NA,FALSE,20,shrubland
NPDB,0043328,181,permanent water,FALSE,20,shrubland
NPDB,0043329,NA,NA,FALSE,10,tree cover
NPDB,0043331,NA,NA,FALSE,10,tree cover
NPDB,0043332,NA,NA,FALSE,30,grassland
NPDB,0043333,NA,NA,FALSE,10,tree cover
NPDB,0043334,NA,NA,FALSE,10,tree cover
NPDB,0043335,181,permanent water,FALSE,10,tree cover
NPDB,0043336,NA,NA,FALSE,10,tree cover
NPDB,0043337,182,swamp,TRUE,30,grassland
NPDB,0043338,NA,NA,FALSE,10,tree cover
NPDB,0043340,NA,NA,FALSE,10,tree cover
NPDB,0043341,181,permanent water,FALSE,20,shrubland
NPDB,0043343,180,non-wetland,FALSE,80,permanent water
NPDB,0043344,NA,NA,FALSE,30,grassland
NPDB,0043345,180,non-wetland,FALSE,80,permanent water
NPDB,0043346,NA,NA,FALSE,10,tree cover
NPDB,0043347,NA,NA,FALSE,10,tree cover
NPDB,0043348,180,non-wetland,FALSE,80,permanent water
NPDB,0043349,180,non-wetland,FALSE,80,permanent water
NPDB,0043350,NA,NA,FALSE,10,tree cover
NPDB,0043354,181,permanent water,FALSE,30,grassland
NPDB,0043355,NA,NA,FALSE,10,tree cover
NPDB,0043356,NA,NA,FALSE,10,tree cover
NPDB,0043358,181,permanent water,FALSE,20,shrubland
NPDB,0043359,181,permanent water,FALSE,90,herbaceous wetland
NPDB,0043361,180,non-wetland,FALSE,80,permanent water
NPDB,0043362,181,permanent water,FALSE,30,grassland
NPDB,0043363,NA,NA,FALSE,10,tree cover
NPDB,0043364,NA,NA,FALSE,30,grassland
NPDB,0043366,NA,NA,FALSE,10,tree cover
NPDB,0043367,NA,NA,FALSE,10,tree cover
NPDB,0043368,NA,NA,FALSE,30,grassland
NPDB,0043369,NA,NA,FALSE,10,tree cover
NPDB,0043371,NA,NA,FALSE,10,tree cover
NPDB,0043372,NA,NA,FALSE,30,grassland
NPDB,0043374,180,non-wetland,FALSE,80,permanent water
NPDB,0043375,NA,NA,FALSE,10,tree cover
NPDB,0043377,NA,NA,FALSE,50,built-up
NPDB,0043378,NA,NA,FALSE,30,grassland
NPDB,0043379,NA,NA,FALSE,10,tree cover
NPDB,0043380,NA,NA,FALSE,10,tree cover
NPDB,0043381,NA,NA,FALSE,10,tree cover
NPDB,0043382,NA,NA,FALSE,30,grassland
NPDB,0043383,NA,NA,FALSE,30,grassland
NPDB,0043385,NA,NA,FALSE,30,grassland
NPDB,0043386,NA,NA,FALSE,10,tree cover
NPDB,0043387,NA,NA,FALSE,10,tree cover
NPDB,0043388,NA,NA,FALSE,30,grassland
NPDB,0043389,NA,NA,FALSE,10,tree cover
NPDB,0043390,NA,NA,FALSE,10,tree cover
NPDB,0043391,NA,NA,FALSE,10,tree cover
NPDB,0043392,NA,NA,FALSE,10,tree cover
NPDB,0043393,NA,NA,FALSE,10,tree cover
NPDB,0043394,NA,NA,FALSE,10,tree cover
NPDB,0043395,NA,NA,FALSE,10,tree cover
NPDB,0043396,NA,NA,FALSE,10,tree cover
NPDB,0043397,180,non-wetland,FALSE,80,permanent water
NPDB,0043399,NA,NA,FALSE,10,tree cover
NPDB,0043400,NA,NA,FALSE,40,cropland
NPDB,0043401,NA,NA,FALSE,30,grassland
NPDB,0043402,NA,NA,FALSE,30,grassland
NPDB,0043403,NA,NA,FALSE,30,grassland
NPDB,0043404,NA,NA,FALSE,30,grassland
NPDB,0043405,NA,NA,FALSE,30,grassland
NPDB,0043406,NA,NA,FALSE,30,grassland
NPDB,0043407,NA,NA,FALSE,10,tree cover
NPDB,0043408,NA,NA,FALSE,10,tree cover
NPDB,0043409,NA,NA,FALSE,10,tree cover
NPDB,0043410,NA,NA,FALSE,10,tree cover
NPDB,0043411,NA,NA,FALSE,40,cropland
NPDB,0043412,NA,NA,FALSE,10,tree cover
NPDB,0043413,NA,NA,FALSE,10,tree cover
NPDB,0043416,NA,NA,FALSE,50,built-up
NPDB,0043417,NA,NA,FALSE,20,shrubland
NPDB,0043418,NA,NA,FALSE,20,shrubland
NPDB,0043419,NA,NA,FALSE,90,herbaceous wetland
NPDB,0043420,NA,NA,FALSE,90,herbaceous wetland
NPDB,0043422,NA,NA,FALSE,10,tree cover
NPDB,0043424,182,swamp,TRUE,90,herbaceous wetland
NPDB,0043425,182,swamp,TRUE,90,herbaceous wetland
NPDB,0043427,NA,NA,FALSE,20,shrubland
NPDB,0043429,NA,NA,FALSE,10,tree cover
NPDB,0043430,NA,NA,FALSE,10,tree cover
NPDB,0043431,NA,NA,FALSE,10,tree cover
NPDB,0043432,182,swamp,TRUE,90,herbaceous wetland
NPDB,0043433,NA,NA,FALSE,10,tree cover
NPDB,0043434,182,swamp,TRUE,90,herbaceous wetland
NPDB,0043435,NA,NA,FALSE,20,shrubland
NPDB,0043436,181,permanent water,FALSE,90,herbaceous wetland
NPDB,0043438,NA,NA,FALSE,20,shrubland
NPDB,0043439,NA,NA,FALSE,20,shrubland
NPDB,0043441,182,swamp,TRUE,20,shrubland
NPDB,0043442,182,swamp,TRUE,90,herbaceous wetland
NPDB,0043444,NA,NA,FALSE,90,herbaceous wetland
NPDB,0043445,NA,NA,FALSE,90,herbaceous wetland
NPDB,0043446,NA,NA,FALSE,30,grassland
NPDB,0043447,NA,NA,FALSE,90,herbaceous wetland
NPDB,0043449,182,swamp,TRUE,90,herbaceous wetland
NPDB,0043450,182,swamp,TRUE,20,shrubland
NPDB,0043451,182,swamp,TRUE,90,herbaceous wetland
NPDB,0043453,NA,NA,FALSE,20,shrubland
NPDB,0043454,NA,NA,FALSE,20,shrubland
NPDB,0043455,181,permanent water,FALSE,90,herbaceous wetland
NPDB,0043456,NA,NA,FALSE,10,tree cover
NPDB,0043458,182,swamp,TRUE,20,shrubland
NPDB,0043459,181,permanent water,FALSE,20,shrubland
NPDB,0043460,182,swamp,TRUE,90,herbaceous wetland
NPDB,0043461,NA,NA,FALSE,20,shrubland
NPDB,0043462,NA,NA,FALSE,90,herbaceous wetland
NPDB,0043465,NA,NA,FALSE,30,grassland
NPDB,0043466,182,swamp,TRUE,10,tree cover
NPDB,0043467,181,permanent water,FALSE,90,herbaceous wetland
NPDB,0043469,182,swamp,TRUE,30,grassland
NPDB,0043470,181,permanent water,FALSE,20,shrubland
NPDB,0043471,182,swamp,TRUE,20,shrubland
NPDB,0043472,NA,NA,FALSE,20,shrubland
NPDB,0043475,182,swamp,TRUE,90,herbaceous wetland
NPDB,0043476,NA,NA,FALSE,20,shrubland
NPDB,0043477,NA,NA,FALSE,20,shrubland
NPDB,0043479,NA,NA,FALSE,10,tree cover
NPDB,0043481,NA,NA,FALSE,10,tree cover
NPDB,0043484,NA,NA,FALSE,30,grassland
NPDB,0043491,NA,NA,FALSE,10,tree cover
NPDB,0043492,181,permanent water,FALSE,20,shrubland
NPDB,0043493,NA,NA,FALSE,10,tree cover
NPDB,0043495,NA,NA,FALSE,30,grassland
NPDB,0043496,NA,NA,FALSE,10,tree cover
NPDB,0043499,NA,NA,FALSE,20,shrubland
NPDB,0043500,NA,NA,FALSE,20,shrubland
NPDB,0043501,NA,NA,FALSE,20,shrubland
NPDB,0043502,NA,NA,FALSE,30,grassland
NPDB,0043503,NA,NA,FALSE,10,tree cover
NPDB,0043504,NA,NA,FALSE,10,tree cover
NPDB,0043505,NA,NA,FALSE,20,shrubland
NPDB,0043506,NA,NA,FALSE,10,tree cover
NPDB,0043508,NA,NA,FALSE,20,shrubland
NPDB,0043509,NA,NA,FALSE,10,tree cover
NPDB,0043510,NA,NA,FALSE,30,grassland
NPDB,0043511,NA,NA,FALSE,20,shrubland
NPDB,0043512,181,permanent water,FALSE,20,shrubland
NPDB,0043513,NA,NA,FALSE,20,shrubland
NPDB,0043514,NA,NA,FALSE,10,tree cover
NPDB,0043515,NA,NA,FALSE,20,shrubland
NPDB,0043516,NA,NA,FALSE,20,shrubland
NPDB,0043517,NA,NA,FALSE,10,tree cover
NPDB,0043519,NA,NA,FALSE,30,grassland
NPDB,0043521,NA,NA,FALSE,30,grassland
NPDB,0043522,NA,NA,FALSE,30,grassland
NPDB,0043523,NA,NA,FALSE,30,grassland
NPDB,0043524,NA,NA,FALSE,10,tree cover
NPDB,0043525,NA,NA,FALSE,20,shrubland
NPDB,0043526,NA,NA,FALSE,10,tree cover
NPDB,0043527,NA,NA,FALSE,30,grassland
NPDB,0043528,NA,NA,FALSE,10,tree cover
NPDB,0043529,NA,NA,FALSE,20,shrubland
NPDB,0043530,NA,NA,FALSE,10,tree cover
NPDB,0043531,NA,NA,FALSE,20,shrubland
NPDB,0043533,NA,NA,FALSE,20,shrubland
NPDB,0043534,NA,NA,FALSE,20,shrubland
NPDB,0043535,NA,NA,FALSE,10,tree cover
NPDB,0043536,NA,NA,FALSE,10,tree cover
NPDB,0043537,NA,NA,FALSE,20,shrubland
NPDB,0043539,NA,NA,FALSE,30,grassland
NPDB,0043540,NA,NA,FALSE,10,tree cover
NPDB,0043541,NA,NA,FALSE,30,grassland
NPDB,0043542,NA,NA,FALSE,20,shrubland
NPDB,0043543,NA,NA,FALSE,10,tree cover
NPDB,0043544,NA,NA,FALSE,10,tree cover
NPDB,0043545,NA,NA,FALSE,10,tree cover
NPDB,0043548,NA,NA,FALSE,10,tree cover
NPDB,0043549,NA,NA,FALSE,30,grassland
NPDB,0043550,NA,NA,FALSE,10,tree cover
NPDB,0043551,NA,NA,FALSE,10,tree cover
NPDB,0043552,NA,NA,FALSE,10,tree cover
NPDB,0043553,NA,NA,FALSE,40,cropland
NPDB,0043554,NA,NA,FALSE,10,tree cover
NPDB,0043555,NA,NA,FALSE,10,tree cover
NPDB,0043556,NA,NA,FALSE,40,cropland
NPDB,0043557,NA,NA,FALSE,10,tree cover
NPDB,0043558,NA,NA,FALSE,30,grassland
NPDB,0043560,NA,NA,FALSE,30,grassland
NPDB,0043561,NA,NA,FALSE,30,grassland
NPDB,0043562,NA,NA,FALSE,10,tree cover
NPDB,0043563,NA,NA,FALSE,40,cropland
NPDB,0043564,NA,NA,FALSE,10,tree cover
NPDB,0043565,NA,NA,FALSE,30,grassland
NPDB,0043566,NA,NA,FALSE,40,cropland
NPDB,0043567,NA,NA,FALSE,40,cropland
NPDB,0043569,NA,NA,FALSE,30,grassland
NPDB,0043570,NA,NA,FALSE,10,tree cover
NPDB,0043571,NA,NA,FALSE,40,cropland
NPDB,0043572,NA,NA,FALSE,30,grassland
NPDB,0043573,NA,NA,FALSE,10,tree cover
NPDB,0043574,182,swamp,TRUE,30,grassland
NPDB,0043576,NA,NA,FALSE,40,cropland
NPDB,0043577,NA,NA,FALSE,40,cropland
NPDB,0043578,NA,NA,FALSE,10,tree cover
NPDB,0043579,NA,NA,FALSE,40,cropland
NPDB,0043580,NA,NA,FALSE,10,tree cover
NPDB,0043581,NA,NA,FALSE,20,shrubland
NPDB,0043583,NA,NA,FALSE,30,grassland
NPDB,0043585,NA,NA,FALSE,40,cropland
NPDB,0043588,NA,NA,FALSE,10,tree cover
NPDB,0043589,NA,NA,FALSE,30,grassland
NPDB,0043590,NA,NA,FALSE,30,grassland
NPDB,0043591,NA,NA,FALSE,30,grassland
NPDB,0043592,NA,NA,FALSE,40,cropland
NPDB,0043593,NA,NA,FALSE,40,cropland
NPDB,0043594,NA,NA,FALSE,30,grassland
NPDB,0043595,NA,NA,FALSE,30,grassland
NPDB,0043596,NA,NA,FALSE,30,grassland
NPDB,0043597,NA,NA,FALSE,50,built-up
NPDB,0043598,NA,NA,FALSE,30,grassland
NPDB,0043599,NA,NA,FALSE,30,grassland
NPDB,0043600,NA,NA,FALSE,30,grassland
NPDB,0043601,NA,NA,FALSE,30,grassland
NPDB,0043602,NA,NA,FALSE,40,cropland
NPDB,0043603,NA,NA,FALSE,30,grassland
NPDB,0043604,180,non-wetland,FALSE,30,grassland
NPDB,0043605,NA,NA,FALSE,40,cropland
NPDB,0043606,NA,NA,FALSE,40,cropland
NPDB,0043608,NA,NA,FALSE,40,cropland
NPDB,0043609,NA,NA,FALSE,40,cropland
NPDB,0043610,NA,NA,FALSE,30,grassland
NPDB,0043611,NA,NA,FALSE,40,cropland
NPDB,0043612,NA,NA,FALSE,40,cropland
NPDB,0043613,NA,NA,FALSE,10,tree cover
NPDB,0043614,NA,NA,FALSE,40,cropland
NPDB,0043615,NA,NA,FALSE,30,grassland
NPDB,0043616,NA,NA,FALSE,30,grassland
NPDB,0043617,NA,NA,FALSE,30,grassland
NPDB,0043618,NA,NA,FALSE,40,cropland
NPDB,0043619,NA,NA,FALSE,10,tree cover
NPDB,0043620,180,non-wetland,FALSE,80,permanent water
NPDB,0043621,180,non-wetland,FALSE,80,permanent water
NPDB,0043622,NA,NA,FALSE,20,shrubland
NPDB,0043623,NA,NA,FALSE,30,grassland
NPDB,0043624,NA,NA,FALSE,10,tree cover
NPDB,0043625,180,non-wetland,FALSE,80,permanent water
NPDB,0043626,NA,NA,FALSE,10,tree cover
NPDB,0043627,NA,NA,FALSE,10,tree cover
NPDB,0043628,NA,NA,FALSE,10,tree cover
NPDB,0043629,NA,NA,FALSE,10,tree cover
NPDB,0043630,NA,NA,FALSE,10,tree cover
NPDB,0043631,NA,NA,FALSE,40,cropland
NPDB,0043632,NA,NA,FALSE,10,tree cover
NPDB,0043633,180,non-wetland,FALSE,80,permanent water
NPDB,0043635,NA,NA,FALSE,10,tree cover
NPDB,0043636,NA,NA,FALSE,10,tree cover
NPDB,0043637,181,permanent water,FALSE,20,shrubland
NPDB,0043638,181,permanent water,FALSE,30,grassland
NPDB,0043639,181,permanent water,FALSE,30,grassland
NPDB,0043641,181,permanent water,FALSE,20,shrubland
NPDB,0043642,NA,NA,FALSE,10,tree cover
NPDB,0043644,NA,NA,FALSE,10,tree cover
NPDB,0043645,NA,NA,FALSE,10,tree cover
NPDB,0043647,NA,NA,FALSE,10,tree cover
NPDB,0043648,NA,NA,FALSE,10,tree cover
NPDB,0043649,NA,NA,FALSE,10,tree cover
NPDB,0043650,182,swamp,TRUE,30,grassland
NPDB,0043651,NA,NA,FALSE,30,grassland
NPDB,0043652,181,permanent water,FALSE,20,shrubland
NPDB,0043653,NA,NA,FALSE,10,tree cover
NPDB,0043654,NA,NA,FALSE,10,tree cover
NPDB,0043655,180,non-wetland,FALSE,80,permanent water
NPDB,0043656,NA,NA,FALSE,10,tree cover
NPDB,0043657,NA,NA,FALSE,10,tree cover
NPDB,0043658,NA,NA,FALSE,30,grassland
NPDB,0043659,NA,NA,FALSE,10,tree cover
NPDB,0043660,NA,NA,FALSE,30,grassland
NPDB,0043661,NA,NA,FALSE,10,tree cover
NPDB,0043663,NA,NA,FALSE,10,tree cover
NPDB,0043664,180,non-wetland,FALSE,80,permanent water
NPDB,0043665,NA,NA,FALSE,20,shrubland
NPDB,0043666,181,permanent water,FALSE,10,tree cover
NPDB,0043667,NA,NA,FALSE,10,tree cover
NPDB,0043668,NA,NA,FALSE,10,tree cover
NPDB,0043670,NA,NA,FALSE,20,shrubland
NPDB,0043672,NA,NA,FALSE,10,tree cover
NPDB,0043673,NA,NA,FALSE,10,tree cover
NPDB,0043674,NA,NA,FALSE,10,tree cover
NPDB,0043675,NA,NA,FALSE,10,tree cover
NPDB,0043676,NA,NA,FALSE,10,tree cover
NPDB,0043677,NA,NA,FALSE,10,tree cover
NPDB,0043678,181,permanent water,FALSE,20,shrubland
NPDB,0043679,NA,NA,FALSE,10,tree cover
NPDB,0043680,NA,NA,FALSE,10,tree cover
NPDB,0043682,NA,NA,FALSE,10,tree cover
NPDB,0043683,181,permanent water,FALSE,20,shrubland
NPDB,0043684,NA,NA,FALSE,10,tree cover
NPDB,0043685,NA,NA,FALSE,10,tree cover
NPDB,0043686,NA,NA,FALSE,20,shrubland
NPDB,0043687,181,permanent water,FALSE,20,shrubland
NPDB,0043688,181,permanent water,FALSE,20,shrubland
NPDB,0043689,NA,NA,FALSE,10,tree cover
NPDB,0043690,NA,NA,FALSE,10,tree cover
NPDB,0043691,NA,NA,FALSE,10,tree cover
NPDB,0043692,NA,NA,FALSE,10,tree cover
NPDB,0043693,NA,NA,FALSE,10,tree cover
NPDB,0043694,NA,NA,FALSE,10,tree cover
NPDB,0043695,NA,NA,FALSE,10,tree cover
NPDB,0043696,NA,NA,FALSE,20,shrubland
NPDB,0043697,NA,NA,FALSE,10,tree cover
NPDB,0043698,180,non-wetland,FALSE,80,permanent water
NPDB,0043699,181,permanent water,FALSE,20,shrubland
NPDB,0043700,NA,NA,FALSE,10,tree cover
NPDB,0043701,NA,NA,FALSE,10,tree cover
NPDB,0043702,181,permanent water,FALSE,10,tree cover
NPDB,0043703,181,permanent water,FALSE,20,shrubland
NPDB,0043704,NA,NA,FALSE,10,tree cover
NPDB,0043705,NA,NA,FALSE,30,grassland
NPDB,0043706,NA,NA,FALSE,20,shrubland
NPDB,0043707,181,permanent water,FALSE,20,shrubland
NPDB,0043708,NA,NA,FALSE,80,permanent water
NPDB,0043709,NA,NA,FALSE,20,shrubland
NPDB,0043710,NA,NA,FALSE,40,cropland
NPDB,0043711,NA,NA,FALSE,40,cropland
NPDB,0043712,NA,NA,FALSE,40,cropland
NPDB,0043713,NA,NA,FALSE,40,cropland
NPDB,0043714,NA,NA,FALSE,30,grassland
NPDB,0043715,NA,NA,FALSE,40,cropland
NPDB,0043716,NA,NA,FALSE,30,grassland
NPDB,0043717,NA,NA,FALSE,30,grassland
NPDB,0043718,NA,NA,FALSE,40,cropland
NPDB,0043719,NA,NA,FALSE,30,grassland
NPDB,0043720,NA,NA,FALSE,10,tree cover
NPDB,0043721,NA,NA,FALSE,30,grassland
NPDB,0043722,NA,NA,FALSE,30,grassland
NPDB,0043723,NA,NA,FALSE,40,cropland
NPDB,0043724,NA,NA,FALSE,40,cropland
NPDB,0043725,NA,NA,FALSE,40,cropland
NPDB,0043726,NA,NA,FALSE,10,tree cover
NPDB,0043729,NA,NA,FALSE,30,grassland
NPDB,0043732,NA,NA,FALSE,10,tree cover
NPDB,0043733,180,non-wetland,FALSE,80,permanent water
NPDB,0043734,NA,NA,FALSE,10,tree cover
NPDB,0043735,181,permanent water,FALSE,20,shrubland
NPDB,0043736,181,permanent water,FALSE,20,shrubland
NPDB,0043737,NA,NA,FALSE,10,tree cover
NPDB,0043738,NA,NA,FALSE,10,tree cover
NPDB,0043739,NA,NA,FALSE,10,tree cover
NPDB,0043740,181,permanent water,FALSE,20,shrubland
NPDB,0043741,NA,NA,FALSE,10,tree cover
NPDB,0043742,181,permanent water,FALSE,20,shrubland
NPDB,0043743,NA,NA,FALSE,10,tree cover
NPDB,0043744,181,permanent water,FALSE,30,grassland
NPDB,0043745,NA,NA,FALSE,10,tree cover
NPDB,0043746,NA,NA,FALSE,10,tree cover
NPDB,0043747,NA,NA,FALSE,10,tree cover
NPDB,0043748,NA,NA,FALSE,10,tree cover
NPDB,0043749,180,non-wetland,FALSE,80,permanent water
NPDB,0043750,NA,NA,FALSE,10,tree cover
NPDB,0043752,NA,NA,FALSE,10,tree cover
NPDB,0043754,NA,NA,FALSE,10,tree cover
NPDB,0043755,NA,NA,FALSE,10,tree cover
NPDB,0043756,180,non-wetland,FALSE,80,permanent water
NPDB,0043757,181,permanent water,FALSE,20,shrubland
NPDB,0043758,180,non-wetland,FALSE,80,permanent water
NPDB,0043759,NA,NA,FALSE,10,tree cover
NPDB,0043760,NA,NA,FALSE,30,grassland
NPDB,0043761,NA,NA,FALSE,10,tree cover
NPDB,0043762,NA,NA,FALSE,10,tree cover
NPDB,0043763,NA,NA,FALSE,30,grassland
NPDB,0043765,NA,NA,FALSE,20,shrubland
NPDB,0043766,NA,NA,FALSE,10,tree cover
NPDB,0043767,NA,NA,FALSE,10,tree cover
NPDB,0043768,NA,NA,FALSE,10,tree cover
NPDB,0043769,181,permanent water,FALSE,20,shrubland
NPDB,0043771,NA,NA,FALSE,10,tree cover
NPDB,0043772,181,permanent water,FALSE,30,grassland
NPDB,0043773,NA,NA,FALSE,10,tree cover
NPDB,0043775,NA,NA,FALSE,10,tree cover
NPDB,0043776,181,permanent water,FALSE,20,shrubland
NPDB,0043777,180,non-wetland,FALSE,80,permanent water
NPDB,0043779,NA,NA,FALSE,10,tree cover
NPDB,0043781,NA,NA,FALSE,30,grassland
NPDB,0043782,NA,NA,FALSE,10,tree cover
NPDB,0043783,181,permanent water,FALSE,20,shrubland
NPDB,0043785,181,permanent water,FALSE,20,shrubland
NPDB,0043786,NA,NA,FALSE,10,tree cover
NPDB,0043787,NA,NA,FALSE,10,tree cover
NPDB,0043790,181,permanent water,FALSE,10,tree cover
NPDB,0043791,180,non-wetland,FALSE,80,permanent water
NPDB,0043792,NA,NA,FALSE,10,tree cover
NPDB,0043793,NA,NA,FALSE,10,tree cover
NPDB,0043794,NA,NA,FALSE,10,tree cover
NPDB,0043796,NA,NA,FALSE,10,tree cover
NPDB,0043797,NA,NA,FALSE,10,tree cover
NPDB,0043798,181,permanent water,FALSE,20,shrubland
NPDB,0043799,NA,NA,FALSE,10,tree cover
NPDB,0043800,180,non-wetland,FALSE,80,permanent water
NPDB,0043801,181,permanent water,FALSE,20,shrubland
NPDB,0043802,NA,NA,FALSE,10,tree cover
NPDB,0043803,NA,NA,FALSE,10,tree cover
NPDB,0043804,NA,NA,FALSE,10,tree cover
NPDB,0043805,NA,NA,FALSE,10,tree cover
NPDB,0043807,NA,NA,FALSE,10,tree cover
NPDB,0043808,NA,NA,FALSE,10,tree cover
NPDB,0043809,NA,NA,FALSE,10,tree cover
NPDB,0043810,180,non-wetland,FALSE,80,permanent water
NPDB,0043811,NA,NA,FALSE,10,tree cover
NPDB,0043812,NA,NA,FALSE,10,tree cover
NPDB,0043813,NA,NA,FALSE,10,tree cover
NPDB,0043814,182,swamp,TRUE,90,herbaceous wetland
NPDB,0043816,NA,NA,FALSE,40,cropland
NPDB,0043817,NA,NA,FALSE,30,grassland
NPDB,0043818,180,non-wetland,FALSE,80,permanent water
NPDB,0043819,NA,NA,FALSE,30,grassland
NPDB,0043820,NA,NA,FALSE,10,tree cover
NPDB,0043821,180,non-wetland,FALSE,80,permanent water
NPDB,0043822,NA,NA,FALSE,40,cropland
NPDB,0043823,NA,NA,FALSE,10,tree cover
NPDB,0043824,NA,NA,FALSE,30,grassland
NPDB,0043825,NA,NA,FALSE,10,tree cover
NPDB,0043826,NA,NA,FALSE,40,cropland
NPDB,0043827,NA,NA,FALSE,40,cropland
NPDB,0043828,NA,NA,FALSE,30,grassland
NPDB,0043829,NA,NA,FALSE,50,built-up
NPDB,0043830,NA,NA,FALSE,10,tree cover
NPDB,0043831,NA,NA,FALSE,30,grassland
NPDB,0043832,NA,NA,FALSE,30,grassland
NPDB,0043833,NA,NA,FALSE,30,grassland
NPDB,0043834,NA,NA,FALSE,10,tree cover
NPDB,0043835,NA,NA,FALSE,30,grassland
NPDB,0043836,NA,NA,FALSE,10,tree cover
NPDB,0043837,NA,NA,FALSE,40,cropland
NPDB,0043838,NA,NA,FALSE,30,grassland
NPDB,0043839,181,permanent water,FALSE,20,shrubland
NPDB,0043840,NA,NA,FALSE,30,grassland
NPDB,0043841,NA,NA,FALSE,10,tree cover
NPDB,0043842,NA,NA,FALSE,30,grassland
NPDB,0043843,NA,NA,FALSE,40,cropland
NPDB,0043844,NA,NA,FALSE,10,tree cover
NPDB,0043845,NA,NA,FALSE,30,grassland
NPDB,0043846,NA,NA,FALSE,40,cropland
NPDB,0043847,182,swamp,TRUE,30,grassland
NPDB,0043848,NA,NA,FALSE,30,grassland
NPDB,0043849,NA,NA,FALSE,30,grassland
NPDB,0043850,NA,NA,FALSE,30,grassland
NPDB,0043851,NA,NA,FALSE,40,cropland
NPDB,0043852,NA,NA,FALSE,40,cropland
NPDB,0043853,NA,NA,FALSE,40,cropland
NPDB,0043854,NA,NA,FALSE,40,cropland
NPDB,0043855,NA,NA,FALSE,40,cropland
NPDB,0043856,NA,NA,FALSE,30,grassland
NPDB,0043857,NA,NA,FALSE,40,cropland
NPDB,0043858,NA,NA,FALSE,30,grassland
NPDB,0043859,NA,NA,FALSE,30,grassland
NPDB,0043860,NA,NA,FALSE,40,cropland
NPDB,0043861,NA,NA,FALSE,40,cropland
NPDB,0043862,NA,NA,FALSE,40,cropland
NPDB,0043863,NA,NA,FALSE,10,tree cover
NPDB,0043864,180,non-wetland,FALSE,80,permanent water
NPDB,0043865,NA,NA,FALSE,40,cropland
NPDB,0043866,NA,NA,FALSE,30,grassland
NPDB,0043867,NA,NA,FALSE,40,cropland
NPDB,0043868,NA,NA,FALSE,40,cropland
NPDB,0043869,NA,NA,FALSE,40,cropland
NPDB,0043870,NA,NA,FALSE,40,cropland
NPDB,0043871,NA,NA,FALSE,30,grassland
NPDB,0043872,NA,NA,FALSE,10,tree cover
NPDB,0043873,NA,NA,FALSE,10,tree cover
NPDB,0043874,NA,NA,FALSE,10,tree cover
NPDB,0043875,NA,NA,FALSE,10,tree cover
NPDB,0043876,NA,NA,FALSE,10,tree cover
NPDB,0043877,NA,NA,FALSE,10,tree cover
NPDB,0043878,NA,NA,FALSE,10,tree cover
NPDB,0043879,NA,NA,FALSE,10,tree cover
NPDB,0043880,NA,NA,FALSE,90,herbaceous wetland
NPDB,0043881,NA,NA,FALSE,30,grassland
NPDB,0043883,NA,NA,FALSE,10,tree cover
NPDB,0043884,NA,NA,FALSE,10,tree cover
NPDB,0043885,NA,NA,FALSE,30,grassland
NPDB,0043886,NA,NA,FALSE,30,grassland
NPDB,0043887,NA,NA,FALSE,30,grassland
NPDB,0043888,NA,NA,FALSE,40,cropland
NPDB,0043889,NA,NA,FALSE,30,grassland
NPDB,0043890,NA,NA,FALSE,10,tree cover
NPDB,0043891,NA,NA,FALSE,30,grassland
NPDB,0043892,NA,NA,FALSE,40,cropland
NPDB,0043893,NA,NA,FALSE,30,grassland
NPDB,0043894,NA,NA,FALSE,10,tree cover
NPDB,0043895,NA,NA,FALSE,40,cropland
NPDB,0043896,NA,NA,FALSE,30,grassland
NPDB,0043897,NA,NA,FALSE,40,cropland
NPDB,0043898,NA,NA,FALSE,40,cropland
NPDB,0043899,NA,NA,FALSE,30,grassland
NPDB,0043900,NA,NA,FALSE,40,cropland
NPDB,0043901,NA,NA,FALSE,10,tree cover
NPDB,0043902,NA,NA,FALSE,30,grassland
NPDB,0043903,NA,NA,FALSE,10,tree cover
NPDB,0043904,NA,NA,FALSE,10,tree cover
NPDB,0043905,NA,NA,FALSE,30,grassland
NPDB,0043906,NA,NA,FALSE,30,grassland
NPDB,0043907,NA,NA,FALSE,10,tree cover
NPDB,0043908,NA,NA,FALSE,30,grassland
NPDB,0043909,NA,NA,FALSE,30,grassland
NPDB,0043910,NA,NA,FALSE,10,tree cover
NPDB,0043911,NA,NA,FALSE,10,tree cover
NPDB,0043912,NA,NA,FALSE,10,tree cover
NPDB,0043913,NA,NA,FALSE,10,tree cover
NPDB,0043914,NA,NA,FALSE,10,tree cover
NPDB,0043915,NA,NA,FALSE,10,tree cover
NPDB,0043916,NA,NA,FALSE,30,grassland
NPDB,0043917,NA,NA,FALSE,10,tree cover
NPDB,0043918,NA,NA,FALSE,10,tree cover
NPDB,0043919,NA,NA,FALSE,10,tree cover
NPDB,0043920,NA,NA,FALSE,10,tree cover
NPDB,0043921,NA,NA,FALSE,40,cropland
NPDB,0043922,NA,NA,FALSE,10,tree cover
NPDB,0043923,NA,NA,FALSE,40,cropland
NPDB,0043924,NA,NA,FALSE,40,cropland
NPDB,0043925,NA,NA,FALSE,10,tree cover
NPDB,0043926,NA,NA,FALSE,40,cropland
NPDB,0043927,NA,NA,FALSE,40,cropland
NPDB,0043928,NA,NA,FALSE,40,cropland
NPDB,0043929,NA,NA,FALSE,30,grassland
NPDB,0043930,NA,NA,FALSE,10,tree cover
NPDB,0043931,NA,NA,FALSE,40,cropland
NPDB,0043932,NA,NA,FALSE,40,cropland
NPDB,0043933,NA,NA,FALSE,40,cropland
NPDB,0043934,NA,NA,FALSE,30,grassland
NPDB,0043935,NA,NA,FALSE,40,cropland
NPDB,0043936,NA,NA,FALSE,40,cropland
NPDB,0043937,NA,NA,FALSE,40,cropland
NPDB,0043939,181,permanent water,FALSE,30,grassland
NPDB,0043940,NA,NA,FALSE,10,tree cover
NPDB,0043941,181,permanent water,FALSE,10,tree cover
NPDB,0043942,NA,NA,FALSE,10,tree cover
NPDB,0043943,NA,NA,FALSE,10,tree cover
NPDB,0043944,NA,NA,FALSE,10,tree cover
NPDB,0043945,NA,NA,FALSE,10,tree cover
NPDB,0043947,NA,NA,FALSE,10,tree cover
NPDB,0043948,NA,NA,FALSE,30,grassland
NPDB,0043950,NA,NA,FALSE,40,cropland
NPDB,0043951,NA,NA,FALSE,10,tree cover
NPDB,0043952,NA,NA,FALSE,10,tree cover
NPDB,0043953,NA,NA,FALSE,10,tree cover
NPDB,0043954,NA,NA,FALSE,10,tree cover
NPDB,0043955,NA,NA,FALSE,10,tree cover
NPDB,0043956,NA,NA,FALSE,10,tree cover
NPDB,0043957,NA,NA,FALSE,10,tree cover
NPDB,0043958,NA,NA,FALSE,40,cropland
NPDB,0043959,NA,NA,FALSE,10,tree cover
NPDB,0043960,NA,NA,FALSE,40,cropland
NPDB,0043962,NA,NA,FALSE,10,tree cover
NPDB,0043963,NA,NA,FALSE,40,cropland
NPDB,0043964,NA,NA,FALSE,40,cropland
NPDB,0043965,NA,NA,FALSE,30,grassland
NPDB,0043966,NA,NA,FALSE,30,grassland
NPDB,0043967,NA,NA,FALSE,40,cropland
NPDB,0043968,180,non-wetland,FALSE,80,permanent water
NPDB,0043969,NA,NA,FALSE,40,cropland
NPDB,0043972,NA,NA,FALSE,10,tree cover
NPDB,0043973,NA,NA,FALSE,40,cropland
NPDB,0043974,NA,NA,FALSE,30,grassland
NPDB,0043975,NA,NA,FALSE,40,cropland
NPDB,0043976,NA,NA,FALSE,40,cropland
NPDB,0043977,NA,NA,FALSE,40,cropland
NPDB,0043978,NA,NA,FALSE,10,tree cover
NPDB,0043979,NA,NA,FALSE,40,cropland
NPDB,0043980,NA,NA,FALSE,40,cropland
NPDB,0043981,NA,NA,FALSE,40,cropland
NPDB,0043982,NA,NA,FALSE,10,tree cover
NPDB,0043983,NA,NA,FALSE,30,grassland
NPDB,0043984,NA,NA,FALSE,30,grassland
NPDB,0043985,NA,NA,FALSE,10,tree cover
NPDB,0043986,NA,NA,FALSE,30,grassland
NPDB,0043987,NA,NA,FALSE,30,grassland
NPDB,0043988,NA,NA,FALSE,30,grassland
NPDB,0043989,NA,NA,FALSE,60,bare/sparse
NPDB,0043990,NA,NA,FALSE,30,grassland
NPDB,0043991,NA,NA,FALSE,30,grassland
NPDB,0043992,NA,NA,FALSE,10,tree cover
NPDB,0043993,NA,NA,FALSE,10,tree cover
NPDB,0043995,NA,NA,FALSE,10,tree cover
NPDB,0043996,NA,NA,FALSE,10,tree cover
NPDB,0043997,NA,NA,FALSE,30,grassland
NPDB,0043998,NA,NA,FALSE,30,grassland
NPDB,0043999,NA,NA,FALSE,90,herbaceous wetland
NPDB,0044001,NA,NA,FALSE,10,tree cover
NPDB,0044002,NA,NA,FALSE,30,grassland
NPDB,0044003,NA,NA,FALSE,10,tree cover
NPDB,0044004,181,permanent water,FALSE,10,tree cover
NPDB,0044005,NA,NA,FALSE,10,tree cover
NPDB,0044006,NA,NA,FALSE,30,grassland
NPDB,0044007,NA,NA,FALSE,10,tree cover
NPDB,0044008,NA,NA,FALSE,30,grassland
NPDB,0044009,NA,NA,FALSE,50,built-up
NPDB,0044010,NA,NA,FALSE,50,built-up
NPDB,0044011,NA,NA,FALSE,40,cropland
NPDB,0044012,NA,NA,FALSE,40,cropland
NPDB,0044013,NA,NA,FALSE,40,cropland
NPDB,0044014,NA,NA,FALSE,10,tree cover
NPDB,0044015,NA,NA,FALSE,10,tree cover
NPDB,0044016,NA,NA,FALSE,10,tree cover
NPDB,0044017,NA,NA,FALSE,10,tree cover
NPDB,0044018,NA,NA,FALSE,10,tree cover
NPDB,0044019,NA,NA,FALSE,10,tree cover
NPDB,0044020,NA,NA,FALSE,50,built-up
NPDB,0044021,NA,NA,FALSE,30,grassland
NPDB,0044022,NA,NA,FALSE,10,tree cover
NPDB,0044023,NA,NA,FALSE,10,tree cover
NPDB,0044024,NA,NA,FALSE,40,cropland
NPDB,0044025,NA,NA,FALSE,40,cropland
NPDB,0044026,NA,NA,FALSE,10,tree cover
NPDB,0044027,NA,NA,FALSE,10,tree cover
NPDB,0044028,NA,NA,FALSE,40,cropland
NPDB,0044031,182,swamp,TRUE,30,grassland
NPDB,0044032,NA,NA,FALSE,30,grassland
NPDB,0044033,182,swamp,TRUE,90,herbaceous wetland
NPDB,0044034,182,swamp,TRUE,10,tree cover
NPDB,0044035,NA,NA,FALSE,30,grassland
NPDB,0044036,NA,NA,FALSE,40,cropland
NPDB,0044037,NA,NA,FALSE,40,cropland
NPDB,0044038,NA,NA,FALSE,30,grassland
NPDB,0044039,NA,NA,FALSE,40,cropland
NPDB,0044040,NA,NA,FALSE,40,cropland
NPDB,0044041,NA,NA,FALSE,50,built-up
NPDB,0044042,NA,NA,FALSE,40,cropland
NPDB,0044043,NA,NA,FALSE,40,cropland
NPDB,0044044,NA,NA,FALSE,10,tree cover
NPDB,0044045,NA,NA,FALSE,30,grassland
NPDB,0044046,NA,NA,FALSE,30,grassland
NPDB,0044047,NA,NA,FALSE,40,cropland
NPDB,0044048,NA,NA,FALSE,10,tree cover
NPDB,0044049,NA,NA,FALSE,40,cropland
NPDB,0044050,NA,NA,FALSE,40,cropland
NPDB,0044051,NA,NA,FALSE,40,cropland
NPDB,0044052,NA,NA,FALSE,40,cropland
NPDB,0044053,NA,NA,FALSE,40,cropland
NPDB,0044054,NA,NA,FALSE,30,grassland
NPDB,0044055,NA,NA,FALSE,40,cropland
NPDB,0044056,NA,NA,FALSE,10,tree cover
NPDB,0044057,NA,NA,FALSE,10,tree cover
NPDB,0044059,NA,NA,FALSE,40,cropland
NPDB,0044060,NA,NA,FALSE,40,cropland
NPDB,0044061,NA,NA,FALSE,10,tree cover
NPDB,0044062,NA,NA,FALSE,30,grassland
NPDB,0044063,NA,NA,FALSE,40,cropland
NPDB,0044064,NA,NA,FALSE,10,tree cover
NPDB,0044065,NA,NA,FALSE,40,cropland
NPDB,0044066,NA,NA,FALSE,40,cropland
NPDB,0044067,NA,NA,FALSE,40,cropland
NPDB,0044068,NA,NA,FALSE,40,cropland
NPDB,0044069,NA,NA,FALSE,40,cropland
NPDB,0044070,NA,NA,FALSE,40,cropland
NPDB,0044071,NA,NA,FALSE,40,cropland
NPDB,0044072,NA,NA,FALSE,30,grassland
NPDB,0044073,NA,NA,FALSE,40,cropland
NPDB,0044074,NA,NA,FALSE,40,cropland
NPDB,0044075,NA,NA,FALSE,40,cropland
NPDB,0044076,NA,NA,FALSE,10,tree cover
NPDB,0044077,NA,NA,FALSE,10,tree cover
NPDB,0044078,NA,NA,FALSE,10,tree cover
NPDB,0044079,NA,NA,FALSE,50,built-up
NPDB,0044080,NA,NA,FALSE,10,tree cover
NPDB,0044081,NA,NA,FALSE,10,tree cover
NPDB,0044082,NA,NA,FALSE,10,tree cover
NPDB,0044088,NA,NA,FALSE,10,tree cover
NPDB,0044089,NA,NA,FALSE,10,tree cover
NPDB,0044090,NA,NA,FALSE,10,tree cover
NPDB,0044091,NA,NA,FALSE,10,tree cover
NPDB,0044092,NA,NA,FALSE,10,tree cover
NPDB,0044093,NA,NA,FALSE,10,tree cover
NPDB,0044094,NA,NA,FALSE,10,tree cover
NPDB,0044095,NA,NA,FALSE,50,built-up
NPDB,0044096,NA,NA,FALSE,10,tree cover
NPDB,0044097,181,permanent water,FALSE,10,tree cover
NPDB,0044099,NA,NA,FALSE,10,tree cover
NPDB,0044100,NA,NA,FALSE,10,tree cover
NPDB,0044101,NA,NA,FALSE,10,tree cover
NPDB,0044102,NA,NA,FALSE,10,tree cover
NPDB,0044103,NA,NA,FALSE,10,tree cover
NPDB,0044104,NA,NA,FALSE,10,tree cover
NPDB,0044105,NA,NA,FALSE,30,grassland
NPDB,0044106,NA,NA,FALSE,10,tree cover
NPDB,0044107,NA,NA,FALSE,30,grassland
NPDB,0044108,NA,NA,FALSE,10,tree cover
NPDB,0044109,NA,NA,FALSE,10,tree cover
NPDB,0044110,NA,NA,FALSE,10,tree cover
NPDB,0044111,NA,NA,FALSE,10,tree cover
NPDB,0044112,NA,NA,FALSE,10,tree cover
NPDB,0044113,NA,NA,FALSE,10,tree cover
NPDB,0044114,NA,NA,FALSE,10,tree cover
NPDB,0044115,181,permanent water,FALSE,30,grassland
NPDB,0044116,NA,NA,FALSE,10,tree cover
NPDB,0044117,NA,NA,FALSE,10,tree cover
NPDB,0044118,NA,NA,FALSE,10,tree cover
NPDB,0044119,NA,NA,FALSE,10,tree cover
NPDB,0044120,181,permanent water,FALSE,30,grassland
NPDB,0044121,NA,NA,FALSE,10,tree cover
NPDB,0044122,NA,NA,FALSE,10,tree cover
NPDB,0044123,NA,NA,FALSE,10,tree cover
NPDB,0044124,NA,NA,FALSE,10,tree cover
NPDB,0044125,NA,NA,FALSE,10,tree cover
NPDB,0044126,NA,NA,FALSE,10,tree cover
NPDB,0044127,NA,NA,FALSE,10,tree cover
NPDB,0044128,NA,NA,FALSE,10,tree cover
NPDB,0044129,NA,NA,FALSE,10,tree cover
NPDB,0044130,NA,NA,FALSE,10,tree cover
NPDB,0044132,NA,NA,FALSE,30,grassland
NPDB,0044133,NA,NA,FALSE,30,grassland
NPDB,0044134,NA,NA,FALSE,30,grassland
NPDB,0044135,NA,NA,FALSE,30,grassland
NPDB,0044136,NA,NA,FALSE,30,grassland
NPDB,0044137,NA,NA,FALSE,10,tree cover
NPDB,0044138,NA,NA,FALSE,10,tree cover
NPDB,0044139,NA,NA,FALSE,10,tree cover
NPDB,0044140,NA,NA,FALSE,10,tree cover
NPDB,0044141,NA,NA,FALSE,10,tree cover
NPDB,0044142,NA,NA,FALSE,10,tree cover
NPDB,0044143,NA,NA,FALSE,10,tree cover
NPDB,0044144,NA,NA,FALSE,10,tree cover
NPDB,0044145,NA,NA,FALSE,10,tree cover
NPDB,0044146,NA,NA,FALSE,10,tree cover
NPDB,0044147,NA,NA,FALSE,10,tree cover
NPDB,0044149,NA,NA,FALSE,40,cropland
NPDB,0044150,NA,NA,FALSE,40,cropland
NPDB,0044151,NA,NA,FALSE,40,cropland
NPDB,0044152,NA,NA,FALSE,40,cropland
NPDB,0044153,NA,NA,FALSE,40,cropland
NPDB,0044154,NA,NA,FALSE,40,cropland
NPDB,0044155,NA,NA,FALSE,40,cropland
NPDB,0044156,NA,NA,FALSE,40,cropland
NPDB,0044157,NA,NA,FALSE,40,cropland
NPDB,0044158,NA,NA,FALSE,40,cropland
NPDB,0044159,NA,NA,FALSE,40,cropland
NPDB,0044160,NA,NA,FALSE,40,cropland
NPDB,0044161,NA,NA,FALSE,40,cropland
NPDB,0044162,NA,NA,FALSE,10,tree cover
NPDB,0044163,NA,NA,FALSE,10,tree cover
NPDB,0044164,NA,NA,FALSE,40,cropland
NPDB,0044165,NA,NA,FALSE,10,tree cover
NPDB,0044167,NA,NA,FALSE,30,grassland
NPDB,0044168,NA,NA,FALSE,10,tree cover
NPDB,0044169,NA,NA,FALSE,10,tree cover
NPDB,0044170,NA,NA,FALSE,30,grassland
NPDB,0044171,NA,NA,FALSE,10,tree cover
NPDB,0044172,NA,NA,FALSE,10,tree cover
NPDB,0044173,NA,NA,FALSE,40,cropland
NPDB,0044174,NA,NA,FALSE,10,tree cover
NPDB,0044175,NA,NA,FALSE,10,tree cover
NPDB,0044176,NA,NA,FALSE,30,grassland
NPDB,0044177,NA,NA,FALSE,50,built-up
NPDB,0044178,NA,NA,FALSE,30,grassland
NPDB,0044179,NA,NA,FALSE,30,grassland
NPDB,0044180,NA,NA,FALSE,30,grassland
NPDB,0044181,NA,NA,FALSE,30,grassland
NPDB,0044182,NA,NA,FALSE,30,grassland
NPDB,0044183,NA,NA,FALSE,30,grassland
NPDB,0044184,NA,NA,FALSE,30,grassland
NPDB,0044185,NA,NA,FALSE,10,tree cover
NPDB,0044186,NA,NA,FALSE,10,tree cover
NPDB,0044187,NA,NA,FALSE,10,tree cover
NPDB,0044188,NA,NA,FALSE,10,tree cover
NPDB,0044189,NA,NA,FALSE,10,tree cover
NPDB,0044190,NA,NA,FALSE,10,tree cover
NPDB,0044191,NA,NA,FALSE,10,tree cover
NPDB,0044192,NA,NA,FALSE,10,tree cover
NPDB,0044195,182,swamp,TRUE,30,grassland
NPDB,0044196,182,swamp,TRUE,90,herbaceous wetland
NPDB,0044197,182,swamp,TRUE,30,grassland
NPDB,0044198,NA,NA,FALSE,30,grassland
NPDB,0044199,181,permanent water,FALSE,10,tree cover
NPDB,0044200,NA,NA,FALSE,10,tree cover
NPDB,0044201,NA,NA,FALSE,10,tree cover
NPDB,0044202,NA,NA,FALSE,30,grassland
NPDB,0044203,NA,NA,FALSE,30,grassland
NPDB,0044204,NA,NA,FALSE,10,tree cover
NPDB,0044205,NA,NA,FALSE,10,tree cover
NPDB,0044206,NA,NA,FALSE,40,cropland
NPDB,0044207,NA,NA,FALSE,10,tree cover
NPDB,0044208,NA,NA,FALSE,10,tree cover
NPDB,0044209,NA,NA,FALSE,10,tree cover
NPDB,0044210,NA,NA,FALSE,10,tree cover
NPDB,0044211,NA,NA,FALSE,10,tree cover
NPDB,0044212,NA,NA,FALSE,10,tree cover
NPDB,0044213,NA,NA,FALSE,10,tree cover
NPDB,0044214,NA,NA,FALSE,40,cropland
NPDB,0044215,NA,NA,FALSE,40,cropland
NPDB,0044216,NA,NA,FALSE,30,grassland
NPDB,0044217,NA,NA,FALSE,40,cropland
NPDB,0044218,NA,NA,FALSE,40,cropland
NPDB,0044219,NA,NA,FALSE,40,cropland
NPDB,0044220,NA,NA,FALSE,40,cropland
NPDB,0044221,NA,NA,FALSE,40,cropland
NPDB,0044222,NA,NA,FALSE,40,cropland
NPDB,0044223,NA,NA,FALSE,40,cropland
NPDB,0044224,NA,NA,FALSE,40,cropland
NPDB,0044225,NA,NA,FALSE,30,grassland
NPDB,0044226,NA,NA,FALSE,30,grassland
NPDB,0044227,NA,NA,FALSE,10,tree cover
NPDB,0044228,NA,NA,FALSE,40,cropland
NPDB,0044229,NA,NA,FALSE,40,cropland
NPDB,0044230,NA,NA,FALSE,40,cropland
NPDB,0044231,NA,NA,FALSE,50,built-up
NPDB,0044232,NA,NA,FALSE,30,grassland
NPDB,0044233,NA,NA,FALSE,40,cropland
NPDB,0044234,NA,NA,FALSE,40,cropland
NPDB,0044235,NA,NA,FALSE,40,cropland
NPDB,0044236,NA,NA,FALSE,50,built-up
NPDB,0044237,NA,NA,FALSE,30,grassland
NPDB,0044238,NA,NA,FALSE,40,cropland
NPDB,0044239,NA,NA,FALSE,40,cropland
NPDB,0044240,NA,NA,FALSE,40,cropland
NPDB,0044241,NA,NA,FALSE,60,bare/sparse
NPDB,0044242,NA,NA,FALSE,40,cropland
NPDB,0044243,NA,NA,FALSE,30,grassland
NPDB,0044244,NA,NA,FALSE,40,cropland
NPDB,0044245,NA,NA,FALSE,40,cropland
NPDB,0044246,NA,NA,FALSE,30,grassland
NPDB,0044247,NA,NA,FALSE,40,cropland
NPDB,0044248,NA,NA,FALSE,40,cropland
NPDB,0044249,NA,NA,FALSE,40,cropland
NPDB,0044250,NA,NA,FALSE,40,cropland
NPDB,0044251,NA,NA,FALSE,30,grassland
NPDB,0044252,NA,NA,FALSE,40,cropland
NPDB,0044253,NA,NA,FALSE,40,cropland
NPDB,0044254,NA,NA,FALSE,40,cropland
NPDB,0044255,NA,NA,FALSE,40,cropland
NPDB,0044256,NA,NA,FALSE,40,cropland
NPDB,0044257,NA,NA,FALSE,40,cropland
NPDB,0044258,NA,NA,FALSE,40,cropland
NPDB,0044259,NA,NA,FALSE,10,tree cover
NPDB,0044260,NA,NA,FALSE,10,tree cover
NPDB,0044261,NA,NA,FALSE,10,tree cover
NPDB,0044262,NA,NA,FALSE,40,cropland
NPDB,0044264,NA,NA,FALSE,40,cropland
NPDB,0044265,NA,NA,FALSE,30,grassland
NPDB,0044266,NA,NA,FALSE,40,cropland
NPDB,0044267,NA,NA,FALSE,10,tree cover
NPDB,0044268,NA,NA,FALSE,30,grassland
NPDB,0044269,182,swamp,TRUE,30,grassland
NPDB,0044270,NA,NA,FALSE,10,tree cover
NPDB,0044271,NA,NA,FALSE,30,grassland
NPDB,0044272,NA,NA,FALSE,40,cropland
NPDB,0044273,NA,NA,FALSE,30,grassland
NPDB,0044274,NA,NA,FALSE,10,tree cover
NPDB,0044275,NA,NA,FALSE,40,cropland
NPDB,0044276,NA,NA,FALSE,40,cropland
NPDB,0044277,NA,NA,FALSE,40,cropland
NPDB,0044278,NA,NA,FALSE,30,grassland
NPDB,0044279,NA,NA,FALSE,40,cropland
NPDB,0044280,NA,NA,FALSE,40,cropland
NPDB,0044281,NA,NA,FALSE,40,cropland
NPDB,0044282,NA,NA,FALSE,40,cropland
NPDB,0044283,NA,NA,FALSE,40,cropland
NPDB,0044284,NA,NA,FALSE,40,cropland
NPDB,0044285,NA,NA,FALSE,30,grassland
NPDB,0044286,NA,NA,FALSE,30,grassland
NPDB,0044287,NA,NA,FALSE,40,cropland
NPDB,0044288,NA,NA,FALSE,40,cropland
NPDB,0044289,NA,NA,FALSE,40,cropland
NPDB,0044290,NA,NA,FALSE,40,cropland
NPDB,0044291,NA,NA,FALSE,40,cropland
NPDB,0044292,NA,NA,FALSE,40,cropland
NPDB,0044293,NA,NA,FALSE,40,cropland
NPDB,0044294,NA,NA,FALSE,40,cropland
NPDB,0044295,NA,NA,FALSE,40,cropland
NPDB,0044296,NA,NA,FALSE,40,cropland
NPDB,0044297,NA,NA,FALSE,40,cropland
NPDB,0044298,NA,NA,FALSE,40,cropland
NPDB,0044299,NA,NA,FALSE,30,grassland
NPDB,0044300,NA,NA,FALSE,40,cropland
NPDB,0044301,NA,NA,FALSE,40,cropland
NPDB,0044302,NA,NA,FALSE,40,cropland
NPDB,0044303,NA,NA,FALSE,40,cropland
NPDB,0044304,NA,NA,FALSE,40,cropland
NPDB,0044305,NA,NA,FALSE,40,cropland
NPDB,0044306,NA,NA,FALSE,40,cropland
NPDB,0044307,NA,NA,FALSE,40,cropland
NPDB,0044308,NA,NA,FALSE,40,cropland
NPDB,0044309,NA,NA,FALSE,40,cropland
NPDB,0044310,NA,NA,FALSE,40,cropland
NPDB,0044311,NA,NA,FALSE,40,cropland
NPDB,0044312,NA,NA,FALSE,40,cropland
NPDB,0044313,NA,NA,FALSE,40,cropland
NPDB,0044314,NA,NA,FALSE,50,built-up
NPDB,0044315,NA,NA,FALSE,40,cropland
NPDB,0044316,NA,NA,FALSE,40,cropland
NPDB,0044317,NA,NA,FALSE,40,cropland
NPDB,0044318,NA,NA,FALSE,30,grassland
NPDB,0044319,NA,NA,FALSE,30,grassland
NPDB,0044320,NA,NA,FALSE,40,cropland
NPDB,0044321,NA,NA,FALSE,40,cropland
NPDB,0044322,NA,NA,FALSE,40,cropland
NPDB,0044323,NA,NA,FALSE,10,tree cover
NPDB,0044324,NA,NA,FALSE,40,cropland
NPDB,0044325,NA,NA,FALSE,30,grassland
NPDB,0044326,NA,NA,FALSE,40,cropland
NPDB,0044327,NA,NA,FALSE,30,grassland
NPDB,0044328,NA,NA,FALSE,10,tree cover
NPDB,0044330,NA,NA,FALSE,30,grassland
NPDB,0044331,NA,NA,FALSE,10,tree cover
NPDB,0044332,NA,NA,FALSE,40,cropland
NPDB,0044333,NA,NA,FALSE,40,cropland
NPDB,0044335,NA,NA,FALSE,40,cropland
NPDB,0044336,NA,NA,FALSE,40,cropland
NPDB,0044337,NA,NA,FALSE,40,cropland
NPDB,0044338,NA,NA,FALSE,40,cropland
NPDB,0044339,NA,NA,FALSE,40,cropland
NPDB,0044340,NA,NA,FALSE,30,grassland
NPDB,0044341,NA,NA,FALSE,40,cropland
NPDB,0044342,NA,NA,FALSE,30,grassland
NPDB,0044343,NA,NA,FALSE,40,cropland
NPDB,0044344,NA,NA,FALSE,40,cropland
NPDB,0044345,NA,NA,FALSE,30,grassland
NPDB,0044346,NA,NA,FALSE,40,cropland
NPDB,0044347,NA,NA,FALSE,30,grassland
NPDB,0044348,NA,NA,FALSE,40,cropland
NPDB,0044349,NA,NA,FALSE,30,grassland
NPDB,0044350,NA,NA,FALSE,30,grassland
NPDB,0044351,NA,NA,FALSE,30,grassland
NPDB,0044352,NA,NA,FALSE,40,cropland
NPDB,0044353,NA,NA,FALSE,40,cropland
NPDB,0044354,NA,NA,FALSE,40,cropland
NPDB,0044355,NA,NA,FALSE,30,grassland
NPDB,0044356,NA,NA,FALSE,40,cropland
NPDB,0044357,NA,NA,FALSE,40,cropland
NPDB,0044358,NA,NA,FALSE,40,cropland
NPDB,0044359,NA,NA,FALSE,40,cropland
NPDB,0044360,NA,NA,FALSE,40,cropland
NPDB,0044361,NA,NA,FALSE,40,cropland
NPDB,0044362,NA,NA,FALSE,40,cropland
NPDB,0044363,NA,NA,FALSE,40,cropland
NPDB,0044364,NA,NA,FALSE,40,cropland
NPDB,0044365,NA,NA,FALSE,40,cropland
NPDB,0044366,NA,NA,FALSE,40,cropland
NPDB,0044367,NA,NA,FALSE,40,cropland
NPDB,0044368,NA,NA,FALSE,40,cropland
NPDB,0044369,NA,NA,FALSE,40,cropland
NPDB,0044370,NA,NA,FALSE,30,grassland
NPDB,0044371,NA,NA,FALSE,30,grassland
NPDB,0044372,NA,NA,FALSE,30,grassland
NPDB,0044373,NA,NA,FALSE,40,cropland
NPDB,0044374,NA,NA,FALSE,40,cropland
NPDB,0044375,NA,NA,FALSE,40,cropland
NPDB,0044376,NA,NA,FALSE,40,cropland
NPDB,0044377,NA,NA,FALSE,30,grassland
NPDB,0044378,NA,NA,FALSE,40,cropland
NPDB,0044379,NA,NA,FALSE,50,built-up
NPDB,0044380,180,non-wetland,FALSE,80,permanent water
NPDB,0044381,NA,NA,FALSE,10,tree cover
NPDB,0044382,NA,NA,FALSE,30,grassland
NPDB,0044383,NA,NA,FALSE,30,grassland
NPDB,0044384,NA,NA,FALSE,100,moss and lichen
NPDB,0044385,NA,NA,FALSE,30,grassland
NPDB,0044386,NA,NA,FALSE,10,tree cover
NPDB,0044387,NA,NA,FALSE,50,built-up
NPDB,0044388,182,swamp,TRUE,10,tree cover
NPDB,0044389,NA,NA,FALSE,10,tree cover
NPDB,0044390,NA,NA,FALSE,40,cropland
NPDB,0044391,NA,NA,FALSE,30,grassland
NPDB,0044392,NA,NA,FALSE,40,cropland
NPDB,0044393,NA,NA,FALSE,40,cropland
NPDB,0044394,NA,NA,FALSE,40,cropland
NPDB,0044395,NA,NA,FALSE,40,cropland
NPDB,0044396,NA,NA,FALSE,40,cropland
NPDB,0054401,NA,NA,FALSE,50,built-up
NPDB,0054402,NA,NA,FALSE,30,grassland
NPDB,0054403,NA,NA,FALSE,10,tree cover
NPDB,0054404,NA,NA,FALSE,10,tree cover
NPDB,0054405,NA,NA,FALSE,30,grassland
NPDB,0054406,NA,NA,FALSE,40,cropland
NPDB,0054409,NA,NA,FALSE,30,grassland
NPDB,0054410,NA,NA,FALSE,10,tree cover
NPDB,0054411,NA,NA,FALSE,10,tree cover
NPDB,0054412,NA,NA,FALSE,10,tree cover
NPDB,0054413,NA,NA,FALSE,40,cropland
NPDB,0054414,NA,NA,FALSE,40,cropland
NPDB,0054415,NA,NA,FALSE,10,tree cover
NPDB,0054416,NA,NA,FALSE,30,grassland
NPDB,0054417,NA,NA,FALSE,40,cropland
NPDB,0054418,NA,NA,FALSE,40,cropland
NPDB,0054419,NA,NA,FALSE,30,grassland
NPDB,0054420,NA,NA,FALSE,40,cropland
NPDB,0054421,NA,NA,FALSE,40,cropland
NPDB,0054423,NA,NA,FALSE,10,tree cover
NPDB,0054424,NA,NA,FALSE,30,grassland
NPDB,0054425,NA,NA,FALSE,40,cropland
NPDB,0054426,NA,NA,FALSE,30,grassland
NPDB,0054427,NA,NA,FALSE,10,tree cover
NPDB,0054428,NA,NA,FALSE,40,cropland
NPDB,0054429,NA,NA,FALSE,10,tree cover
NPDB,0054430,NA,NA,FALSE,40,cropland
NPDB,0054431,NA,NA,FALSE,30,grassland
NPDB,0054432,NA,NA,FALSE,50,built-up
NPDB,0054433,NA,NA,FALSE,40,cropland
NPDB,0054434,NA,NA,FALSE,40,cropland
NPDB,0054435,NA,NA,FALSE,40,cropland
NPDB,0054436,NA,NA,FALSE,40,cropland
NPDB,0054437,NA,NA,FALSE,10,tree cover
NPDB,0054440,NA,NA,FALSE,30,grassland
NPDB,0054441,NA,NA,FALSE,40,cropland
NPDB,0054443,NA,NA,FALSE,40,cropland
NPDB,0054444,NA,NA,FALSE,40,cropland
NPDB,0054445,NA,NA,FALSE,30,grassland
NPDB,0054446,NA,NA,FALSE,50,built-up
NPDB,0054447,NA,NA,FALSE,40,cropland
NPDB,0054449,NA,NA,FALSE,40,cropland
NPDB,0054450,NA,NA,FALSE,40,cropland
NPDB,0054451,NA,NA,FALSE,40,cropland
NPDB,0054452,NA,NA,FALSE,40,cropland
NPDB,0054453,NA,NA,FALSE,40,cropland
NPDB,0054454,NA,NA,FALSE,40,cropland
NPDB,0054455,NA,NA,FALSE,40,cropland
NPDB,0054456,NA,NA,FALSE,40,cropland
NPDB,0054457,NA,NA,FALSE,40,cropland
NPDB,0054458,NA,NA,FALSE,80,permanent water
NPDB,0054459,NA,NA,FALSE,40,cropland
NPDB,0054460,NA,NA,FALSE,10,tree cover
NPDB,0054461,NA,NA,FALSE,50,built-up
NPDB,0054462,NA,NA,FALSE,10,tree cover
NPDB,0054463,NA,NA,FALSE,40,cropland
NPDB,0054464,NA,NA,FALSE,50,built-up
NPDB,0054465,NA,NA,FALSE,40,cropland
NPDB,0054466,NA,NA,FALSE,30,grassland
NPDB,0054467,NA,NA,FALSE,40,cropland
NPDB,0054468,NA,NA,FALSE,40,cropland
NPDB,0054469,NA,NA,FALSE,10,tree cover
NPDB,0054470,NA,NA,FALSE,40,cropland
NPDB,0054471,NA,NA,FALSE,40,cropland
NPDB,0054472,NA,NA,FALSE,50,built-up
NPDB,0054473,NA,NA,FALSE,10,tree cover
NPDB,0054474,NA,NA,FALSE,10,tree cover
NPDB,0054475,NA,NA,FALSE,10,tree cover
NPDB,0054476,NA,NA,FALSE,40,cropland
NPDB,0054477,NA,NA,FALSE,40,cropland
NPDB,0054478,NA,NA,FALSE,10,tree cover
NPDB,0054479,NA,NA,FALSE,40,cropland
NPDB,0054480,NA,NA,FALSE,40,cropland
NPDB,0054481,NA,NA,FALSE,40,cropland
NPDB,0054482,NA,NA,FALSE,40,cropland
NPDB,0054483,NA,NA,FALSE,40,cropland
NPDB,0054484,NA,NA,FALSE,40,cropland
NPDB,0054485,NA,NA,FALSE,30,grassland
NPDB,0054486,NA,NA,FALSE,40,cropland
NPDB,0054487,NA,NA,FALSE,40,cropland
NPDB,0054488,NA,NA,FALSE,30,grassland
NPDB,0054489,NA,NA,FALSE,40,cropland
NPDB,0054490,NA,NA,FALSE,40,cropland
NPDB,0054491,NA,NA,FALSE,50,built-up
NPDB,0054492,NA,NA,FALSE,10,tree cover
NPDB,0054493,NA,NA,FALSE,10,tree cover
NPDB,0054494,NA,NA,FALSE,40,cropland
NPDB,0054495,NA,NA,FALSE,10,tree cover
NPDB,0054497,NA,NA,FALSE,60,bare/sparse
NPDB,0054498,NA,NA,FALSE,80,permanent water
NPDB,0054499,NA,NA,FALSE,10,tree cover
NPDB,0054500,NA,NA,FALSE,30,grassland
NPDB,0054502,NA,NA,FALSE,10,tree cover
NPDB,0054503,NA,NA,FALSE,30,grassland
NPDB,0054504,NA,NA,FALSE,40,cropland
NPDB,0054505,NA,NA,FALSE,50,built-up
NPDB,0054506,NA,NA,FALSE,30,grassland
NPDB,0054507,181,permanent water,FALSE,10,tree cover
NPDB,0054508,NA,NA,FALSE,10,tree cover
NPDB,0054509,NA,NA,FALSE,40,cropland
NPDB,0054510,NA,NA,FALSE,10,tree cover
NPDB,0054511,NA,NA,FALSE,50,built-up
NPDB,0054513,NA,NA,FALSE,40,cropland
NPDB,0054514,NA,NA,FALSE,40,cropland
NPDB,0054515,NA,NA,FALSE,40,cropland
NPDB,0054516,NA,NA,FALSE,40,cropland
NPDB,0054517,NA,NA,FALSE,40,cropland
NPDB,0054518,NA,NA,FALSE,40,cropland
NPDB,0054519,NA,NA,FALSE,40,cropland
NPDB,0054520,NA,NA,FALSE,10,tree cover
NPDB,0054521,NA,NA,FALSE,40,cropland
NPDB,0054522,NA,NA,FALSE,40,cropland
NPDB,0054523,NA,NA,FALSE,10,tree cover
NPDB,0054524,NA,NA,FALSE,40,cropland
NPDB,0054525,NA,NA,FALSE,50,built-up
NPDB,0054526,NA,NA,FALSE,40,cropland
NPDB,0054527,NA,NA,FALSE,40,cropland
NPDB,0054528,NA,NA,FALSE,10,tree cover
NPDB,0054529,NA,NA,FALSE,30,grassland
NPDB,0054530,NA,NA,FALSE,40,cropland
NPDB,0054531,NA,NA,FALSE,30,grassland
NPDB,0054532,NA,NA,FALSE,40,cropland
NPDB,0054533,NA,NA,FALSE,40,cropland
NPDB,0054534,NA,NA,FALSE,10,tree cover
NPDB,0054536,NA,NA,FALSE,10,tree cover
NPDB,0054537,NA,NA,FALSE,40,cropland
NPDB,0054538,NA,NA,FALSE,30,grassland
NPDB,0054539,NA,NA,FALSE,40,cropland
NPDB,0054540,NA,NA,FALSE,40,cropland
NPDB,0054541,NA,NA,FALSE,40,cropland
NPDB,0054542,NA,NA,FALSE,40,cropland
NPDB,0054543,NA,NA,FALSE,10,tree cover
NPDB,0054544,180,non-wetland,FALSE,80,permanent water
NPDB,0054545,NA,NA,FALSE,10,tree cover
NPDB,0054546,NA,NA,FALSE,10,tree cover
NPDB,0054547,NA,NA,FALSE,30,grassland
NPDB,0054548,NA,NA,FALSE,10,tree cover
NPDB,0054549,NA,NA,FALSE,40,cropland
NPDB,0054550,NA,NA,FALSE,40,cropland
NPDB,0054551,NA,NA,FALSE,10,tree cover
NPDB,0054552,NA,NA,FALSE,10,tree cover
NPDB,0054553,NA,NA,FALSE,30,grassland
NPDB,0054554,NA,NA,FALSE,30,grassland
NPDB,0054555,NA,NA,FALSE,30,grassland
NPDB,0054556,NA,NA,FALSE,40,cropland
NPDB,0054557,NA,NA,FALSE,10,tree cover
NPDB,0054558,NA,NA,FALSE,40,cropland
NPDB,0054559,NA,NA,FALSE,50,built-up
NPDB,0054560,NA,NA,FALSE,30,grassland
NPDB,0054561,NA,NA,FALSE,30,grassland
NPDB,0054562,NA,NA,FALSE,30,grassland
NPDB,0054563,NA,NA,FALSE,10,tree cover
NPDB,0054564,NA,NA,FALSE,40,cropland
NPDB,0054565,NA,NA,FALSE,10,tree cover
NPDB,0054566,NA,NA,FALSE,30,grassland
NPDB,0054567,NA,NA,FALSE,10,tree cover
NPDB,0054568,NA,NA,FALSE,30,grassland
NPDB,0054569,NA,NA,FALSE,50,built-up
NPDB,0054570,NA,NA,FALSE,60,bare/sparse
NPDB,0054571,NA,NA,FALSE,10,tree cover
NPDB,0054572,NA,NA,FALSE,50,built-up
NPDB,0054573,NA,NA,FALSE,60,bare/sparse
NPDB,0054574,NA,NA,FALSE,40,cropland
NPDB,0054575,NA,NA,FALSE,10,tree cover
NPDB,0054577,NA,NA,FALSE,10,tree cover
NPDB,0054578,NA,NA,FALSE,30,grassland
NPDB,0054579,NA,NA,FALSE,10,tree cover
NPDB,0054580,NA,NA,FALSE,30,grassland
NPDB,0054581,NA,NA,FALSE,50,built-up
NPDB,0054582,NA,NA,FALSE,30,grassland
NPDB,0054584,NA,NA,FALSE,40,cropland
NPDB,0054585,NA,NA,FALSE,50,built-up
NPDB,0054587,NA,NA,FALSE,10,tree cover
NPDB,0054588,NA,NA,FALSE,30,grassland
NPDB,0054589,NA,NA,FALSE,40,cropland
NPDB,0054590,NA,NA,FALSE,10,tree cover
NPDB,0054591,NA,NA,FALSE,40,cropland
NPDB,0054592,NA,NA,FALSE,50,built-up
NPDB,0054593,NA,NA,FALSE,50,built-up
NPDB,0054594,NA,NA,FALSE,30,grassland
NPDB,0054595,NA,NA,FALSE,40,cropland
NPDB,0054596,NA,NA,FALSE,40,cropland
NPDB,0054597,NA,NA,FALSE,10,tree cover
NPDB,0054598,NA,NA,FALSE,30,grassland
NPDB,0054599,NA,NA,FALSE,40,cropland
NPDB,0054600,NA,NA,FALSE,30,grassland
NPDB,0054601,NA,NA,FALSE,10,tree cover
NPDB,0054603,NA,NA,FALSE,30,grassland
NPDB,0054604,NA,NA,FALSE,10,tree cover
NPDB,0054605,NA,NA,FALSE,10,tree cover
NPDB,0054606,NA,NA,FALSE,30,grassland
NPDB,0054607,NA,NA,FALSE,60,bare/sparse
NPDB,0054608,NA,NA,FALSE,40,cropland
NPDB,0054609,NA,NA,FALSE,40,cropland
NPDB,0054610,NA,NA,FALSE,30,grassland
NPDB,0054611,NA,NA,FALSE,40,cropland
NPDB,0054613,NA,NA,FALSE,40,cropland
NPDB,0054614,NA,NA,FALSE,10,tree cover
NPDB,0054615,NA,NA,FALSE,10,tree cover
NPDB,0054616,NA,NA,FALSE,10,tree cover
NPDB,0054617,NA,NA,FALSE,10,tree cover
NPDB,0054618,NA,NA,FALSE,40,cropland
NPDB,0054619,NA,NA,FALSE,40,cropland
NPDB,0054620,NA,NA,FALSE,50,built-up
NPDB,0054621,NA,NA,FALSE,40,cropland
NPDB,0054622,NA,NA,FALSE,10,tree cover
NPDB,0054623,180,non-wetland,FALSE,80,permanent water
NPDB,0054624,NA,NA,FALSE,30,grassland
NPDB,0054625,NA,NA,FALSE,10,tree cover
NPDB,0054626,NA,NA,FALSE,30,grassland
NPDB,0054627,NA,NA,FALSE,10,tree cover
NPDB,0054628,NA,NA,FALSE,40,cropland
NPDB,0054629,NA,NA,FALSE,10,tree cover
NPDB,0054630,NA,NA,FALSE,40,cropland
NPDB,0054631,NA,NA,FALSE,40,cropland
NPDB,0054632,NA,NA,FALSE,10,tree cover
NPDB,0054633,NA,NA,FALSE,30,grassland
NPDB,0054634,NA,NA,FALSE,50,built-up
NPDB,0054635,NA,NA,FALSE,10,tree cover
NPDB,0054636,NA,NA,FALSE,40,cropland
NPDB,0054637,NA,NA,FALSE,10,tree cover
NPDB,0054640,NA,NA,FALSE,40,cropland
NPDB,0054641,NA,NA,FALSE,40,cropland
NPDB,0054642,NA,NA,FALSE,40,cropland
NPDB,0054643,NA,NA,FALSE,40,cropland
NPDB,0054644,NA,NA,FALSE,10,tree cover
NPDB,0054645,NA,NA,FALSE,40,cropland
NPDB,0054646,NA,NA,FALSE,40,cropland
NPDB,0054647,NA,NA,FALSE,50,built-up
NPDB,0054648,NA,NA,FALSE,40,cropland
NPDB,0054649,NA,NA,FALSE,40,cropland
NPDB,0054651,NA,NA,FALSE,10,tree cover
NPDB,0054652,NA,NA,FALSE,40,cropland
NPDB,0054653,NA,NA,FALSE,40,cropland
NPDB,0054654,NA,NA,FALSE,50,built-up
NPDB,0054655,NA,NA,FALSE,30,grassland
NPDB,0054656,NA,NA,FALSE,50,built-up
NPDB,0054657,NA,NA,FALSE,40,cropland
NPDB,0054659,NA,NA,FALSE,40,cropland
NPDB,0054661,NA,NA,FALSE,40,cropland
NPDB,0054662,NA,NA,FALSE,40,cropland
NPDB,0054664,NA,NA,FALSE,10,tree cover
NPDB,0054665,NA,NA,FALSE,40,cropland
NPDB,0054666,NA,NA,FALSE,30,grassland
NPDB,0054673,NA,NA,FALSE,40,cropland
NPDB,0054678,NA,NA,FALSE,40,cropland
NPDB,0054683,NA,NA,FALSE,40,cropland
NPDB,0054684,NA,NA,FALSE,40,cropland
NPDB,0054685,NA,NA,FALSE,30,grassland
NPDB,0054686,NA,NA,FALSE,40,cropland
NPDB,0054687,NA,NA,FALSE,40,cropland
NPDB,0054688,NA,NA,FALSE,40,cropland
NPDB,0054689,NA,NA,FALSE,40,cropland
NPDB,0054690,NA,NA,FALSE,40,cropland
NPDB,0054691,NA,NA,FALSE,40,cropland
NPDB,0054693,NA,NA,FALSE,40,cropland
NPDB,0054694,NA,NA,FALSE,30,grassland
NPDB,0054697,NA,NA,FALSE,40,cropland
NPDB,0054698,NA,NA,FALSE,40,cropland
NPDB,0054700,NA,NA,FALSE,40,cropland
NPDB,0054702,NA,NA,FALSE,30,grassland
NPDB,0054703,NA,NA,FALSE,40,cropland
NPDB,0054704,NA,NA,FALSE,40,cropland
NPDB,0054708,NA,NA,FALSE,40,cropland
NPDB,0054710,NA,NA,FALSE,10,tree cover
NPDB,0054711,NA,NA,FALSE,40,cropland
NPDB,0054712,NA,NA,FALSE,10,tree cover
NPDB,0054713,NA,NA,FALSE,10,tree cover
NPDB,0054714,NA,NA,FALSE,30,grassland
NPDB,0054715,NA,NA,FALSE,10,tree cover
NPDB,0054716,NA,NA,FALSE,10,tree cover
NPDB,0054719,NA,NA,FALSE,40,cropland
NPDB,0054720,NA,NA,FALSE,40,cropland
NPDB,0054722,NA,NA,FALSE,40,cropland
NPDB,0054724,NA,NA,FALSE,40,cropland
NPDB,0054725,NA,NA,FALSE,40,cropland
NPDB,0054726,NA,NA,FALSE,40,cropland
NPDB,0054728,NA,NA,FALSE,40,cropland
NPDB,0054729,NA,NA,FALSE,50,built-up
NPDB,0054730,NA,NA,FALSE,30,grassland
NPDB,0054731,NA,NA,FALSE,10,tree cover
NPDB,0054732,NA,NA,FALSE,10,tree cover
NPDB,0054733,NA,NA,FALSE,40,cropland
NPDB,0054734,NA,NA,FALSE,10,tree cover
NPDB,0054735,NA,NA,FALSE,40,cropland
NPDB,0054736,NA,NA,FALSE,30,grassland
NPDB,0054737,NA,NA,FALSE,10,tree cover
NPDB,0054738,NA,NA,FALSE,30,grassland
NPDB,0054739,NA,NA,FALSE,30,grassland
NPDB,0054740,NA,NA,FALSE,30,grassland
NPDB,0054741,NA,NA,FALSE,40,cropland
NPDB,0054742,NA,NA,FALSE,40,cropland
NPDB,0054743,NA,NA,FALSE,40,cropland
NPDB,0054744,NA,NA,FALSE,40,cropland
NPDB,0054745,NA,NA,FALSE,30,grassland
NPDB,0054746,NA,NA,FALSE,40,cropland
NPDB,0054747,NA,NA,FALSE,10,tree cover
NPDB,0054748,NA,NA,FALSE,10,tree cover
NPDB,0054749,NA,NA,FALSE,10,tree cover
NPDB,0054750,NA,NA,FALSE,10,tree cover
NPDB,0054751,NA,NA,FALSE,30,grassland
NPDB,0054752,NA,NA,FALSE,10,tree cover
NPDB,0054754,NA,NA,FALSE,10,tree cover
NPDB,0054755,NA,NA,FALSE,50,built-up
NPDB,0054756,NA,NA,FALSE,10,tree cover
NPDB,0054757,NA,NA,FALSE,30,grassland
NPDB,0054758,NA,NA,FALSE,10,tree cover
NPDB,0054759,NA,NA,FALSE,10,tree cover
NPDB,0054760,NA,NA,FALSE,10,tree cover
NPDB,0054761,NA,NA,FALSE,10,tree cover
NPDB,0054763,181,permanent water,FALSE,10,tree cover
NPDB,0054764,NA,NA,FALSE,10,tree cover
NPDB,0054765,NA,NA,FALSE,30,grassland
NPDB,0054766,182,swamp,TRUE,30,grassland
NPDB,0054767,NA,NA,FALSE,30,grassland
NPDB,0054768,182,swamp,TRUE,30,grassland
NPDB,0054769,NA,NA,FALSE,30,grassland
NPDB,0054770,NA,NA,FALSE,30,grassland
NPDB,0054771,NA,NA,FALSE,40,cropland
NPDB,0054772,NA,NA,FALSE,10,tree cover
NPDB,0054774,NA,NA,FALSE,10,tree cover
NPDB,0054775,NA,NA,FALSE,40,cropland
NPDB,0054776,NA,NA,FALSE,40,cropland
NPDB,0054777,NA,NA,FALSE,40,cropland
NPDB,0054778,NA,NA,FALSE,40,cropland
NPDB,0054779,NA,NA,FALSE,30,grassland
NPDB,0054780,NA,NA,FALSE,40,cropland
NPDB,0054781,NA,NA,FALSE,10,tree cover
NPDB,0054782,NA,NA,FALSE,40,cropland
NPDB,0054783,NA,NA,FALSE,40,cropland
NPDB,0054785,NA,NA,FALSE,40,cropland
NPDB,0054786,NA,NA,FALSE,40,cropland
NPDB,0054787,NA,NA,FALSE,40,cropland
NPDB,0054788,NA,NA,FALSE,40,cropland
NPDB,0054790,NA,NA,FALSE,40,cropland
NPDB,0054791,NA,NA,FALSE,30,grassland
NPDB,0054792,NA,NA,FALSE,40,cropland
NPDB,0054793,NA,NA,FALSE,10,tree cover
NPDB,0054794,NA,NA,FALSE,40,cropland
NPDB,0054795,NA,NA,FALSE,40,cropland
NPDB,0054796,NA,NA,FALSE,40,cropland
NPDB,0054799,NA,NA,FALSE,40,cropland
NPDB,0054800,NA,NA,FALSE,40,cropland
NPDB,0054801,NA,NA,FALSE,40,cropland
NPDB,0054812,NA,NA,FALSE,40,cropland
NPDB,0054814,NA,NA,FALSE,40,cropland
NPDB,0054817,NA,NA,FALSE,40,cropland
NPDB,0054819,NA,NA,FALSE,40,cropland
NPDB,0054821,NA,NA,FALSE,40,cropland
NPDB,0054824,NA,NA,FALSE,40,cropland
NPDB,0054825,NA,NA,FALSE,40,cropland
NPDB,0054826,NA,NA,FALSE,40,cropland
NPDB,0054829,NA,NA,FALSE,40,cropland
NPDB,0054830,NA,NA,FALSE,40,cropland
NPDB,0054832,NA,NA,FALSE,40,cropland
NPDB,0054833,NA,NA,FALSE,40,cropland
NPDB,0054835,NA,NA,FALSE,40,cropland
NPDB,0054836,NA,NA,FALSE,40,cropland
NPDB,0054837,NA,NA,FALSE,40,cropland
NPDB,0054842,NA,NA,FALSE,40,cropland
NPDB,0054843,NA,NA,FALSE,40,cropland
NPDB,0054844,NA,NA,FALSE,40,cropland
NPDB,0054845,NA,NA,FALSE,40,cropland
NPDB,0054846,NA,NA,FALSE,10,tree cover
NPDB,0054847,NA,NA,FALSE,40,cropland
NPDB,0054849,NA,NA,FALSE,10,tree cover
NPDB,0054850,NA,NA,FALSE,40,cropland
NPDB,0054852,NA,NA,FALSE,10,tree cover
NPDB,0054853,NA,NA,FALSE,40,cropland
NPDB,0054855,NA,NA,FALSE,50,built-up
NPDB,0054859,NA,NA,FALSE,40,cropland
NPDB,0054861,NA,NA,FALSE,40,cropland
NPDB,0054862,NA,NA,FALSE,10,tree cover
NPDB,0054863,NA,NA,FALSE,10,tree cover
NPDB,0054864,NA,NA,FALSE,10,tree cover
NPDB,0054868,NA,NA,FALSE,30,grassland
NPDB,0054870,NA,NA,FALSE,30,grassland
NPDB,0054871,NA,NA,FALSE,10,tree cover
NPDB,0054872,181,permanent water,FALSE,90,herbaceous wetland
NPDB,0054875,NA,NA,FALSE,40,cropland
NPDB,0054876,NA,NA,FALSE,10,tree cover
NPDB,0054877,NA,NA,FALSE,40,cropland
NPDB,0054878,NA,NA,FALSE,40,cropland
NPDB,0054880,NA,NA,FALSE,10,tree cover
NPDB,0054881,NA,NA,FALSE,10,tree cover
NPDB,0054882,NA,NA,FALSE,40,cropland
NPDB,0054883,NA,NA,FALSE,40,cropland
NPDB,0054885,NA,NA,FALSE,40,cropland
NPDB,0054886,NA,NA,FALSE,30,grassland
NPDB,0054887,NA,NA,FALSE,30,grassland
NPDB,0054888,NA,NA,FALSE,10,tree cover
NPDB,0054889,NA,NA,FALSE,10,tree cover
NPDB,0054890,NA,NA,FALSE,30,grassland
NPDB,0054891,NA,NA,FALSE,10,tree cover
NPDB,0054892,NA,NA,FALSE,10,tree cover
NPDB,0054893,NA,NA,FALSE,50,built-up
NPDB,0054894,NA,NA,FALSE,40,cropland
NPDB,0054895,NA,NA,FALSE,60,bare/sparse
NPDB,0054896,NA,NA,FALSE,10,tree cover
NPDB,0054897,NA,NA,FALSE,30,grassland
NPDB,0054898,NA,NA,FALSE,40,cropland
NPDB,0054899,NA,NA,FALSE,10,tree cover
NPDB,0054900,NA,NA,FALSE,30,grassland
NPDB,0054904,NA,NA,FALSE,40,cropland
NPDB,0054905,NA,NA,FALSE,40,cropland
NPDB,0054907,NA,NA,FALSE,40,cropland
NPDB,0054908,NA,NA,FALSE,40,cropland
NPDB,0054913,NA,NA,FALSE,40,cropland
NPDB,0054916,NA,NA,FALSE,40,cropland
NPDB,0054917,NA,NA,FALSE,40,cropland
NPDB,0054918,NA,NA,FALSE,40,cropland
NPDB,0054919,NA,NA,FALSE,40,cropland
NPDB,0054922,NA,NA,FALSE,40,cropland
NPDB,0054923,NA,NA,FALSE,40,cropland
NPDB,0054924,NA,NA,FALSE,40,cropland
NPDB,0054925,NA,NA,FALSE,40,cropland
NPDB,0054932,NA,NA,FALSE,10,tree cover
NPDB,0054933,NA,NA,FALSE,40,cropland
NPDB,0054935,NA,NA,FALSE,10,tree cover
NPDB,0054936,NA,NA,FALSE,10,tree cover
NPDB,0054942,NA,NA,FALSE,40,cropland
NPDB,0054948,NA,NA,FALSE,10,tree cover
NPDB,0054953,180,non-wetland,FALSE,80,permanent water
NPDB,0054957,NA,NA,FALSE,30,grassland
NPDB,0054958,NA,NA,FALSE,10,tree cover
NPDB,0054961,NA,NA,FALSE,10,tree cover
NPDB,0054962,NA,NA,FALSE,10,tree cover
NPDB,0054964,NA,NA,FALSE,10,tree cover
NPDB,0054965,NA,NA,FALSE,10,tree cover
NPDB,0054966,NA,NA,FALSE,10,tree cover
NPDB,0054967,NA,NA,FALSE,30,grassland
NPDB,0054970,NA,NA,FALSE,40,cropland
NPDB,0054972,NA,NA,FALSE,40,cropland
NPDB,0054973,NA,NA,FALSE,10,tree cover
NPDB,0054974,NA,NA,FALSE,40,cropland
NPDB,0054975,NA,NA,FALSE,40,cropland
NPDB,0054976,NA,NA,FALSE,40,cropland
NPDB,0054978,NA,NA,FALSE,40,cropland
NPDB,0054980,NA,NA,FALSE,10,tree cover
NPDB,0054981,NA,NA,FALSE,40,cropland
NPDB,0054983,NA,NA,FALSE,10,tree cover
NPDB,0054984,NA,NA,FALSE,10,tree cover
NPDB,0054985,NA,NA,FALSE,30,grassland
NPDB,0054986,NA,NA,FALSE,10,tree cover
NPDB,0054987,NA,NA,FALSE,10,tree cover
NPDB,0054988,NA,NA,FALSE,30,grassland
NPDB,0054989,NA,NA,FALSE,10,tree cover
NPDB,0054990,NA,NA,FALSE,40,cropland
NPDB,0054991,NA,NA,FALSE,40,cropland
NPDB,0054992,NA,NA,FALSE,10,tree cover
NPDB,0054993,NA,NA,FALSE,10,tree cover
NPDB,0054994,NA,NA,FALSE,30,grassland
NPDB,0054995,NA,NA,FALSE,10,tree cover
NPDB,0054996,NA,NA,FALSE,10,tree cover
NPDB,0054997,NA,NA,FALSE,10,tree cover
NPDB,0054998,NA,NA,FALSE,10,tree cover
NPDB,0054999,NA,NA,FALSE,10,tree cover
NPDB,0055000,NA,NA,FALSE,10,tree cover
NPDB,0055001,NA,NA,FALSE,10,tree cover
NPDB,0055002,NA,NA,FALSE,10,tree cover
NPDB,0055004,NA,NA,FALSE,10,tree cover
NPDB,0055005,NA,NA,FALSE,10,tree cover
NPDB,0055006,NA,NA,FALSE,10,tree cover
NPDB,0055007,NA,NA,FALSE,10,tree cover
NPDB,0055008,NA,NA,FALSE,10,tree cover
NPDB,0055009,NA,NA,FALSE,10,tree cover
NPDB,0055010,NA,NA,FALSE,10,tree cover
NPDB,0055012,NA,NA,FALSE,10,tree cover
NPDB,0055013,NA,NA,FALSE,10,tree cover
NPDB,0055014,NA,NA,FALSE,10,tree cover
NPDB,0055015,NA,NA,FALSE,10,tree cover
NPDB,0055016,NA,NA,FALSE,40,cropland
NPDB,0055017,NA,NA,FALSE,10,tree cover
NPDB,0055018,NA,NA,FALSE,10,tree cover
NPDB,0055020,NA,NA,FALSE,10,tree cover
NPDB,0055021,NA,NA,FALSE,10,tree cover
NPDB,0055023,NA,NA,FALSE,10,tree cover
NPDB,0055024,NA,NA,FALSE,10,tree cover
NPDB,0055025,NA,NA,FALSE,10,tree cover
NPDB,0055026,NA,NA,FALSE,60,bare/sparse
NPDB,0055027,NA,NA,FALSE,10,tree cover
NPDB,0055028,NA,NA,FALSE,10,tree cover
NPDB,0055029,NA,NA,FALSE,10,tree cover
NPDB,0055030,NA,NA,FALSE,10,tree cover
NPDB,0055032,NA,NA,FALSE,10,tree cover
NPDB,0055033,NA,NA,FALSE,10,tree cover
NPDB,0055034,NA,NA,FALSE,10,tree cover
NPDB,0055035,NA,NA,FALSE,10,tree cover
NPDB,0055036,NA,NA,FALSE,30,grassland
NPDB,0055037,NA,NA,FALSE,30,grassland
NPDB,0055038,NA,NA,FALSE,10,tree cover
NPDB,0055039,NA,NA,FALSE,30,grassland
NPDB,0055040,NA,NA,FALSE,40,cropland
NPDB,0055041,NA,NA,FALSE,10,tree cover
NPDB,0055043,NA,NA,FALSE,40,cropland
NPDB,0055044,NA,NA,FALSE,30,grassland
NPDB,0055046,NA,NA,FALSE,30,grassland
NPDB,0055047,NA,NA,FALSE,30,grassland
NPDB,0055048,NA,NA,FALSE,40,cropland
NPDB,0055049,NA,NA,FALSE,40,cropland
NPDB,0055050,NA,NA,FALSE,10,tree cover
NPDB,0055051,NA,NA,FALSE,30,grassland
NPDB,0055052,NA,NA,FALSE,50,built-up
NPDB,0055053,NA,NA,FALSE,30,grassland
NPDB,0055054,NA,NA,FALSE,40,cropland
NPDB,0055055,NA,NA,FALSE,40,cropland
NPDB,0055056,NA,NA,FALSE,30,grassland
NPDB,0055057,NA,NA,FALSE,40,cropland
NPDB,0055058,NA,NA,FALSE,40,cropland
NPDB,0055059,NA,NA,FALSE,10,tree cover
NPDB,0055060,NA,NA,FALSE,10,tree cover
NPDB,0055061,181,permanent water,FALSE,10,tree cover
NPDB,0055062,NA,NA,FALSE,10,tree cover
NPDB,0055063,NA,NA,FALSE,10,tree cover
NPDB,0055064,NA,NA,FALSE,10,tree cover
NPDB,0055065,NA,NA,FALSE,10,tree cover
NPDB,0055066,NA,NA,FALSE,10,tree cover
NPDB,0055067,NA,NA,FALSE,10,tree cover
NPDB,0055068,NA,NA,FALSE,10,tree cover
NPDB,0055069,181,permanent water,FALSE,10,tree cover
NPDB,0055070,181,permanent water,FALSE,10,tree cover
NPDB,0055071,NA,NA,FALSE,10,tree cover
NPDB,0055072,NA,NA,FALSE,10,tree cover
NPDB,0055073,NA,NA,FALSE,30,grassland
NPDB,0055074,181,permanent water,FALSE,10,tree cover
NPDB,0055075,NA,NA,FALSE,40,cropland
NPDB,0055076,NA,NA,FALSE,10,tree cover
NPDB,0055077,NA,NA,FALSE,10,tree cover
NPDB,0055078,181,permanent water,FALSE,10,tree cover
NPDB,0055079,181,permanent water,FALSE,10,tree cover
NPDB,0055081,NA,NA,FALSE,10,tree cover
NPDB,0055082,NA,NA,FALSE,10,tree cover
NPDB,0055083,NA,NA,FALSE,10,tree cover
NPDB,0055084,NA,NA,FALSE,10,tree cover
NPDB,0055085,NA,NA,FALSE,10,tree cover
NPDB,0055086,NA,NA,FALSE,30,grassland
NPDB,0055087,NA,NA,FALSE,30,grassland
NPDB,0055088,NA,NA,FALSE,30,grassland
NPDB,0055089,NA,NA,FALSE,10,tree cover
NPDB,0055090,NA,NA,FALSE,40,cropland
NPDB,0055091,NA,NA,FALSE,50,built-up
NPDB,0055092,NA,NA,FALSE,40,cropland
NPDB,0055093,NA,NA,FALSE,40,cropland
NPDB,0055094,NA,NA,FALSE,30,grassland
NPDB,0055095,NA,NA,FALSE,40,cropland
NPDB,0055096,NA,NA,FALSE,50,built-up
NPDB,0055097,NA,NA,FALSE,10,tree cover
NPDB,0055098,NA,NA,FALSE,40,cropland
NPDB,0055099,NA,NA,FALSE,30,grassland
NPDB,0055100,NA,NA,FALSE,30,grassland
NPDB,0055101,NA,NA,FALSE,30,grassland
NPDB,0055102,NA,NA,FALSE,40,cropland
NPDB,0055103,NA,NA,FALSE,10,tree cover
NPDB,0055104,NA,NA,FALSE,40,cropland
NPDB,0055105,NA,NA,FALSE,30,grassland
NPDB,0055106,NA,NA,FALSE,10,tree cover
NPDB,0055107,NA,NA,FALSE,40,cropland
NPDB,0055108,NA,NA,FALSE,10,tree cover
NPDB,0055109,NA,NA,FALSE,30,grassland
NPDB,0055110,NA,NA,FALSE,10,tree cover
NPDB,0055111,NA,NA,FALSE,30,grassland
NPDB,0065112,NA,NA,FALSE,10,tree cover
NPDB,0065117,NA,NA,FALSE,40,cropland
NPDB,0065119,NA,NA,FALSE,60,bare/sparse
NPDB,0065120,NA,NA,FALSE,40,cropland
NPDB,0065121,NA,NA,FALSE,10,tree cover
NPDB,0065122,NA,NA,FALSE,50,built-up
NPDB,0065123,NA,NA,FALSE,30,grassland
NPDB,0065124,NA,NA,FALSE,50,built-up
NPDB,0065126,NA,NA,FALSE,10,tree cover
NPDB,0065127,NA,NA,FALSE,40,cropland
NPDB,0065128,NA,NA,FALSE,40,cropland
NPDB,0065130,NA,NA,FALSE,40,cropland
NPDB,0065131,NA,NA,FALSE,40,cropland
NPDB,0065132,NA,NA,FALSE,40,cropland
NPDB,0065133,NA,NA,FALSE,10,tree cover
NPDB,0065134,180,non-wetland,FALSE,80,permanent water
NPDB,0065135,NA,NA,FALSE,40,cropland
NPDB,0065136,NA,NA,FALSE,40,cropland
NPDB,0065137,NA,NA,FALSE,10,tree cover
NPDB,0065138,NA,NA,FALSE,40,cropland
NPDB,0065139,NA,NA,FALSE,40,cropland
NPDB,0065140,NA,NA,FALSE,40,cropland
NPDB,0065141,NA,NA,FALSE,10,tree cover
NPDB,0065142,NA,NA,FALSE,10,tree cover
NPDB,0065143,NA,NA,FALSE,10,tree cover
NPDB,0065144,NA,NA,FALSE,10,tree cover
NPDB,0065145,NA,NA,FALSE,40,cropland
NPDB,0065146,NA,NA,FALSE,10,tree cover
NPDB,0065148,NA,NA,FALSE,40,cropland
NPDB,0065149,NA,NA,FALSE,10,tree cover
NPDB,0065150,NA,NA,FALSE,40,cropland
NPDB,0065151,NA,NA,FALSE,10,tree cover
NPDB,0065152,NA,NA,FALSE,40,cropland
NPDB,0065153,NA,NA,FALSE,10,tree cover
NPDB,0065154,NA,NA,FALSE,10,tree cover
NPDB,0065155,NA,NA,FALSE,40,cropland
NPDB,0065156,NA,NA,FALSE,10,tree cover
NPDB,0065157,NA,NA,FALSE,30,grassland
NPDB,0065158,NA,NA,FALSE,30,grassland
NPDB,0065159,NA,NA,FALSE,40,cropland
NPDB,0065160,NA,NA,FALSE,10,tree cover
NPDB,0065161,NA,NA,FALSE,30,grassland
NPDB,0065162,NA,NA,FALSE,40,cropland
NPDB,0065164,NA,NA,FALSE,40,cropland
NPDB,0065167,NA,NA,FALSE,40,cropland
NPDB,0065168,NA,NA,FALSE,50,built-up
NPDB,0065169,NA,NA,FALSE,10,tree cover
NPDB,0065170,NA,NA,FALSE,10,tree cover
NPDB,0065171,NA,NA,FALSE,40,cropland
NPDB,0065175,NA,NA,FALSE,30,grassland
NPDB,0065176,NA,NA,FALSE,10,tree cover
NPDB,0065177,NA,NA,FALSE,40,cropland
NPDB,0065179,NA,NA,FALSE,40,cropland
NPDB,0065180,NA,NA,FALSE,30,grassland
NPDB,0065181,NA,NA,FALSE,40,cropland
NPDB,0065182,NA,NA,FALSE,10,tree cover
NPDB,0065184,NA,NA,FALSE,10,tree cover
NPDB,0065186,NA,NA,FALSE,40,cropland
NPDB,0065188,NA,NA,FALSE,30,grassland
NPDB,0065190,NA,NA,FALSE,40,cropland
NPDB,0065192,NA,NA,FALSE,10,tree cover
NPDB,0065193,NA,NA,FALSE,10,tree cover
NPDB,0065195,NA,NA,FALSE,10,tree cover
NPDB,0065196,NA,NA,FALSE,40,cropland
NPDB,0065198,NA,NA,FALSE,40,cropland
NPDB,0065199,NA,NA,FALSE,10,tree cover
NPDB,0065200,NA,NA,FALSE,40,cropland
NPDB,0065201,NA,NA,FALSE,10,tree cover
NPDB,0065202,181,permanent water,FALSE,40,cropland
NPDB,0065203,NA,NA,FALSE,10,tree cover
NPDB,0065205,NA,NA,FALSE,40,cropland
NPDB,0065206,NA,NA,FALSE,10,tree cover
NPDB,0065207,NA,NA,FALSE,40,cropland
NPDB,0065209,NA,NA,FALSE,10,tree cover
NPDB,0065210,NA,NA,FALSE,10,tree cover
NPDB,0065212,NA,NA,FALSE,50,built-up
NPDB,0065213,NA,NA,FALSE,10,tree cover
NPDB,0065214,NA,NA,FALSE,40,cropland
NPDB,0065215,NA,NA,FALSE,40,cropland
NPDB,0065216,NA,NA,FALSE,10,tree cover
NPDB,0065217,NA,NA,FALSE,40,cropland
NPDB,0065219,NA,NA,FALSE,30,grassland
NPDB,0065220,NA,NA,FALSE,40,cropland
NPDB,0065221,NA,NA,FALSE,10,tree cover
NPDB,0065223,NA,NA,FALSE,40,cropland
NPDB,0065224,NA,NA,FALSE,40,cropland
NPDB,0065225,NA,NA,FALSE,40,cropland
NPDB,0065227,NA,NA,FALSE,90,herbaceous wetland
NPDB,0065229,NA,NA,FALSE,10,tree cover
NPDB,0065230,NA,NA,FALSE,40,cropland
NPDB,0065231,NA,NA,FALSE,40,cropland
NPDB,0065233,NA,NA,FALSE,90,herbaceous wetland
NPDB,0065236,NA,NA,FALSE,40,cropland
NPDB,0065238,NA,NA,FALSE,10,tree cover
NPDB,0065239,NA,NA,FALSE,40,cropland
NPDB,0065240,NA,NA,FALSE,40,cropland
NPDB,0065242,NA,NA,FALSE,10,tree cover
NPDB,0065243,NA,NA,FALSE,50,built-up
NPDB,0065244,NA,NA,FALSE,40,cropland
NPDB,0065245,NA,NA,FALSE,10,tree cover
NPDB,0065246,NA,NA,FALSE,40,cropland
NPDB,0065247,NA,NA,FALSE,40,cropland
NPDB,0075305,NA,NA,FALSE,10,tree cover
NPDB,0075306,NA,NA,FALSE,40,cropland
NPDB,0075307,NA,NA,FALSE,10,tree cover
NPDB,0075308,NA,NA,FALSE,10,tree cover
NPDB,0075309,NA,NA,FALSE,10,tree cover
NPDB,0075310,NA,NA,FALSE,10,tree cover
NPDB,0075311,NA,NA,FALSE,10,tree cover
NPDB,0075312,NA,NA,FALSE,10,tree cover
NPDB,0075313,NA,NA,FALSE,10,tree cover
NPDB,0075314,NA,NA,FALSE,10,tree cover
NPDB,0075316,NA,NA,FALSE,10,tree cover
NPDB,0075317,NA,NA,FALSE,10,tree cover
NPDB,0075318,NA,NA,FALSE,40,cropland
NPDB,0075319,NA,NA,FALSE,40,cropland
NPDB,0075320,NA,NA,FALSE,10,tree cover
NPDB,0075321,NA,NA,FALSE,10,tree cover
NPDB,0075322,NA,NA,FALSE,10,tree cover
NPDB,0075323,NA,NA,FALSE,10,tree cover
NPDB,0075324,NA,NA,FALSE,50,built-up
NPDB,0075326,NA,NA,FALSE,10,tree cover
NPDB,0075328,NA,NA,FALSE,10,tree cover
NPDB,0075329,NA,NA,FALSE,10,tree cover
NPDB,0075330,NA,NA,FALSE,10,tree cover
NPDB,0075331,NA,NA,FALSE,10,tree cover
NPDB,0075332,NA,NA,FALSE,10,tree cover
NPDB,0075333,NA,NA,FALSE,10,tree cover
NPDB,0075334,NA,NA,FALSE,10,tree cover
NPDB,0075335,NA,NA,FALSE,10,tree cover
NPDB,0075336,NA,NA,FALSE,10,tree cover
NPDB,0075337,NA,NA,FALSE,10,tree cover
NPDB,0075338,NA,NA,FALSE,30,grassland
NPDB,0075339,NA,NA,FALSE,10,tree cover
NPDB,0075340,NA,NA,FALSE,10,tree cover
NPDB,0075341,NA,NA,FALSE,10,tree cover
NPDB,0075343,NA,NA,FALSE,10,tree cover
NPDB,0075346,NA,NA,FALSE,10,tree cover
NPDB,0075347,NA,NA,FALSE,10,tree cover
NPDB,0075348,NA,NA,FALSE,10,tree cover
NPDB,0075350,NA,NA,FALSE,10,tree cover
NPDB,0075352,NA,NA,FALSE,10,tree cover
NPDB,0075354,NA,NA,FALSE,10,tree cover
NPDB,0075356,NA,NA,FALSE,10,tree cover
NPDB,0075358,NA,NA,FALSE,10,tree cover
NPDB,0075372,NA,NA,FALSE,30,grassland
NPDB,0075389,NA,NA,FALSE,10,tree cover
NPDB,0075390,NA,NA,FALSE,10,tree cover
NPDB,0075392,NA,NA,FALSE,10,tree cover
NPDB,0075393,NA,NA,FALSE,10,tree cover
NPDB,0075394,NA,NA,FALSE,10,tree cover
NPDB,0075395,NA,NA,FALSE,10,tree cover
NPDB,0075396,NA,NA,FALSE,30,grassland
NPDB,0075409,NA,NA,FALSE,10,tree cover
NPDB,0075413,NA,NA,FALSE,10,tree cover
NPDB,0075414,NA,NA,FALSE,30,grassland
NPDB,0075416,NA,NA,FALSE,10,tree cover
NPDB,0075417,NA,NA,FALSE,10,tree cover
NPDB,0075418,NA,NA,FALSE,10,tree cover
NPDB,0075420,181,permanent water,FALSE,10,tree cover
NPDB,0075421,NA,NA,FALSE,10,tree cover
NPDB,0075424,NA,NA,FALSE,10,tree cover
NPDB,0075428,NA,NA,FALSE,10,tree cover
NPDB,0075430,NA,NA,FALSE,10,tree cover
NPDB,0075431,NA,NA,FALSE,10,tree cover
NPDB,0075434,NA,NA,FALSE,10,tree cover
NPDB,0075435,NA,NA,FALSE,10,tree cover
NPDB,0075436,NA,NA,FALSE,10,tree cover
NPDB,0075439,NA,NA,FALSE,10,tree cover
NPDB,0075441,NA,NA,FALSE,10,tree cover
NPDB,0075442,NA,NA,FALSE,30,grassland
NPDB,0075444,NA,NA,FALSE,30,grassland
NPDB,0075445,NA,NA,FALSE,30,grassland
NPDB,0075446,NA,NA,FALSE,10,tree cover
NPDB,0075447,NA,NA,FALSE,40,cropland
NPDB,0075448,NA,NA,FALSE,10,tree cover
NPDB,0075449,NA,NA,FALSE,10,tree cover
NPDB,0075450,NA,NA,FALSE,10,tree cover
NPDB,0075451,NA,NA,FALSE,10,tree cover
NPDB,0075452,NA,NA,FALSE,10,tree cover
NPDB,0075453,NA,NA,FALSE,10,tree cover
NPDB,0075454,NA,NA,FALSE,10,tree cover
NPDB,0075455,NA,NA,FALSE,10,tree cover
NPDB,0075456,NA,NA,FALSE,30,grassland
NPDB,0075457,NA,NA,FALSE,30,grassland
NPDB,0075458,NA,NA,FALSE,10,tree cover
NPDB,0075459,NA,NA,FALSE,10,tree cover
NPDB,0075460,NA,NA,FALSE,10,tree cover
NPDB,0075461,NA,NA,FALSE,30,grassland
NPDB,0075462,NA,NA,FALSE,10,tree cover
NPDB,0075464,NA,NA,FALSE,10,tree cover
NPDB,0075466,NA,NA,FALSE,10,tree cover
NPDB,0075468,NA,NA,FALSE,10,tree cover
NPDB,0075469,NA,NA,FALSE,10,tree cover
NPDB,0075470,NA,NA,FALSE,10,tree cover
NPDB,0075471,NA,NA,FALSE,10,tree cover
NPDB,0075472,NA,NA,FALSE,10,tree cover
NPDB,0075473,NA,NA,FALSE,30,grassland
NPDB,0075474,NA,NA,FALSE,10,tree cover
NPDB,0075475,NA,NA,FALSE,10,tree cover
NPDB,0075476,NA,NA,FALSE,30,grassland
NPDB,0075477,NA,NA,FALSE,10,tree cover
NPDB,0075478,NA,NA,FALSE,10,tree cover
NPDB,0075479,NA,NA,FALSE,30,grassland
NPDB,0075480,NA,NA,FALSE,10,tree cover
NPDB,0075481,NA,NA,FALSE,10,tree cover
NPDB,0075482,NA,NA,FALSE,30,grassland
NPDB,0075483,NA,NA,FALSE,10,tree cover
NPDB,0075484,NA,NA,FALSE,10,tree cover
NPDB,0075486,NA,NA,FALSE,10,tree cover
NPDB,0075487,NA,NA,FALSE,10,tree cover
NPDB,0075488,NA,NA,FALSE,10,tree cover
NPDB,0075489,NA,NA,FALSE,10,tree cover
NPDB,0075490,NA,NA,FALSE,10,tree cover
NPDB,0075491,NA,NA,FALSE,10,tree cover
NPDB,0075492,NA,NA,FALSE,10,tree cover
NPDB,0075493,NA,NA,FALSE,10,tree cover
NPDB,0075494,NA,NA,FALSE,10,tree cover
NPDB,0075495,NA,NA,FALSE,10,tree cover
NPDB,0075496,NA,NA,FALSE,10,tree cover
NPDB,0075497,NA,NA,FALSE,10,tree cover
NPDB,0075498,NA,NA,FALSE,10,tree cover
NPDB,0075499,NA,NA,FALSE,10,tree cover
NPDB,0075500,NA,NA,FALSE,30,grassland
NPDB,0075501,NA,NA,FALSE,10,tree cover
NPDB,0075502,NA,NA,FALSE,10,tree cover
NPDB,0075503,NA,NA,FALSE,10,tree cover
NPDB,0075504,NA,NA,FALSE,10,tree cover
NPDB,0075505,NA,NA,FALSE,30,grassland
NPDB,0075506,NA,NA,FALSE,10,tree cover
NPDB,0075507,NA,NA,FALSE,10,tree cover
NPDB,0075508,NA,NA,FALSE,30,grassland
NPDB,0075509,NA,NA,FALSE,10,tree cover
NPDB,0075511,NA,NA,FALSE,10,tree cover
NPDB,0075512,NA,NA,FALSE,10,tree cover
NPDB,0075514,NA,NA,FALSE,10,tree cover
NPDB,0075517,NA,NA,FALSE,10,tree cover
NPDB,0075518,NA,NA,FALSE,10,tree cover
NPDB,0075520,NA,NA,FALSE,10,tree cover
NPDB,0075522,NA,NA,FALSE,30,grassland
NPDB,0075523,NA,NA,FALSE,10,tree cover
NPDB,0075524,NA,NA,FALSE,30,grassland
NPDB,0075525,NA,NA,FALSE,10,tree cover
NPDB,0075529,NA,NA,FALSE,10,tree cover
NPDB,0075530,NA,NA,FALSE,10,tree cover
NPDB,0075532,NA,NA,FALSE,10,tree cover
NPDB,0075533,NA,NA,FALSE,10,tree cover
NPDB,0075534,NA,NA,FALSE,30,grassland
NPDB,0075535,NA,NA,FALSE,40,cropland
NPDB,0075536,NA,NA,FALSE,30,grassland
NPDB,0075537,NA,NA,FALSE,10,tree cover
NPDB,0075538,NA,NA,FALSE,10,tree cover
NPDB,0075540,NA,NA,FALSE,80,permanent water
NPDB,0075541,NA,NA,FALSE,30,grassland
NPDB,0075542,182,swamp,TRUE,30,grassland
NPDB,0075543,NA,NA,FALSE,10,tree cover
NPDB,0075544,NA,NA,FALSE,90,herbaceous wetland
NPDB,0075545,NA,NA,FALSE,10,tree cover
NPDB,0075546,NA,NA,FALSE,10,tree cover
NPDB,0075548,NA,NA,FALSE,10,tree cover
NPDB,0075549,NA,NA,FALSE,10,tree cover
NPDB,0075550,NA,NA,FALSE,10,tree cover
NPDB,0075551,NA,NA,FALSE,10,tree cover
NPDB,0075552,NA,NA,FALSE,30,grassland
NPDB,0075553,NA,NA,FALSE,10,tree cover
NPDB,0075555,NA,NA,FALSE,40,cropland
NPDB,0075558,NA,NA,FALSE,10,tree cover
NPDB,0075560,NA,NA,FALSE,10,tree cover
NPDB,0075561,NA,NA,FALSE,40,cropland
NPDB,0075562,NA,NA,FALSE,10,tree cover
NPDB,0075563,NA,NA,FALSE,10,tree cover
NPDB,0075564,NA,NA,FALSE,10,tree cover
NPDB,0075565,NA,NA,FALSE,30,grassland
NPDB,0075567,NA,NA,FALSE,10,tree cover
NPDB,0075568,NA,NA,FALSE,10,tree cover
NPDB,0075569,NA,NA,FALSE,10,tree cover
NPDB,0075570,NA,NA,FALSE,10,tree cover
NPDB,0075571,NA,NA,FALSE,10,tree cover
NPDB,0075572,NA,NA,FALSE,10,tree cover
NPDB,0075573,NA,NA,FALSE,40,cropland
NPDB,0075574,NA,NA,FALSE,40,cropland
NPDB,0075575,NA,NA,FALSE,30,grassland
NPDB,0075576,NA,NA,FALSE,10,tree cover
NPDB,0075577,NA,NA,FALSE,40,cropland
NPDB,0075578,NA,NA,FALSE,10,tree cover
NPDB,0075579,NA,NA,FALSE,10,tree cover
NPDB,0075580,NA,NA,FALSE,10,tree cover
NPDB,0075581,NA,NA,FALSE,10,tree cover
NPDB,0075582,NA,NA,FALSE,10,tree cover
NPDB,0075583,NA,NA,FALSE,10,tree cover
NPDB,0075590,NA,NA,FALSE,40,cropland
NPDB,0075591,NA,NA,FALSE,10,tree cover
NPDB,0075592,NA,NA,FALSE,10,tree cover
NPDB,0075594,NA,NA,FALSE,10,tree cover
NPDB,0075596,NA,NA,FALSE,10,tree cover
NPDB,0075604,NA,NA,FALSE,10,tree cover
NPDB,0075612,NA,NA,FALSE,10,tree cover
NPDB,0075627,NA,NA,FALSE,30,grassland
NPDB,0075630,NA,NA,FALSE,10,tree cover
NPDB,0075631,NA,NA,FALSE,10,tree cover
NPDB,0075632,NA,NA,FALSE,30,grassland
NPDB,0075633,NA,NA,FALSE,10,tree cover
NPDB,0075634,NA,NA,FALSE,30,grassland
NPDB,0075635,NA,NA,FALSE,30,grassland
NPDB,0075636,NA,NA,FALSE,30,grassland
NPDB,0075637,NA,NA,FALSE,40,cropland
NPDB,0075641,NA,NA,FALSE,10,tree cover
NPDB,0075643,NA,NA,FALSE,10,tree cover
NPDB,0075644,NA,NA,FALSE,10,tree cover
NPDB,0075645,NA,NA,FALSE,10,tree cover
NPDB,0075646,NA,NA,FALSE,10,tree cover
NPDB,0075650,NA,NA,FALSE,10,tree cover
NPDB,0075651,NA,NA,FALSE,10,tree cover
NPDB,0075652,NA,NA,FALSE,10,tree cover
NPDB,0075653,NA,NA,FALSE,10,tree cover
NPDB,0075654,NA,NA,FALSE,10,tree cover
NPDB,0075655,180,non-wetland,FALSE,80,permanent water
NPDB,0075657,NA,NA,FALSE,10,tree cover
NPDB,0075659,NA,NA,FALSE,10,tree cover
NPDB,0075662,NA,NA,FALSE,10,tree cover
NPDB,0075663,NA,NA,FALSE,10,tree cover
NPDB,0075666,NA,NA,FALSE,10,tree cover
NPDB,0075669,NA,NA,FALSE,10,tree cover
NPDB,0075670,NA,NA,FALSE,10,tree cover
NPDB,0075671,NA,NA,FALSE,40,cropland
NPDB,0075673,NA,NA,FALSE,10,tree cover
NPDB,0075675,NA,NA,FALSE,40,cropland
NPDB,0075676,NA,NA,FALSE,10,tree cover
NPDB,0075677,NA,NA,FALSE,10,tree cover
NPDB,0075678,NA,NA,FALSE,10,tree cover
NPDB,0075679,NA,NA,FALSE,10,tree cover
NPDB,0075680,NA,NA,FALSE,10,tree cover
NPDB,0075681,NA,NA,FALSE,10,tree cover
NPDB,0075683,NA,NA,FALSE,10,tree cover
NPDB,0075685,NA,NA,FALSE,30,grassland
NPDB,0075686,NA,NA,FALSE,10,tree cover
NPDB,0075687,NA,NA,FALSE,10,tree cover
NPDB,0075689,NA,NA,FALSE,10,tree cover
NPDB,0075690,NA,NA,FALSE,10,tree cover
NPDB,0075691,NA,NA,FALSE,10,tree cover
NPDB,0075692,NA,NA,FALSE,30,grassland
NPDB,0075693,NA,NA,FALSE,10,tree cover
NPDB,0075694,NA,NA,FALSE,10,tree cover
NPDB,0075695,NA,NA,FALSE,10,tree cover
NPDB,0075696,NA,NA,FALSE,40,cropland
NPDB,0075697,NA,NA,FALSE,30,grassland
NPDB,0075698,NA,NA,FALSE,10,tree cover
NPDB,0075699,NA,NA,FALSE,30,grassland
NPDB,0075700,NA,NA,FALSE,40,cropland
NPDB,0075701,NA,NA,FALSE,30,grassland
NPDB,0075704,NA,NA,FALSE,30,grassland
NPDB,0075707,NA,NA,FALSE,40,cropland
NPDB,0075708,NA,NA,FALSE,40,cropland
NPDB,0075710,NA,NA,FALSE,40,cropland
NPDB,0075711,NA,NA,FALSE,40,cropland
NPDB,0075712,NA,NA,FALSE,30,grassland
NPDB,0075713,NA,NA,FALSE,30,grassland
NPDB,0075714,NA,NA,FALSE,10,tree cover
NPDB,0075715,NA,NA,FALSE,10,tree cover
NPDB,0075716,NA,NA,FALSE,30,grassland
NPDB,0075717,NA,NA,FALSE,30,grassland
NPDB,0075718,NA,NA,FALSE,10,tree cover
NPDB,0075719,NA,NA,FALSE,10,tree cover
NPDB,0075720,NA,NA,FALSE,10,tree cover
NPDB,0075721,NA,NA,FALSE,10,tree cover
NPDB,0075722,NA,NA,FALSE,10,tree cover
NPDB,0075723,NA,NA,FALSE,10,tree cover
NPDB,0075724,NA,NA,FALSE,10,tree cover
NPDB,0075725,NA,NA,FALSE,10,tree cover
NPDB,0075726,NA,NA,FALSE,10,tree cover
NPDB,0075727,NA,NA,FALSE,30,grassland
NPDB,0075728,NA,NA,FALSE,30,grassland
NPDB,0075729,NA,NA,FALSE,10,tree cover
NPDB,0075730,NA,NA,FALSE,10,tree cover
NPDB,0075731,NA,NA,FALSE,10,tree cover
NPDB,0075732,NA,NA,FALSE,10,tree cover
NPDB,0075733,NA,NA,FALSE,10,tree cover
NPDB,0075734,NA,NA,FALSE,10,tree cover
NPDB,0075735,NA,NA,FALSE,10,tree cover
NPDB,0075736,NA,NA,FALSE,10,tree cover
NPDB,0075737,NA,NA,FALSE,10,tree cover
NPDB,0075738,NA,NA,FALSE,40,cropland
NPDB,0075739,NA,NA,FALSE,10,tree cover
NPDB,0075742,NA,NA,FALSE,10,tree cover
NPDB,0075743,NA,NA,FALSE,10,tree cover
NPDB,0075744,NA,NA,FALSE,10,tree cover
NPDB,0075748,NA,NA,FALSE,10,tree cover
NPDB,0075749,NA,NA,FALSE,30,grassland
NPDB,0075750,NA,NA,FALSE,10,tree cover
NPDB,0075751,NA,NA,FALSE,10,tree cover
NPDB,0075752,NA,NA,FALSE,30,grassland
NPDB,0075753,NA,NA,FALSE,10,tree cover
NPDB,0075754,NA,NA,FALSE,10,tree cover
NPDB,0075755,NA,NA,FALSE,10,tree cover
NPDB,0075756,NA,NA,FALSE,10,tree cover
NPDB,0075757,NA,NA,FALSE,10,tree cover
NPDB,0075758,NA,NA,FALSE,30,grassland
NPDB,0075759,NA,NA,FALSE,30,grassland
NPDB,0075760,NA,NA,FALSE,10,tree cover
NPDB,0075761,NA,NA,FALSE,40,cropland
NPDB,0075762,NA,NA,FALSE,30,grassland
NPDB,0075763,NA,NA,FALSE,10,tree cover
NPDB,0075764,NA,NA,FALSE,10,tree cover
NPDB,0085765,NA,NA,FALSE,10,tree cover
NPDB,0085766,NA,NA,FALSE,10,tree cover
NPDB,0085768,NA,NA,FALSE,10,tree cover
NPDB,0085769,NA,NA,FALSE,10,tree cover
NPDB,0085770,NA,NA,FALSE,10,tree cover
NPDB,0085771,NA,NA,FALSE,10,tree cover
NPDB,0085772,NA,NA,FALSE,10,tree cover
NPDB,0085773,NA,NA,FALSE,10,tree cover
NPDB,0085774,NA,NA,FALSE,10,tree cover
NPDB,0085775,NA,NA,FALSE,10,tree cover
NPDB,0085776,NA,NA,FALSE,10,tree cover
NPDB,0085778,NA,NA,FALSE,40,cropland
NPDB,0085779,NA,NA,FALSE,30,grassland
NPDB,0085780,NA,NA,FALSE,40,cropland
NPDB,0085781,NA,NA,FALSE,10,tree cover
NPDB,0085782,NA,NA,FALSE,30,grassland
NPDB,0085783,NA,NA,FALSE,10,tree cover
NPDB,0085784,NA,NA,FALSE,40,cropland
NPDB,0085785,NA,NA,FALSE,10,tree cover
NPDB,0085786,NA,NA,FALSE,10,tree cover
NPDB,0085787,NA,NA,FALSE,10,tree cover
NPDB,0085788,NA,NA,FALSE,10,tree cover
NPDB,0085789,NA,NA,FALSE,10,tree cover
NPDB,0085790,NA,NA,FALSE,10,tree cover
NPDB,0085791,NA,NA,FALSE,10,tree cover
NPDB,0085792,NA,NA,FALSE,30,grassland
NPDB,0085793,NA,NA,FALSE,10,tree cover
NPDB,0085795,NA,NA,FALSE,10,tree cover
NPDB,0085796,NA,NA,FALSE,10,tree cover
NPDB,0085797,NA,NA,FALSE,30,grassland
NPDB,0085798,NA,NA,FALSE,30,grassland
NPDB,0085799,NA,NA,FALSE,10,tree cover
NPDB,0085800,NA,NA,FALSE,30,grassland
NPDB,0085801,NA,NA,FALSE,30,grassland
NPDB,0085803,NA,NA,FALSE,30,grassland
NPDB,0085804,NA,NA,FALSE,10,tree cover
NPDB,0085805,NA,NA,FALSE,10,tree cover
NPDB,0085806,NA,NA,FALSE,10,tree cover
NPDB,0085807,NA,NA,FALSE,10,tree cover
NPDB,0085808,NA,NA,FALSE,10,tree cover
NPDB,0085809,NA,NA,FALSE,10,tree cover
NPDB,0085810,NA,NA,FALSE,10,tree cover
NPDB,0085811,NA,NA,FALSE,10,tree cover
NPDB,0085812,NA,NA,FALSE,30,grassland
NPDB,0085813,NA,NA,FALSE,10,tree cover
NPDB,0085814,NA,NA,FALSE,10,tree cover
NPDB,0085815,NA,NA,FALSE,40,cropland
NPDB,0085816,NA,NA,FALSE,30,grassland
NPDB,0085817,NA,NA,FALSE,10,tree cover
NPDB,0085818,NA,NA,FALSE,10,tree cover
NPDB,0085819,NA,NA,FALSE,10,tree cover
NPDB,0085820,NA,NA,FALSE,10,tree cover
NPDB,0085822,NA,NA,FALSE,10,tree cover
NPDB,0085823,NA,NA,FALSE,30,grassland
NPDB,0085824,NA,NA,FALSE,10,tree cover
NPDB,0085825,NA,NA,FALSE,10,tree cover
NPDB,0085826,NA,NA,FALSE,10,tree cover
NPDB,0085827,NA,NA,FALSE,10,tree cover
NPDB,0085828,NA,NA,FALSE,10,tree cover
NPDB,0085829,NA,NA,FALSE,30,grassland
NPDB,0085830,NA,NA,FALSE,30,grassland
NPDB,0085831,NA,NA,FALSE,10,tree cover
NPDB,0085832,NA,NA,FALSE,10,tree cover
NPDB,0085833,NA,NA,FALSE,10,tree cover
NPDB,0085834,NA,NA,FALSE,10,tree cover
NPDB,0085835,NA,NA,FALSE,10,tree cover
NPDB,0085836,NA,NA,FALSE,30,grassland
NPDB,0085837,NA,NA,FALSE,10,tree cover
NPDB,0085838,NA,NA,FALSE,10,tree cover
NPDB,0085839,NA,NA,FALSE,10,tree cover
NPDB,0085840,NA,NA,FALSE,10,tree cover
NPDB,0085841,NA,NA,FALSE,10,tree cover
NPDB,0085842,NA,NA,FALSE,10,tree cover
NPDB,0085843,NA,NA,FALSE,10,tree cover
NPDB,0085844,NA,NA,FALSE,10,tree cover
NPDB,0085845,NA,NA,FALSE,10,tree cover
NPDB,0085846,NA,NA,FALSE,40,cropland
NPDB,0085847,NA,NA,FALSE,30,grassland
NPDB,0085848,NA,NA,FALSE,10,tree cover
NPDB,0085849,NA,NA,FALSE,10,tree cover
NPDB,0085850,NA,NA,FALSE,10,tree cover
NPDB,0085851,NA,NA,FALSE,30,grassland
NPDB,0085852,NA,NA,FALSE,10,tree cover
NPDB,0085853,NA,NA,FALSE,10,tree cover
NPDB,0085854,NA,NA,FALSE,10,tree cover
NPDB,0085855,NA,NA,FALSE,10,tree cover
NPDB,0085856,NA,NA,FALSE,10,tree cover
NPDB,0085857,NA,NA,FALSE,10,tree cover
NPDB,0085858,NA,NA,FALSE,10,tree cover
NPDB,0085859,NA,NA,FALSE,30,grassland
NPDB,0085860,NA,NA,FALSE,30,grassland
NPDB,0085861,NA,NA,FALSE,40,cropland
NPDB,0085862,NA,NA,FALSE,10,tree cover
NPDB,0085863,NA,NA,FALSE,10,tree cover
NPDB,0085864,NA,NA,FALSE,40,cropland
NPDB,0085865,NA,NA,FALSE,30,grassland
NPDB,0085866,NA,NA,FALSE,10,tree cover
NPDB,0085867,NA,NA,FALSE,10,tree cover
NPDB,0085868,NA,NA,FALSE,30,grassland
NPDB,0085869,NA,NA,FALSE,40,cropland
NPDB,0085870,NA,NA,FALSE,30,grassland
NPDB,0085871,NA,NA,FALSE,30,grassland
NPDB,0085872,NA,NA,FALSE,30,grassland
NPDB,0085873,NA,NA,FALSE,30,grassland
NPDB,0085874,NA,NA,FALSE,40,cropland
NPDB,0085875,NA,NA,FALSE,10,tree cover
NPDB,0085876,NA,NA,FALSE,30,grassland
NPDB,0085877,NA,NA,FALSE,40,cropland
NPDB,0085878,NA,NA,FALSE,10,tree cover
NPDB,0085879,NA,NA,FALSE,40,cropland
NPDB,0085880,NA,NA,FALSE,30,grassland
NPDB,0085881,NA,NA,FALSE,40,cropland
NPDB,0085882,NA,NA,FALSE,40,cropland
NPDB,0085883,NA,NA,FALSE,40,cropland
NPDB,0085884,NA,NA,FALSE,30,grassland
NPDB,0085899,NA,NA,FALSE,40,cropland
NPDB,0085900,NA,NA,FALSE,40,cropland
NPDB,0085901,NA,NA,FALSE,40,cropland
NPDB,0085902,NA,NA,FALSE,30,grassland
NPDB,0085903,NA,NA,FALSE,40,cropland
NPDB,0085904,NA,NA,FALSE,40,cropland
NPDB,0095905,NA,NA,FALSE,30,grassland
NPDB,0095906,NA,NA,FALSE,40,cropland
NPDB,0095907,NA,NA,FALSE,10,tree cover
NPDB,0095908,NA,NA,FALSE,40,cropland
NPDB,0095909,NA,NA,FALSE,30,grassland
NPDB,0095910,NA,NA,FALSE,30,grassland
NPDB,0095911,NA,NA,FALSE,10,tree cover
NPDB,0095912,NA,NA,FALSE,10,tree cover
NPDB,0095914,NA,NA,FALSE,10,tree cover
NPDB,0095915,NA,NA,FALSE,10,tree cover
NPDB,0095916,NA,NA,FALSE,10,tree cover
NPDB,0095917,NA,NA,FALSE,10,tree cover
NPDB,0095918,NA,NA,FALSE,10,tree cover
NPDB,0095920,NA,NA,FALSE,10,tree cover
NPDB,0095921,NA,NA,FALSE,40,cropland
NPDB,0095922,NA,NA,FALSE,10,tree cover
NPDB,0095923,NA,NA,FALSE,10,tree cover
NPDB,0095924,NA,NA,FALSE,10,tree cover
NPDB,0095925,NA,NA,FALSE,10,tree cover
NPDB,0095926,NA,NA,FALSE,30,grassland
NPDB,0095928,NA,NA,FALSE,10,tree cover
NPDB,0095931,NA,NA,FALSE,10,tree cover
NPDB,0095932,NA,NA,FALSE,10,tree cover
NPDB,0095933,NA,NA,FALSE,10,tree cover
NPDB,0095934,NA,NA,FALSE,10,tree cover
NPDB,0095935,NA,NA,FALSE,10,tree cover
NPDB,0095936,NA,NA,FALSE,10,tree cover
NPDB,0095937,NA,NA,FALSE,10,tree cover
NPDB,0095938,NA,NA,FALSE,40,cropland
NPDB,0095939,NA,NA,FALSE,10,tree cover
NPDB,0095940,NA,NA,FALSE,10,tree cover
NPDB,0095941,NA,NA,FALSE,30,grassland
NPDB,0095942,NA,NA,FALSE,10,tree cover
NPDB,0095943,NA,NA,FALSE,30,grassland
NPDB,0095944,NA,NA,FALSE,40,cropland
NPDB,0095945,NA,NA,FALSE,10,tree cover
NPDB,0095946,NA,NA,FALSE,10,tree cover
NPDB,0095947,NA,NA,FALSE,30,grassland
NPDB,0095948,NA,NA,FALSE,40,cropland
NPDB,0095949,NA,NA,FALSE,40,cropland
NPDB,0095950,NA,NA,FALSE,10,tree cover
NPDB,0095952,NA,NA,FALSE,30,grassland
NPDB,0095953,NA,NA,FALSE,40,cropland
NPDB,0095955,NA,NA,FALSE,30,grassland
NPDB,0095956,NA,NA,FALSE,10,tree cover
NPDB,0095957,NA,NA,FALSE,10,tree cover
NPDB,0095959,NA,NA,FALSE,30,grassland
NPDB,0095961,NA,NA,FALSE,40,cropland
NPDB,0095962,NA,NA,FALSE,40,cropland
NPDB,0095963,NA,NA,FALSE,30,grassland
NPDB,0095965,NA,NA,FALSE,30,grassland
NPDB,0095966,NA,NA,FALSE,30,grassland
NPDB,0095967,NA,NA,FALSE,10,tree cover
NPDB,0095969,NA,NA,FALSE,10,tree cover
NPDB,0095970,NA,NA,FALSE,10,tree cover
NPDB,0095971,NA,NA,FALSE,30,grassland
NPDB,0105973,NA,NA,FALSE,10,tree cover
NPDB,0105974,NA,NA,FALSE,10,tree cover
NPDB,0105975,NA,NA,FALSE,80,permanent water
NPDB,0105976,NA,NA,FALSE,10,tree cover
NPDB,0105977,NA,NA,FALSE,10,tree cover
NPDB,0105978,NA,NA,FALSE,10,tree cover
NPDB,0105979,NA,NA,FALSE,10,tree cover
NPDB,0105980,NA,NA,FALSE,10,tree cover
NPDB,0105981,NA,NA,FALSE,10,tree cover
NPDB,0105982,NA,NA,FALSE,10,tree cover
NPDB,0105983,NA,NA,FALSE,30,grassland
NPDB,0105984,NA,NA,FALSE,10,tree cover
NPDB,0105986,NA,NA,FALSE,10,tree cover
NPDB,0105987,NA,NA,FALSE,10,tree cover
NPDB,0105988,NA,NA,FALSE,10,tree cover
NPDB,0105989,NA,NA,FALSE,10,tree cover
NPDB,0105990,NA,NA,FALSE,30,grassland
NPDB,0105991,182,swamp,TRUE,30,grassland
NPDB,0105992,NA,NA,FALSE,10,tree cover
NPDB,0105994,NA,NA,FALSE,30,grassland
NPDB,0105995,NA,NA,FALSE,10,tree cover
NPDB,0106001,NA,NA,FALSE,10,tree cover
NPDB,0106005,NA,NA,FALSE,30,grassland
NPDB,0106013,NA,NA,FALSE,10,tree cover
NPDB,0106014,NA,NA,FALSE,30,grassland
NPDB,0106018,NA,NA,FALSE,30,grassland
NPDB,0106026,NA,NA,FALSE,10,tree cover
NPDB,0106027,NA,NA,FALSE,10,tree cover
NPDB,0106030,NA,NA,FALSE,30,grassland
NPDB,0106031,NA,NA,FALSE,30,grassland
NPDB,0106032,180,non-wetland,FALSE,80,permanent water
NPDB,0106039,NA,NA,FALSE,10,tree cover
NPDB,0106049,181,permanent water,FALSE,30,grassland
NPDB,0106050,NA,NA,FALSE,10,tree cover
NPDB,0106051,NA,NA,FALSE,30,grassland
NPDB,0106052,NA,NA,FALSE,10,tree cover
NPDB,0106053,NA,NA,FALSE,10,tree cover
NPDB,0106054,NA,NA,FALSE,10,tree cover
NPDB,0106055,NA,NA,FALSE,30,grassland
NPDB,0106056,NA,NA,FALSE,10,tree cover
NPDB,0106057,NA,NA,FALSE,10,tree cover
NPDB,0106058,NA,NA,FALSE,10,tree cover
NPDB,0106059,NA,NA,FALSE,10,tree cover
NPDB,0106060,NA,NA,FALSE,10,tree cover
NPDB,0106061,NA,NA,FALSE,30,grassland
NPDB,0106062,180,non-wetland,FALSE,80,permanent water
NPDB,0106063,NA,NA,FALSE,60,bare/sparse
NPDB,0106064,NA,NA,FALSE,30,grassland
NPDB,0106065,NA,NA,FALSE,30,grassland
NPDB,0106066,180,non-wetland,FALSE,80,permanent water
NPDB,0106067,NA,NA,FALSE,10,tree cover
NPDB,0106068,NA,NA,FALSE,10,tree cover
NPDB,0106069,NA,NA,FALSE,10,tree cover
NPDB,0106070,181,permanent water,FALSE,80,permanent water
NPDB,0106074,NA,NA,FALSE,10,tree cover
NPDB,0106081,181,permanent water,FALSE,30,grassland
NPDB,0106084,NA,NA,FALSE,10,tree cover
NPDB,0106087,NA,NA,FALSE,10,tree cover
NPDB,0106089,NA,NA,FALSE,10,tree cover
NPDB,0106103,NA,NA,FALSE,30,grassland
NPDB,0106104,NA,NA,FALSE,30,grassland
NPDB,0106105,NA,NA,FALSE,30,grassland
NPDB,0106106,NA,NA,FALSE,10,tree cover
NPDB,0106107,NA,NA,FALSE,10,tree cover
NPDB,0106108,NA,NA,FALSE,10,tree cover
NPDB,0106109,NA,NA,FALSE,10,tree cover
NPDB,0106110,NA,NA,FALSE,100,moss and lichen
NPDB,0106111,NA,NA,FALSE,10,tree cover
NPDB,0106113,NA,NA,FALSE,10,tree cover
NPDB,0106114,NA,NA,FALSE,10,tree cover
NPDB,0106115,NA,NA,FALSE,10,tree cover
NPDB,0106116,NA,NA,FALSE,30,grassland
NPDB,0106117,NA,NA,FALSE,10,tree cover
NPDB,0106118,NA,NA,FALSE,30,grassland
NPDB,0106119,182,swamp,TRUE,90,herbaceous wetland
NPDB,0106123,NA,NA,FALSE,30,grassland
NPDB,0106139,NA,NA,FALSE,30,grassland
NPDB,0106140,NA,NA,FALSE,30,grassland
NPDB,0106141,NA,NA,FALSE,30,grassland
NPDB,0106142,NA,NA,FALSE,10,tree cover
NPDB,0106143,NA,NA,FALSE,10,tree cover
NPDB,0106144,NA,NA,FALSE,30,grassland
NPDB,0106145,NA,NA,FALSE,10,tree cover
NPDB,0106146,NA,NA,FALSE,10,tree cover
NPDB,0106147,NA,NA,FALSE,10,tree cover
NPDB,0106148,NA,NA,FALSE,10,tree cover
NPDB,0106149,NA,NA,FALSE,10,tree cover
NPDB,0106150,NA,NA,FALSE,10,tree cover
NPDB,0106151,NA,NA,FALSE,30,grassland
NPDB,0106153,NA,NA,FALSE,10,tree cover
NPDB,0106154,NA,NA,FALSE,10,tree cover
NPDB,0106155,NA,NA,FALSE,10,tree cover
NPDB,0106156,NA,NA,FALSE,30,grassland
NPDB,0106157,NA,NA,FALSE,10,tree cover
NPDB,0106158,NA,NA,FALSE,10,tree cover
NPDB,0106159,NA,NA,FALSE,10,tree cover
NPDB,0106160,NA,NA,FALSE,10,tree cover
NPDB,0106161,NA,NA,FALSE,10,tree cover
NPDB,0106162,NA,NA,FALSE,10,tree cover
NPDB,0106163,NA,NA,FALSE,30,grassland
NPDB,0106164,NA,NA,FALSE,10,tree cover
NPDB,0106165,NA,NA,FALSE,10,tree cover
NPDB,0106166,NA,NA,FALSE,10,tree cover
NPDB,0106167,NA,NA,FALSE,10,tree cover
NPDB,0106168,NA,NA,FALSE,10,tree cover
NPDB,0106169,NA,NA,FALSE,10,tree cover
NPDB,0106170,NA,NA,FALSE,30,grassland
NPDB,0106171,NA,NA,FALSE,10,tree cover
NPDB,0106172,NA,NA,FALSE,30,grassland
NPDB,0106173,NA,NA,FALSE,10,tree cover
NPDB,0106174,NA,NA,FALSE,10,tree cover
NPDB,0106175,NA,NA,FALSE,10,tree cover
NPDB,0106176,NA,NA,FALSE,10,tree cover
NPDB,0106178,NA,NA,FALSE,10,tree cover
NPDB,0106179,NA,NA,FALSE,10,tree cover
NPDB,0106180,NA,NA,FALSE,10,tree cover
NPDB,0106181,NA,NA,FALSE,10,tree cover
NPDB,0106182,NA,NA,FALSE,10,tree cover
NPDB,0106183,NA,NA,FALSE,10,tree cover
NPDB,0106184,NA,NA,FALSE,10,tree cover
NPDB,0106185,NA,NA,FALSE,10,tree cover
NPDB,0106186,NA,NA,FALSE,10,tree cover
NPDB,0106187,NA,NA,FALSE,10,tree cover
NPDB,0106188,NA,NA,FALSE,10,tree cover
NPDB,0106190,NA,NA,FALSE,10,tree cover
NPDB,0106192,NA,NA,FALSE,30,grassland
NPDB,0106197,NA,NA,FALSE,30,grassland
NPDB,0106205,NA,NA,FALSE,30,grassland
NPDB,0106207,NA,NA,FALSE,10,tree cover
NPDB,0106208,NA,NA,FALSE,10,tree cover
NPDB,0106209,NA,NA,FALSE,10,tree cover
NPDB,0106210,NA,NA,FALSE,10,tree cover
NPDB,0106211,182,swamp,TRUE,30,grassland
NPDB,0106212,NA,NA,FALSE,30,grassland
NPDB,0106213,NA,NA,FALSE,10,tree cover
NPDB,0106214,NA,NA,FALSE,30,grassland
NPDB,0106215,NA,NA,FALSE,30,grassland
NPDB,0106216,NA,NA,FALSE,10,tree cover
NPDB,0106217,NA,NA,FALSE,10,tree cover
NPDB,0106218,NA,NA,FALSE,30,grassland
NPDB,0106219,NA,NA,FALSE,10,tree cover
NPDB,0106220,NA,NA,FALSE,10,tree cover
NPDB,0106221,NA,NA,FALSE,10,tree cover
NPDB,0106222,NA,NA,FALSE,10,tree cover
NPDB,0106223,182,swamp,TRUE,30,grassland
NPDB,0106224,NA,NA,FALSE,10,tree cover
NPDB,0106225,NA,NA,FALSE,10,tree cover
NPDB,0106226,NA,NA,FALSE,30,grassland
NPDB,0106227,182,swamp,TRUE,30,grassland
NPDB,0106228,NA,NA,FALSE,30,grassland
NPDB,0106229,NA,NA,FALSE,10,tree cover
NPDB,0106230,NA,NA,FALSE,10,tree cover
NPDB,0106231,NA,NA,FALSE,10,tree cover
NPDB,0106232,NA,NA,FALSE,10,tree cover
NPDB,0106233,NA,NA,FALSE,10,tree cover
NPDB,0106234,NA,NA,FALSE,10,tree cover
NPDB,0106235,NA,NA,FALSE,30,grassland
NPDB,0106236,NA,NA,FALSE,30,grassland
NPDB,0106237,NA,NA,FALSE,10,tree cover
NPDB,0106238,180,non-wetland,FALSE,80,permanent water
NPDB,0106239,NA,NA,FALSE,10,tree cover
NPDB,0106240,NA,NA,FALSE,10,tree cover
NPDB,0106241,NA,NA,FALSE,10,tree cover
NPDB,0106242,NA,NA,FALSE,30,grassland
NPDB,0106243,NA,NA,FALSE,30,grassland
NPDB,0106244,NA,NA,FALSE,30,grassland
NPDB,0106245,NA,NA,FALSE,30,grassland
NPDB,0106246,NA,NA,FALSE,90,herbaceous wetland
NPDB,0106247,181,permanent water,FALSE,90,herbaceous wetland
NPDB,0106248,NA,NA,FALSE,30,grassland
NPDB,0106249,NA,NA,FALSE,30,grassland
NPDB,0106250,NA,NA,FALSE,30,grassland
NPDB,0106251,NA,NA,FALSE,30,grassland
NPDB,0106252,NA,NA,FALSE,10,tree cover
NPDB,0106253,NA,NA,FALSE,10,tree cover
NPDB,0106255,NA,NA,FALSE,10,tree cover
NPDB,0106257,NA,NA,FALSE,30,grassland
NPDB,0106258,NA,NA,FALSE,30,grassland
NPDB,0106260,NA,NA,FALSE,10,tree cover
NPDB,0106264,NA,NA,FALSE,10,tree cover
NPDB,0106266,NA,NA,FALSE,30,grassland
NPDB,0106267,NA,NA,FALSE,10,tree cover
NPDB,0106271,NA,NA,FALSE,30,grassland
NPDB,0106272,NA,NA,FALSE,30,grassland
NPDB,0106274,NA,NA,FALSE,10,tree cover
NPDB,0106275,NA,NA,FALSE,30,grassland
NPDB,0106277,NA,NA,FALSE,10,tree cover
NPDB,0106281,NA,NA,FALSE,10,tree cover
NPDB,0106282,NA,NA,FALSE,10,tree cover
NPDB,0106283,NA,NA,FALSE,30,grassland
NPDB,0106284,NA,NA,FALSE,30,grassland
NPDB,0106285,NA,NA,FALSE,10,tree cover
NPDB,0106286,NA,NA,FALSE,30,grassland
NPDB,0106287,NA,NA,FALSE,10,tree cover
NPDB,0106290,NA,NA,FALSE,10,tree cover
NPDB,0106291,NA,NA,FALSE,30,grassland
NPDB,0106292,NA,NA,FALSE,30,grassland
NPDB,0106293,NA,NA,FALSE,10,tree cover
NPDB,0106294,NA,NA,FALSE,50,built-up
NPDB,0106295,NA,NA,FALSE,30,grassland
NPDB,0106296,NA,NA,FALSE,10,tree cover
NPDB,0106297,NA,NA,FALSE,10,tree cover
NPDB,0106298,NA,NA,FALSE,30,grassland
NPDB,0116301,NA,NA,FALSE,30,grassland
NPDB,0116302,NA,NA,FALSE,10,tree cover
NPDB,0116303,NA,NA,FALSE,10,tree cover
NPDB,0116304,180,non-wetland,FALSE,80,permanent water
NPDB,0116307,NA,NA,FALSE,10,tree cover
NPDB,0116309,NA,NA,FALSE,10,tree cover
NPDB,0116310,NA,NA,FALSE,10,tree cover
NPDB,0116312,NA,NA,FALSE,10,tree cover
NPDB,0116313,NA,NA,FALSE,10,tree cover
NPDB,0116314,NA,NA,FALSE,10,tree cover
NPDB,0116315,180,non-wetland,FALSE,80,permanent water
NPDB,0116316,NA,NA,FALSE,10,tree cover
NPDB,0116317,NA,NA,FALSE,10,tree cover
NPDB,0116318,NA,NA,FALSE,10,tree cover
NPDB,0116319,NA,NA,FALSE,10,tree cover
NPDB,0116320,NA,NA,FALSE,10,tree cover
NPDB,0116321,NA,NA,FALSE,10,tree cover
NPDB,0116322,180,non-wetland,FALSE,80,permanent water
NPDB,0116323,NA,NA,FALSE,20,shrubland
NPDB,0116324,NA,NA,FALSE,10,tree cover
NPDB,0116325,NA,NA,FALSE,10,tree cover
NPDB,0116326,NA,NA,FALSE,10,tree cover
NPDB,0116327,NA,NA,FALSE,10,tree cover
NPDB,0116328,NA,NA,FALSE,10,tree cover
NPDB,0116329,NA,NA,FALSE,10,tree cover
NPDB,0116330,NA,NA,FALSE,20,shrubland
NPDB,0116332,180,non-wetland,FALSE,80,permanent water
NPDB,0116333,NA,NA,FALSE,20,shrubland
NPDB,0116334,NA,NA,FALSE,20,shrubland
NPDB,0116335,NA,NA,FALSE,10,tree cover
NPDB,0116336,NA,NA,FALSE,10,tree cover
NPDB,0116337,181,permanent water,FALSE,10,tree cover
NPDB,0116338,NA,NA,FALSE,10,tree cover
NPDB,0116339,NA,NA,FALSE,30,grassland
NPDB,0116340,181,permanent water,FALSE,30,grassland
NPDB,0116341,NA,NA,FALSE,10,tree cover
NPDB,0116342,NA,NA,FALSE,10,tree cover
NPDB,0116343,NA,NA,FALSE,10,tree cover
NPDB,0116344,NA,NA,FALSE,20,shrubland
NPDB,0116345,NA,NA,FALSE,10,tree cover
NPDB,0116346,NA,NA,FALSE,10,tree cover
NPDB,0116347,NA,NA,FALSE,10,tree cover
NPDB,0116348,180,non-wetland,FALSE,80,permanent water
NPDB,0116349,NA,NA,FALSE,10,tree cover
NPDB,0116350,NA,NA,FALSE,10,tree cover
NPDB,0116351,NA,NA,FALSE,10,tree cover
NPDB,0116352,NA,NA,FALSE,10,tree cover
NPDB,0116353,NA,NA,FALSE,10,tree cover
NPDB,0116354,NA,NA,FALSE,30,grassland
NPDB,0116357,NA,NA,FALSE,10,tree cover
NPDB,0116358,NA,NA,FALSE,10,tree cover
NPDB,0116359,182,swamp,TRUE,10,tree cover
NPDB,0116360,180,non-wetland,FALSE,80,permanent water
NPDB,0116361,NA,NA,FALSE,10,tree cover
NPDB,0116362,NA,NA,FALSE,10,tree cover
NPDB,0116363,NA,NA,FALSE,10,tree cover
NPDB,0116364,180,non-wetland,FALSE,80,permanent water
NPDB,0116365,NA,NA,FALSE,10,tree cover
NPDB,0116367,NA,NA,FALSE,10,tree cover
NPDB,0116368,180,non-wetland,FALSE,80,permanent water
NPDB,0116369,182,swamp,TRUE,20,shrubland
NPDB,0116370,NA,NA,FALSE,10,tree cover
NPDB,0116372,NA,NA,FALSE,10,tree cover
NPDB,0116373,NA,NA,FALSE,10,tree cover
NPDB,0116374,NA,NA,FALSE,10,tree cover
NPDB,0116375,NA,NA,FALSE,10,tree cover
NPDB,0116376,NA,NA,FALSE,10,tree cover
NPDB,0116378,NA,NA,FALSE,10,tree cover
NPDB,0116379,180,non-wetland,FALSE,100,moss and lichen
NPDB,0116380,NA,NA,FALSE,10,tree cover
NPDB,0116381,NA,NA,FALSE,30,grassland
NPDB,0116382,182,swamp,TRUE,30,grassland
NPDB,0116383,NA,NA,FALSE,10,tree cover
NPDB,0116384,NA,NA,FALSE,10,tree cover
NPDB,0116385,NA,NA,FALSE,10,tree cover
NPDB,0116386,NA,NA,FALSE,10,tree cover
NPDB,0116387,NA,NA,FALSE,10,tree cover
NPDB,0116388,NA,NA,FALSE,10,tree cover
NPDB,0116389,NA,NA,FALSE,10,tree cover
NPDB,0116390,NA,NA,FALSE,10,tree cover
NPDB,0116391,NA,NA,FALSE,30,grassland
NPDB,0116392,NA,NA,FALSE,80,permanent water
NPDB,0116394,NA,NA,FALSE,90,herbaceous wetland
NPDB,0116396,NA,NA,FALSE,30,grassland
NPDB,0116397,NA,NA,FALSE,20,shrubland
NPDB,0116399,NA,NA,FALSE,10,tree cover
NPDB,0116401,NA,NA,FALSE,30,grassland
NPDB,0116402,NA,NA,FALSE,30,grassland
NPDB,0116403,NA,NA,FALSE,80,permanent water
NPDB,0116404,NA,NA,FALSE,10,tree cover
NPDB,0116406,NA,NA,FALSE,30,grassland
NPDB,0116407,180,non-wetland,FALSE,80,permanent water
NPDB,0116408,NA,NA,FALSE,10,tree cover
NPDB,0116411,NA,NA,FALSE,10,tree cover
NPDB,0116413,NA,NA,FALSE,10,tree cover
NPDB,0116418,NA,NA,FALSE,10,tree cover
NPDB,0116419,NA,NA,FALSE,30,grassland
NPDB,0116423,NA,NA,FALSE,10,tree cover
NPDB,0116424,NA,NA,FALSE,10,tree cover
NPDB,0116426,NA,NA,FALSE,10,tree cover
NPDB,0116428,NA,NA,FALSE,30,grassland
NPDB,0116429,NA,NA,FALSE,30,grassland
NPDB,0116436,NA,NA,FALSE,30,grassland
NPDB,0116439,NA,NA,FALSE,30,grassland
NPDB,0116474,180,non-wetland,FALSE,80,permanent water
NPDB,0116475,NA,NA,FALSE,30,grassland
NPDB,0116476,NA,NA,FALSE,20,shrubland
NPDB,0116477,NA,NA,FALSE,30,grassland
NPDB,0116478,180,non-wetland,FALSE,80,permanent water
NPDB,0116481,NA,NA,FALSE,30,grassland
NPDB,0116483,NA,NA,FALSE,30,grassland
NPDB,0116484,NA,NA,FALSE,30,grassland
NPDB,0116485,NA,NA,FALSE,30,grassland
NPDB,0116486,NA,NA,FALSE,90,herbaceous wetland
NPDB,0116487,180,non-wetland,FALSE,80,permanent water
NPDB,0116489,NA,NA,FALSE,90,herbaceous wetland
NPDB,0116490,NA,NA,FALSE,30,grassland
NPDB,0116491,NA,NA,FALSE,30,grassland
NPDB,0116493,NA,NA,FALSE,30,grassland
NPDB,0116494,NA,NA,FALSE,10,tree cover
NPDB,0116496,NA,NA,FALSE,10,tree cover
NPDB,0116497,NA,NA,FALSE,10,tree cover
NPDB,0116499,180,non-wetland,FALSE,80,permanent water
NPDB,0116501,182,swamp,TRUE,30,grassland
NPDB,0116503,180,non-wetland,FALSE,80,permanent water
NPDB,0116507,NA,NA,FALSE,80,permanent water
NPDB,0116509,NA,NA,FALSE,10,tree cover
NPDB,0116510,NA,NA,FALSE,10,tree cover
NPDB,0116511,180,non-wetland,FALSE,80,permanent water
NPDB,0116513,NA,NA,FALSE,30,grassland
NPDB,0116514,180,non-wetland,FALSE,80,permanent water
NPDB,0116515,NA,NA,FALSE,30,grassland
NPDB,0116516,NA,NA,FALSE,30,grassland
NPDB,0116517,180,non-wetland,FALSE,80,permanent water
NPDB,0116518,180,non-wetland,FALSE,80,permanent water
NPDB,0116519,180,non-wetland,FALSE,80,permanent water
NPDB,0116520,182,swamp,TRUE,80,permanent water
NPDB,0116522,NA,NA,FALSE,10,tree cover
NPDB,0116524,180,non-wetland,FALSE,80,permanent water
NPDB,0116525,180,non-wetland,FALSE,80,permanent water
NPDB,0116526,180,non-wetland,FALSE,90,herbaceous wetland
NPDB,0116532,NA,NA,FALSE,10,tree cover
NPDB,0116533,NA,NA,FALSE,30,grassland
NPDB,0116534,NA,NA,FALSE,30,grassland
NPDB,0116535,NA,NA,FALSE,30,grassland
NPDB,0116536,NA,NA,FALSE,30,grassland
NPDB,0116538,NA,NA,FALSE,100,moss and lichen
NPDB,0116539,NA,NA,FALSE,90,herbaceous wetland
NPDB,0116540,NA,NA,FALSE,100,moss and lichen
NPDB,0116541,180,non-wetland,FALSE,80,permanent water
NPDB,0116544,NA,NA,FALSE,100,moss and lichen
NPDB,0116545,NA,NA,FALSE,100,moss and lichen
NPDB,0116546,NA,NA,FALSE,100,moss and lichen
NPDB,0116547,NA,NA,FALSE,100,moss and lichen
NPDB,0116551,182,swamp,TRUE,90,herbaceous wetland
NPDB,0116554,180,non-wetland,FALSE,80,permanent water
NPDB,0116560,NA,NA,FALSE,100,moss and lichen
NPDB,0116561,180,non-wetland,FALSE,80,permanent water
NPDB,0116562,NA,NA,FALSE,10,tree cover
NPDB,0116563,NA,NA,FALSE,10,tree cover
NPDB,0116564,NA,NA,FALSE,10,tree cover
NPDB,0116565,NA,NA,FALSE,10,tree cover
NPDB,0116567,180,non-wetland,FALSE,80,permanent water
NPDB,0116568,NA,NA,FALSE,30,grassland
NPDB,0116569,NA,NA,FALSE,10,tree cover
NPDB,0116571,NA,NA,FALSE,30,grassland
NPDB,0116573,NA,NA,FALSE,30,grassland
NPDB,0116574,NA,NA,FALSE,100,moss and lichen
NPDB,0116575,NA,NA,FALSE,30,grassland
NPDB,0116576,NA,NA,FALSE,10,tree cover
NPDB,0116577,NA,NA,FALSE,10,tree cover
NPDB,0116578,NA,NA,FALSE,30,grassland
NPDB,0116579,NA,NA,FALSE,10,tree cover
NPDB,0116581,180,non-wetland,FALSE,80,permanent water
NPDB,0116583,NA,NA,FALSE,10,tree cover
NPDB,0116584,NA,NA,FALSE,10,tree cover
NPDB,0116585,180,non-wetland,FALSE,80,permanent water
NPDB,0116586,NA,NA,FALSE,10,tree cover
NPDB,0116587,180,non-wetland,FALSE,80,permanent water
NPDB,0116588,NA,NA,FALSE,10,tree cover
NPDB,0116589,NA,NA,FALSE,10,tree cover
NPDB,0116590,NA,NA,FALSE,30,grassland
NPDB,0116591,NA,NA,FALSE,10,tree cover
NPDB,0116592,NA,NA,FALSE,20,shrubland
NPDB,0116593,180,non-wetland,FALSE,80,permanent water
NPDB,0116594,NA,NA,FALSE,80,permanent water
NPDB,0116595,180,non-wetland,FALSE,80,permanent water
NPDB,0116596,NA,NA,FALSE,10,tree cover
NPDB,0116597,180,non-wetland,FALSE,80,permanent water
NPDB,0116598,NA,NA,FALSE,10,tree cover
NPDB,0116600,180,non-wetland,FALSE,80,permanent water
NPDB,0116601,NA,NA,FALSE,10,tree cover
NPDB,0116602,180,non-wetland,FALSE,80,permanent water
NPDB,0116603,NA,NA,FALSE,60,bare/sparse
NPDB,0116604,NA,NA,FALSE,100,moss and lichen
NPDB,0116605,NA,NA,FALSE,30,grassland
NPDB,0116606,NA,NA,FALSE,100,moss and lichen
NPDB,0116607,NA,NA,FALSE,30,grassland
NPDB,0116608,NA,NA,FALSE,30,grassland
NPDB,0116609,NA,NA,FALSE,30,grassland
NPDB,0116610,NA,NA,FALSE,100,moss and lichen
NPDB,0116611,NA,NA,FALSE,10,tree cover
NPDB,0116613,NA,NA,FALSE,30,grassland
NPDB,0116614,NA,NA,FALSE,30,grassland
NPDB,0116615,NA,NA,FALSE,100,moss and lichen
NPDB,0116616,NA,NA,FALSE,30,grassland
NPDB,0116617,NA,NA,FALSE,100,moss and lichen
NPDB,0116618,NA,NA,FALSE,30,grassland
NPDB,0116619,NA,NA,FALSE,30,grassland
NPDB,0116620,NA,NA,FALSE,30,grassland
NPDB,0116621,NA,NA,FALSE,100,moss and lichen
NPDB,0116622,NA,NA,FALSE,30,grassland
NPDB,0116623,NA,NA,FALSE,100,moss and lichen
NPDB,0116624,NA,NA,FALSE,100,moss and lichen
NPDB,0116625,NA,NA,FALSE,100,moss and lichen
NPDB,0116626,NA,NA,FALSE,100,moss and lichen
NPDB,0116627,NA,NA,FALSE,30,grassland
NPDB,0116628,180,non-wetland,FALSE,80,permanent water
NPDB,0116630,NA,NA,FALSE,10,tree cover
NPDB,0116631,NA,NA,FALSE,10,tree cover
NPDB,0116633,NA,NA,FALSE,30,grassland
NPDB,0116634,NA,NA,FALSE,10,tree cover
NPDB,0116635,NA,NA,FALSE,30,grassland
NPDB,0116636,NA,NA,FALSE,100,moss and lichen
NPDB,0116638,NA,NA,FALSE,10,tree cover
NPDB,0116639,182,swamp,TRUE,30,grassland
NPDB,0116640,180,non-wetland,FALSE,80,permanent water
NPDB,0116641,180,non-wetland,FALSE,80,permanent water
NPDB,0116643,NA,NA,FALSE,10,tree cover
NPDB,0116644,NA,NA,FALSE,10,tree cover
NPDB,0116645,NA,NA,FALSE,10,tree cover
NPDB,0116646,NA,NA,FALSE,30,grassland
NPDB,0116647,NA,NA,FALSE,30,grassland
NPDB,0116648,NA,NA,FALSE,30,grassland
NPDB,0116649,NA,NA,FALSE,20,shrubland
NPDB,0116650,NA,NA,FALSE,10,tree cover
NPDB,0116651,182,swamp,TRUE,30,grassland
NPDB,0116652,NA,NA,FALSE,10,tree cover
NPDB,0126653,NA,NA,FALSE,10,tree cover
NPDB,0126654,NA,NA,FALSE,10,tree cover
NPDB,0126655,NA,NA,FALSE,10,tree cover
NPDB,0126656,NA,NA,FALSE,10,tree cover
NPDB,0126657,NA,NA,FALSE,30,grassland
NPDB,0126658,NA,NA,FALSE,10,tree cover
NPDB,0126659,NA,NA,FALSE,10,tree cover
NPDB,0126660,NA,NA,FALSE,10,tree cover
NPDB,0126661,NA,NA,FALSE,10,tree cover
NPDB,0126663,NA,NA,FALSE,10,tree cover
NPDB,0126664,NA,NA,FALSE,10,tree cover
NPDB,0126665,NA,NA,FALSE,10,tree cover
NPDB,0126667,NA,NA,FALSE,10,tree cover
NPDB,0126668,NA,NA,FALSE,10,tree cover
NPDB,0126669,NA,NA,FALSE,30,grassland
NPDB,0126670,183,marsh,TRUE,10,tree cover
NPDB,0126671,NA,NA,FALSE,30,grassland
NPDB,0126672,NA,NA,FALSE,10,tree cover
NPDB,0126673,NA,NA,FALSE,90,herbaceous wetland
NPDB,0126674,NA,NA,FALSE,10,tree cover
NPDB,0126675,NA,NA,FALSE,10,tree cover
NPDB,0126676,NA,NA,FALSE,50,built-up
NPDB,0126677,NA,NA,FALSE,30,grassland
NPDB,0126678,NA,NA,FALSE,10,tree cover
NPDB,0126679,NA,NA,FALSE,10,tree cover
NPDB,0126680,NA,NA,FALSE,10,tree cover
NPDB,0126681,NA,NA,FALSE,10,tree cover
NPDB,0126682,NA,NA,FALSE,10,tree cover
NPDB,0126683,NA,NA,FALSE,10,tree cover
NPDB,0126684,NA,NA,FALSE,30,grassland
NPDB,0126685,NA,NA,FALSE,100,moss and lichen
NPDB,0126687,NA,NA,FALSE,10,tree cover
NPDB,0126689,NA,NA,FALSE,10,tree cover
NPDB,0126691,NA,NA,FALSE,70,snow and ice
NPDB,0126693,NA,NA,FALSE,10,tree cover
NPDB,0126694,NA,NA,FALSE,100,moss and lichen
NPDB,0126695,NA,NA,FALSE,30,grassland
NPDB,0126696,NA,NA,FALSE,60,bare/sparse
NPDB,0126697,NA,NA,FALSE,10,tree cover
NPDB,0126698,NA,NA,FALSE,10,tree cover
NPDB,0126699,NA,NA,FALSE,10,tree cover
NPDB,0126701,NA,NA,FALSE,10,tree cover
NPDB,0126702,NA,NA,FALSE,10,tree cover
NPDB,0126703,NA,NA,FALSE,10,tree cover
NPDB,0126705,NA,NA,FALSE,100,moss and lichen
NPDB,0126706,NA,NA,FALSE,60,bare/sparse
NPDB,0126709,NA,NA,FALSE,30,grassland
NPDB,0126710,NA,NA,FALSE,30,grassland
NPDB,0126711,NA,NA,FALSE,10,tree cover
NPDB,0126712,NA,NA,FALSE,30,grassland
NPDB,0126713,NA,NA,FALSE,10,tree cover
NPDB,0126715,NA,NA,FALSE,30,grassland
NPDB,0126716,NA,NA,FALSE,100,moss and lichen
NPDB,0126717,NA,NA,FALSE,100,moss and lichen
NPDB,0126718,NA,NA,FALSE,10,tree cover
NPDB,0126719,NA,NA,FALSE,30,grassland
NPDB,0126720,NA,NA,FALSE,10,tree cover
NPDB,0126721,NA,NA,FALSE,10,tree cover
NPDB,0126722,NA,NA,FALSE,10,tree cover
NPDB,0126723,NA,NA,FALSE,90,herbaceous wetland
NPDB,0126724,NA,NA,FALSE,10,tree cover
NPDB,0126725,NA,NA,FALSE,10,tree cover
NPDB,0126726,NA,NA,FALSE,10,tree cover
NPDB,0126727,NA,NA,FALSE,10,tree cover
NPDB,0126728,NA,NA,FALSE,10,tree cover
NPDB,0126729,NA,NA,FALSE,10,tree cover
NPDB,0126730,NA,NA,FALSE,10,tree cover
NPDB,0126732,NA,NA,FALSE,10,tree cover
NPDB,0126733,NA,NA,FALSE,10,tree cover
NPDB,0126734,NA,NA,FALSE,10,tree cover
NPDB,0126735,NA,NA,FALSE,100,moss and lichen
NPDB,0126736,NA,NA,FALSE,100,moss and lichen
NPDB,0126738,NA,NA,FALSE,10,tree cover
NPDB,0126739,NA,NA,FALSE,10,tree cover
NPDB,0126740,NA,NA,FALSE,100,moss and lichen
NPDB,0126741,NA,NA,FALSE,30,grassland
NPDB,0126742,NA,NA,FALSE,30,grassland
NPDB,0126743,NA,NA,FALSE,10,tree cover
NPDB,0126744,NA,NA,FALSE,100,moss and lichen
NPDB,0126745,NA,NA,FALSE,30,grassland
NPDB,0126746,NA,NA,FALSE,30,grassland
NPDB,0126747,NA,NA,FALSE,100,moss and lichen
NPDB,0126748,NA,NA,FALSE,100,moss and lichen
NPDB,0126751,NA,NA,FALSE,10,tree cover
NPDB,0126752,NA,NA,FALSE,10,tree cover
NPDB,0126753,NA,NA,FALSE,10,tree cover
NPDB,0126754,NA,NA,FALSE,10,tree cover
NPDB,0126755,NA,NA,FALSE,10,tree cover
NPDB,0126756,NA,NA,FALSE,10,tree cover
NPDB,0126758,NA,NA,FALSE,30,grassland
NPDB,0126759,NA,NA,FALSE,10,tree cover
NPDB,0126762,NA,NA,FALSE,10,tree cover
NPDB,0126764,NA,NA,FALSE,100,moss and lichen
NPDB,0126765,NA,NA,FALSE,10,tree cover
NPDB,0126766,NA,NA,FALSE,100,moss and lichen
NPDB,0126767,NA,NA,FALSE,60,bare/sparse
NPDB,0126768,NA,NA,FALSE,10,tree cover
NPDB,0126769,NA,NA,FALSE,10,tree cover
NPDB,0126770,NA,NA,FALSE,30,grassland
NPDB,0126771,NA,NA,FALSE,10,tree cover
NPDB,0126772,NA,NA,FALSE,10,tree cover
NPDB,0126774,NA,NA,FALSE,10,tree cover
NPDB,0126775,NA,NA,FALSE,10,tree cover
NPDB,0126776,NA,NA,FALSE,100,moss and lichen
NPDB,0126777,NA,NA,FALSE,10,tree cover
NPDB,0126779,NA,NA,FALSE,10,tree cover
NPDB,0126780,NA,NA,FALSE,10,tree cover
NPDB,0126781,NA,NA,FALSE,10,tree cover
NPDB,0126782,NA,NA,FALSE,10,tree cover
NPDB,0126783,180,non-wetland,FALSE,80,permanent water
NPDB,0126784,NA,NA,FALSE,10,tree cover
NPDB,0126786,NA,NA,FALSE,10,tree cover
NPDB,0126787,NA,NA,FALSE,10,tree cover
NPDB,0126788,NA,NA,FALSE,10,tree cover
NPDB,0126789,NA,NA,FALSE,10,tree cover
NPDB,0126790,NA,NA,FALSE,10,tree cover
NPDB,0126792,NA,NA,FALSE,10,tree cover
NPDB,0126793,NA,NA,FALSE,10,tree cover
NPDB,0126794,NA,NA,FALSE,10,tree cover
NPDB,0126795,NA,NA,FALSE,100,moss and lichen
NPDB,0126796,NA,NA,FALSE,10,tree cover
NPDB,0126797,NA,NA,FALSE,10,tree cover
NPDB,0126799,NA,NA,FALSE,10,tree cover
NPDB,0126800,NA,NA,FALSE,10,tree cover
NPDB,0126801,181,permanent water,FALSE,10,tree cover
NPDB,0126802,NA,NA,FALSE,100,moss and lichen
NPDB,0126803,NA,NA,FALSE,10,tree cover
NPDB,0126804,NA,NA,FALSE,10,tree cover
NPDB,0126805,NA,NA,FALSE,10,tree cover
NPDB,0126807,NA,NA,FALSE,10,tree cover
NPDB,0126808,NA,NA,FALSE,10,tree cover
NPDB,0126809,NA,NA,FALSE,10,tree cover
NPDB,0126811,NA,NA,FALSE,10,tree cover
NPDB,0126812,NA,NA,FALSE,30,grassland
NPDB,0126813,NA,NA,FALSE,10,tree cover
NPDB,0126814,NA,NA,FALSE,10,tree cover
NPDB,0126815,NA,NA,FALSE,30,grassland
NPDB,0126817,NA,NA,FALSE,10,tree cover
NPDB,0126818,180,non-wetland,FALSE,80,permanent water
NPDB,0126819,NA,NA,FALSE,10,tree cover
NPDB,0126820,NA,NA,FALSE,10,tree cover
NPDB,0126821,NA,NA,FALSE,10,tree cover
NPDB,0126822,NA,NA,FALSE,10,tree cover
NPDB,0126823,NA,NA,FALSE,10,tree cover
NPDB,0126824,NA,NA,FALSE,10,tree cover
NPDB,0126825,NA,NA,FALSE,60,bare/sparse
NPDB,0126826,NA,NA,FALSE,10,tree cover
NPDB,0126827,NA,NA,FALSE,10,tree cover
NPDB,0126829,NA,NA,FALSE,30,grassland
NPDB,0126830,NA,NA,FALSE,10,tree cover
NPDB,0126831,NA,NA,FALSE,10,tree cover
NPDB,0126832,NA,NA,FALSE,10,tree cover
NPDB,0126833,NA,NA,FALSE,10,tree cover
NPDB,0126834,NA,NA,FALSE,10,tree cover
NPDB,0126835,NA,NA,FALSE,100,moss and lichen
NPDB,0126836,NA,NA,FALSE,10,tree cover
NPDB,0126837,NA,NA,FALSE,10,tree cover
NPDB,0126838,NA,NA,FALSE,10,tree cover
NPDB,0126839,NA,NA,FALSE,100,moss and lichen
NPDB,0126840,NA,NA,FALSE,10,tree cover
NPDB,0126841,NA,NA,FALSE,10,tree cover
NPDB,0126842,NA,NA,FALSE,10,tree cover
NPDB,0126843,NA,NA,FALSE,30,grassland
NPDB,0126845,NA,NA,FALSE,100,moss and lichen
NPDB,0126846,NA,NA,FALSE,30,grassland
NPDB,0126847,NA,NA,FALSE,30,grassland
NPDB,0126848,NA,NA,FALSE,10,tree cover
NPDB,0126849,NA,NA,FALSE,10,tree cover
NPDB,0126852,NA,NA,FALSE,10,tree cover
NPDB,0126853,NA,NA,FALSE,30,grassland
NPDB,0126854,NA,NA,FALSE,10,tree cover
NPDB,0126855,NA,NA,FALSE,10,tree cover
NPDB,0126856,NA,NA,FALSE,10,tree cover
NPDB,0126857,NA,NA,FALSE,10,tree cover
NPDB,0126858,NA,NA,FALSE,30,grassland
NPDB,0126859,NA,NA,FALSE,30,grassland
NPDB,0126860,NA,NA,FALSE,10,tree cover
NPDB,0126861,NA,NA,FALSE,10,tree cover
NPDB,0126862,NA,NA,FALSE,10,tree cover
NPDB,0126863,NA,NA,FALSE,30,grassland
NPDB,0126865,NA,NA,FALSE,10,tree cover
NPDB,0126866,NA,NA,FALSE,10,tree cover
NPDB,0126867,NA,NA,FALSE,10,tree cover
NPDB,0126868,NA,NA,FALSE,10,tree cover
NPDB,0126869,NA,NA,FALSE,30,grassland
NPDB,0126897,NA,NA,FALSE,10,tree cover
NPDB,0126923,NA,NA,FALSE,10,tree cover
NPDB,0126939,NA,NA,FALSE,10,tree cover
NPDB,0127037,NA,NA,FALSE,30,grassland
NPDB,0127038,NA,NA,FALSE,10,tree cover
NPDB,0127039,NA,NA,FALSE,10,tree cover
NPDB,0127041,NA,NA,FALSE,10,tree cover
NPDB,0127042,NA,NA,FALSE,30,grassland
NPDB,0127045,NA,NA,FALSE,10,tree cover
NPDB,0127046,NA,NA,FALSE,10,tree cover
NPDB,0127047,NA,NA,FALSE,10,tree cover
NPDB,0127055,NA,NA,FALSE,10,tree cover
NPDB,0127064,NA,NA,FALSE,70,snow and ice
NPDB,0127071,NA,NA,FALSE,30,grassland
NPDB,0127093,NA,NA,FALSE,10,tree cover
NPDB,0127096,NA,NA,FALSE,10,tree cover
NPDB,0127097,NA,NA,FALSE,10,tree cover
NPDB,0130023,NA,NA,FALSE,40,cropland
NPDB,0130024,NA,NA,FALSE,40,cropland
NPDB,0130025,NA,NA,FALSE,30,grassland
NPDB,0130040,NA,NA,FALSE,40,cropland
NPDB,0130042,NA,NA,FALSE,40,cropland
NPDB,0130051,NA,NA,FALSE,40,cropland
NPDB,0130052,NA,NA,FALSE,30,grassland
NPDB,0130054,NA,NA,FALSE,30,grassland
NPDB,0130055,NA,NA,FALSE,30,grassland
NPDB,0130056,NA,NA,FALSE,40,cropland
NPDB,0130057,NA,NA,FALSE,40,cropland
NPDB,0130058,NA,NA,FALSE,30,grassland
NPDB,0130059,NA,NA,FALSE,30,grassland
NPDB,0130060,NA,NA,FALSE,40,cropland
NPDB,0130061,NA,NA,FALSE,30,grassland
NPDB,0130062,NA,NA,FALSE,30,grassland
NPDB,0130063,NA,NA,FALSE,30,grassland
NPDB,0130064,NA,NA,FALSE,40,cropland
NPDB,0130065,NA,NA,FALSE,40,cropland
NPDB,0130066,NA,NA,FALSE,40,cropland
NPDB,0130067,NA,NA,FALSE,40,cropland
NPDB,0130068,NA,NA,FALSE,40,cropland
NPDB,0130069,NA,NA,FALSE,40,cropland
NPDB,0130070,NA,NA,FALSE,40,cropland
NPDB,0130071,NA,NA,FALSE,30,grassland
NPDB,0130072,NA,NA,FALSE,40,cropland
NPDB,0130073,NA,NA,FALSE,40,cropland
NPDB,0130074,NA,NA,FALSE,40,cropland
NPDB,0130077,NA,NA,FALSE,40,cropland
NPDB,0130078,NA,NA,FALSE,40,cropland
NPDB,0130079,NA,NA,FALSE,40,cropland
NPDB,0130080,NA,NA,FALSE,30,grassland
NPDB,0130081,NA,NA,FALSE,30,grassland
NPDB,0130083,NA,NA,FALSE,40,cropland
NPDB,0130084,NA,NA,FALSE,40,cropland
NPDB,0130086,NA,NA,FALSE,30,grassland
NPDB,0130087,NA,NA,FALSE,40,cropland
NPDB,0130088,NA,NA,FALSE,40,cropland
NPDB,0130089,NA,NA,FALSE,40,cropland
NPDB,0130091,NA,NA,FALSE,40,cropland
NPDB,0130092,NA,NA,FALSE,40,cropland
NPDB,0130093,NA,NA,FALSE,40,cropland
NPDB,0130094,NA,NA,FALSE,40,cropland
NPDB,0130095,NA,NA,FALSE,40,cropland
NPDB,0130096,NA,NA,FALSE,40,cropland
NPDB,0130098,NA,NA,FALSE,40,cropland
NPDB,0130099,NA,NA,FALSE,40,cropland
NPDB,0130100,NA,NA,FALSE,30,grassland
NPDB,0130101,NA,NA,FALSE,40,cropland
NPDB,0130102,NA,NA,FALSE,40,cropland
NPDB,0130103,NA,NA,FALSE,40,cropland
NPDB,0130104,NA,NA,FALSE,30,grassland
NPDB,0130105,NA,NA,FALSE,40,cropland
NPDB,0130107,NA,NA,FALSE,40,cropland
NPDB,0130108,NA,NA,FALSE,30,grassland
NPDB,0130109,NA,NA,FALSE,30,grassland
NPDB,0130110,NA,NA,FALSE,40,cropland
NPDB,0130112,NA,NA,FALSE,30,grassland
NPDB,0130113,NA,NA,FALSE,40,cropland
NPDB,0130116,NA,NA,FALSE,40,cropland
NPDB,0130118,NA,NA,FALSE,30,grassland
NPDB,0130119,NA,NA,FALSE,40,cropland
NPDB,0130122,NA,NA,FALSE,30,grassland
NPDB,0130123,NA,NA,FALSE,40,cropland
NPDB,0130124,NA,NA,FALSE,40,cropland
NPDB,0130126,NA,NA,FALSE,40,cropland
NPDB,0130127,NA,NA,FALSE,30,grassland
NPDB,0130130,NA,NA,FALSE,40,cropland
NPDB,0130131,NA,NA,FALSE,40,cropland
NPDB,0130133,NA,NA,FALSE,40,cropland
NPDB,0130134,NA,NA,FALSE,40,cropland
NPDB,0130135,NA,NA,FALSE,40,cropland
NPDB,0130136,NA,NA,FALSE,10,tree cover
NPDB,0130137,NA,NA,FALSE,40,cropland
NPDB,0130138,NA,NA,FALSE,30,grassland
NPDB,0130140,NA,NA,FALSE,30,grassland
NPDB,0130142,NA,NA,FALSE,40,cropland
NPDB,0130143,NA,NA,FALSE,40,cropland
NPDB,0130144,NA,NA,FALSE,40,cropland
NPDB,0130145,NA,NA,FALSE,40,cropland
NPDB,0130146,NA,NA,FALSE,40,cropland
NPDB,0130147,NA,NA,FALSE,40,cropland
NPDB,0130148,NA,NA,FALSE,30,grassland
NPDB,0130149,NA,NA,FALSE,40,cropland
NPDB,0130150,NA,NA,FALSE,30,grassland
NPDB,0130151,NA,NA,FALSE,40,cropland
NPDB,0130152,NA,NA,FALSE,30,grassland
NPDB,0130153,NA,NA,FALSE,40,cropland
NPDB,0130154,NA,NA,FALSE,30,grassland
NPDB,0130155,NA,NA,FALSE,40,cropland
NPDB,0130156,NA,NA,FALSE,40,cropland
NPDB,0130157,NA,NA,FALSE,30,grassland
NPDB,0130158,NA,NA,FALSE,10,tree cover
NPDB,0130159,NA,NA,FALSE,40,cropland
NPDB,0130160,NA,NA,FALSE,40,cropland
NPDB,0130161,NA,NA,FALSE,30,grassland
NPDB,0130162,NA,NA,FALSE,30,grassland
NPDB,0130163,NA,NA,FALSE,30,grassland
NPDB,0130164,NA,NA,FALSE,10,tree cover
NPDB,0130165,NA,NA,FALSE,40,cropland
NPDB,0130166,NA,NA,FALSE,30,grassland
NPDB,0130167,NA,NA,FALSE,10,tree cover
NPDB,0130168,NA,NA,FALSE,30,grassland
NPDB,0130169,NA,NA,FALSE,30,grassland
NPDB,0130170,NA,NA,FALSE,40,cropland
NPDB,0130171,NA,NA,FALSE,40,cropland
NPDB,0130172,NA,NA,FALSE,40,cropland
NPDB,0130174,NA,NA,FALSE,40,cropland
NPDB,0130175,NA,NA,FALSE,40,cropland
NPDB,0130176,NA,NA,FALSE,40,cropland
NPDB,0130177,NA,NA,FALSE,40,cropland
NPDB,0130178,NA,NA,FALSE,30,grassland
NPDB,0130179,NA,NA,FALSE,40,cropland
NPDB,0130180,NA,NA,FALSE,40,cropland
NPDB,0130181,NA,NA,FALSE,40,cropland
NPDB,0130182,NA,NA,FALSE,40,cropland
NPDB,0130184,NA,NA,FALSE,40,cropland
NPDB,0130185,NA,NA,FALSE,30,grassland
NPDB,0130186,NA,NA,FALSE,40,cropland
NPDB,0130187,NA,NA,FALSE,30,grassland
NPDB,0130188,NA,NA,FALSE,40,cropland
NPDB,0130189,NA,NA,FALSE,40,cropland
NPDB,0130191,NA,NA,FALSE,40,cropland
NPDB,0130194,NA,NA,FALSE,40,cropland
NPDB,0130195,NA,NA,FALSE,40,cropland
NPDB,0130196,NA,NA,FALSE,30,grassland
NPDB,0130198,NA,NA,FALSE,40,cropland
NPDB,0130199,NA,NA,FALSE,40,cropland
NPDB,0130201,NA,NA,FALSE,40,cropland
NPDB,0130203,NA,NA,FALSE,40,cropland
NPDB,0130205,182,swamp,TRUE,40,cropland
NPDB,0130206,NA,NA,FALSE,40,cropland
NPDB,0130208,NA,NA,FALSE,40,cropland
NPDB,0130209,NA,NA,FALSE,40,cropland
NPDB,0130210,NA,NA,FALSE,40,cropland
NPDB,0130211,NA,NA,FALSE,40,cropland
NPDB,0130212,NA,NA,FALSE,40,cropland
NPDB,0130214,NA,NA,FALSE,30,grassland
NPDB,0130216,NA,NA,FALSE,40,cropland
NPDB,0130218,NA,NA,FALSE,40,cropland
NPDB,0130219,NA,NA,FALSE,40,cropland
NPDB,0130222,NA,NA,FALSE,40,cropland
NPDB,0130224,NA,NA,FALSE,40,cropland
NPDB,0130226,NA,NA,FALSE,40,cropland
NPDB,0130228,NA,NA,FALSE,40,cropland
NPDB,0130229,NA,NA,FALSE,40,cropland
NPDB,0130230,NA,NA,FALSE,40,cropland
NPDB,0130231,NA,NA,FALSE,40,cropland
NPDB,0130232,NA,NA,FALSE,40,cropland
NPDB,0130233,NA,NA,FALSE,40,cropland
NPDB,0130234,NA,NA,FALSE,40,cropland
NPDB,0130237,NA,NA,FALSE,40,cropland
NPDB,0130240,NA,NA,FALSE,40,cropland
NPDB,0130241,NA,NA,FALSE,40,cropland
NPDB,0130243,NA,NA,FALSE,30,grassland
NPDB,0130244,NA,NA,FALSE,40,cropland
NPDB,0130245,NA,NA,FALSE,40,cropland
NPDB,0130246,NA,NA,FALSE,40,cropland
NPDB,0130247,NA,NA,FALSE,40,cropland
NPDB,0130248,NA,NA,FALSE,40,cropland
NPDB,0130250,NA,NA,FALSE,40,cropland
NPDB,0130253,NA,NA,FALSE,40,cropland
NPDB,0130254,NA,NA,FALSE,40,cropland
NPDB,0130256,NA,NA,FALSE,40,cropland
NPDB,0130257,NA,NA,FALSE,40,cropland
NPDB,0130258,NA,NA,FALSE,30,grassland
NPDB,0130260,NA,NA,FALSE,40,cropland
NPDB,0130261,NA,NA,FALSE,30,grassland
NPDB,0130262,NA,NA,FALSE,40,cropland
NPDB,0130263,NA,NA,FALSE,40,cropland
NPDB,0130264,NA,NA,FALSE,30,grassland
NPDB,0130265,NA,NA,FALSE,30,grassland
NPDB,0130267,NA,NA,FALSE,40,cropland
NPDB,0130268,NA,NA,FALSE,30,grassland
NPDB,0130269,NA,NA,FALSE,40,cropland
NPDB,0130270,NA,NA,FALSE,30,grassland
NPDB,0130271,NA,NA,FALSE,40,cropland
NPDB,0130272,NA,NA,FALSE,40,cropland
NPDB,0130273,NA,NA,FALSE,30,grassland
NPDB,0130274,NA,NA,FALSE,40,cropland
NPDB,0130275,NA,NA,FALSE,30,grassland
NPDB,0130276,NA,NA,FALSE,30,grassland
NPDB,0130277,NA,NA,FALSE,40,cropland
NPDB,0130278,NA,NA,FALSE,10,tree cover
NPDB,0130279,NA,NA,FALSE,40,cropland
NPDB,0130282,NA,NA,FALSE,40,cropland
NPDB,0130283,NA,NA,FALSE,40,cropland
NPDB,0130285,NA,NA,FALSE,30,grassland
NPDB,0130287,NA,NA,FALSE,30,grassland
NPDB,0130289,NA,NA,FALSE,40,cropland
NPDB,0130290,NA,NA,FALSE,40,cropland
NPDB,0130291,NA,NA,FALSE,30,grassland
NPDB,0130292,NA,NA,FALSE,30,grassland
NPDB,0130293,NA,NA,FALSE,40,cropland
NPDB,0130295,NA,NA,FALSE,40,cropland
NPDB,0130296,NA,NA,FALSE,40,cropland
NPDB,0130297,NA,NA,FALSE,30,grassland
NPDB,0130298,NA,NA,FALSE,40,cropland
NPDB,0130299,NA,NA,FALSE,40,cropland
NPDB,0130300,NA,NA,FALSE,40,cropland
NPDB,0130301,NA,NA,FALSE,40,cropland
NPDB,0130302,NA,NA,FALSE,40,cropland
NPDB,0130304,NA,NA,FALSE,40,cropland
NPDB,0130305,NA,NA,FALSE,40,cropland
NPDB,0130306,NA,NA,FALSE,40,cropland
NPDB,0130307,NA,NA,FALSE,40,cropland
NPDB,0130308,NA,NA,FALSE,40,cropland
NPDB,0130309,NA,NA,FALSE,40,cropland
NPDB,0130310,NA,NA,FALSE,40,cropland
NPDB,0130311,NA,NA,FALSE,40,cropland
NPDB,0130312,NA,NA,FALSE,40,cropland
NPDB,0130314,NA,NA,FALSE,40,cropland
NPDB,0130327,NA,NA,FALSE,30,grassland
NPDB,0130328,NA,NA,FALSE,30,grassland
NPDB,0130333,NA,NA,FALSE,40,cropland
NPDB,0130334,NA,NA,FALSE,40,cropland
NPDB,0130335,NA,NA,FALSE,40,cropland
NPDB,0130336,NA,NA,FALSE,40,cropland
NPDB,0130337,NA,NA,FALSE,40,cropland
NPDB,0130338,NA,NA,FALSE,40,cropland
NPDB,0130339,NA,NA,FALSE,40,cropland
NPDB,0130340,NA,NA,FALSE,40,cropland
NPDB,0130341,NA,NA,FALSE,40,cropland
NPDB,0130342,NA,NA,FALSE,40,cropland
NPDB,0130343,NA,NA,FALSE,40,cropland
NPDB,0130344,NA,NA,FALSE,30,grassland
NPDB,0130345,NA,NA,FALSE,40,cropland
NPDB,0130346,NA,NA,FALSE,40,cropland
NPDB,0130347,NA,NA,FALSE,40,cropland
NPDB,0130348,NA,NA,FALSE,40,cropland
NPDB,0130349,NA,NA,FALSE,30,grassland
NPDB,0130350,NA,NA,FALSE,40,cropland
NPDB,0130351,NA,NA,FALSE,40,cropland
NPDB,0130353,NA,NA,FALSE,40,cropland
NPDB,0130354,NA,NA,FALSE,40,cropland
NPDB,0130356,NA,NA,FALSE,40,cropland
NPDB,0130357,NA,NA,FALSE,40,cropland
NPDB,0130358,NA,NA,FALSE,40,cropland
NPDB,0130359,NA,NA,FALSE,40,cropland
NPDB,0130360,NA,NA,FALSE,40,cropland
NPDB,0130361,NA,NA,FALSE,40,cropland
NPDB,0130362,NA,NA,FALSE,40,cropland
NPDB,0130363,NA,NA,FALSE,40,cropland
NPDB,0130364,NA,NA,FALSE,40,cropland
NPDB,0130365,NA,NA,FALSE,30,grassland
NPDB,0130366,NA,NA,FALSE,40,cropland
NPDB,0130367,NA,NA,FALSE,30,grassland
NPDB,0130368,NA,NA,FALSE,40,cropland
NPDB,0130369,NA,NA,FALSE,40,cropland
NPDB,0130370,NA,NA,FALSE,40,cropland
NPDB,0130371,NA,NA,FALSE,40,cropland
NPDB,0130372,NA,NA,FALSE,40,cropland
NPDB,0130373,NA,NA,FALSE,30,grassland
NPDB,0130374,NA,NA,FALSE,30,grassland
NPDB,0130375,NA,NA,FALSE,40,cropland
NPDB,0130376,NA,NA,FALSE,40,cropland
NPDB,0130378,NA,NA,FALSE,40,cropland
NPDB,0130379,NA,NA,FALSE,30,grassland
NPDB,0130381,NA,NA,FALSE,40,cropland
NPDB,0130382,NA,NA,FALSE,40,cropland
NPDB,0130384,NA,NA,FALSE,30,grassland
NPDB,0130385,NA,NA,FALSE,30,grassland
NPDB,0130386,NA,NA,FALSE,40,cropland
NPDB,0130387,NA,NA,FALSE,30,grassland
NPDB,0130388,NA,NA,FALSE,30,grassland
NPDB,0130389,NA,NA,FALSE,30,grassland
NPDB,0130390,NA,NA,FALSE,30,grassland
NPDB,0130391,NA,NA,FALSE,40,cropland
NPDB,0130392,NA,NA,FALSE,10,tree cover
NPDB,0130393,NA,NA,FALSE,40,cropland
NPDB,0130394,NA,NA,FALSE,40,cropland
NPDB,0130395,NA,NA,FALSE,10,tree cover
NPDB,0130396,NA,NA,FALSE,40,cropland
NPDB,0130398,NA,NA,FALSE,40,cropland
NPDB,0130399,NA,NA,FALSE,40,cropland
NPDB,0130400,NA,NA,FALSE,30,grassland
NPDB,0130401,NA,NA,FALSE,40,cropland
NPDB,0130403,NA,NA,FALSE,40,cropland
NPDB,0130404,NA,NA,FALSE,40,cropland
NPDB,0130406,NA,NA,FALSE,40,cropland
NPDB,0130407,NA,NA,FALSE,10,tree cover
NPDB,0130408,NA,NA,FALSE,40,cropland
NPDB,0130409,NA,NA,FALSE,10,tree cover
NPDB,0130410,NA,NA,FALSE,30,grassland
NPDB,0130411,NA,NA,FALSE,40,cropland
NPDB,0130412,NA,NA,FALSE,40,cropland
NPDB,0130413,NA,NA,FALSE,40,cropland
NPDB,0130414,NA,NA,FALSE,40,cropland
NPDB,0130415,NA,NA,FALSE,40,cropland
NPDB,0130416,NA,NA,FALSE,40,cropland
NPDB,0130417,NA,NA,FALSE,40,cropland
NPDB,0130418,NA,NA,FALSE,40,cropland
NPDB,0130419,NA,NA,FALSE,10,tree cover
NPDB,0130420,NA,NA,FALSE,40,cropland
NPDB,0130421,NA,NA,FALSE,30,grassland
NPDB,0130422,NA,NA,FALSE,40,cropland
NPDB,0130423,NA,NA,FALSE,10,tree cover
NPDB,0130424,NA,NA,FALSE,40,cropland
NPDB,0130425,NA,NA,FALSE,40,cropland
NPDB,0130426,NA,NA,FALSE,30,grassland
NPDB,0130427,NA,NA,FALSE,10,tree cover
NPDB,0130428,NA,NA,FALSE,40,cropland
NPDB,0130429,NA,NA,FALSE,40,cropland
NPDB,0130430,NA,NA,FALSE,30,grassland
NPDB,0130431,NA,NA,FALSE,40,cropland
NPDB,0130432,NA,NA,FALSE,40,cropland
NPDB,0130433,NA,NA,FALSE,40,cropland
NPDB,0130434,NA,NA,FALSE,40,cropland
NPDB,0130435,NA,NA,FALSE,40,cropland
NPDB,0130436,NA,NA,FALSE,40,cropland
NPDB,0130438,NA,NA,FALSE,10,tree cover
NPDB,0130439,NA,NA,FALSE,40,cropland
NPDB,0130440,NA,NA,FALSE,40,cropland
NPDB,0130441,NA,NA,FALSE,40,cropland
NPDB,0130442,NA,NA,FALSE,40,cropland
NPDB,0130443,NA,NA,FALSE,30,grassland
NPDB,0130444,NA,NA,FALSE,40,cropland
NPDB,0130445,NA,NA,FALSE,40,cropland
NPDB,0130446,NA,NA,FALSE,40,cropland
NPDB,0130447,NA,NA,FALSE,10,tree cover
NPDB,0130448,NA,NA,FALSE,40,cropland
NPDB,0130449,NA,NA,FALSE,10,tree cover
NPDB,0130450,NA,NA,FALSE,40,cropland
NPDB,0130451,NA,NA,FALSE,40,cropland
NPDB,0130452,NA,NA,FALSE,40,cropland
NPDB,0130455,NA,NA,FALSE,30,grassland
NPDB,0130456,NA,NA,FALSE,40,cropland
NPDB,0130457,NA,NA,FALSE,40,cropland
NPDB,0130459,NA,NA,FALSE,40,cropland
NPDB,0130460,NA,NA,FALSE,40,cropland
NPDB,0130461,NA,NA,FALSE,40,cropland
NPDB,0130462,NA,NA,FALSE,40,cropland
NPDB,0130463,NA,NA,FALSE,40,cropland
NPDB,0130465,NA,NA,FALSE,40,cropland
NPDB,0130466,NA,NA,FALSE,40,cropland
NPDB,0130467,NA,NA,FALSE,40,cropland
NPDB,0130468,NA,NA,FALSE,40,cropland
NPDB,0130469,NA,NA,FALSE,40,cropland
NPDB,0130470,NA,NA,FALSE,40,cropland
NPDB,0130472,NA,NA,FALSE,40,cropland
NPDB,0130473,182,swamp,TRUE,80,permanent water
NPDB,0130474,NA,NA,FALSE,40,cropland
NPDB,0130475,NA,NA,FALSE,30,grassland
NPDB,0130476,NA,NA,FALSE,40,cropland
NPDB,0130477,NA,NA,FALSE,40,cropland
NPDB,0130478,NA,NA,FALSE,30,grassland
NPDB,0130479,NA,NA,FALSE,80,permanent water
NPDB,0130484,NA,NA,FALSE,40,cropland
NPDB,0130485,NA,NA,FALSE,40,cropland
NPDB,0130486,NA,NA,FALSE,40,cropland
NPDB,0130487,NA,NA,FALSE,40,cropland
NPDB,0130488,NA,NA,FALSE,40,cropland
NPDB,0130489,NA,NA,FALSE,30,grassland
NPDB,0130490,NA,NA,FALSE,40,cropland
NPDB,0130491,NA,NA,FALSE,40,cropland
NPDB,0130492,NA,NA,FALSE,40,cropland
NPDB,0130493,NA,NA,FALSE,40,cropland
NPDB,0130494,NA,NA,FALSE,40,cropland
NPDB,0130495,NA,NA,FALSE,40,cropland
NPDB,0130496,NA,NA,FALSE,40,cropland
NPDB,0130497,NA,NA,FALSE,30,grassland
NPDB,0130498,NA,NA,FALSE,40,cropland
NPDB,0130499,NA,NA,FALSE,40,cropland
NPDB,0130500,NA,NA,FALSE,40,cropland
NPDB,0130501,NA,NA,FALSE,10,tree cover
NPDB,0130502,NA,NA,FALSE,10,tree cover
NPDB,0130504,NA,NA,FALSE,40,cropland
NPDB,0130505,NA,NA,FALSE,30,grassland
NPDB,0130506,NA,NA,FALSE,40,cropland
NPDB,0130507,NA,NA,FALSE,40,cropland
NPDB,0130508,NA,NA,FALSE,40,cropland
NPDB,0130509,NA,NA,FALSE,40,cropland
NPDB,0130510,NA,NA,FALSE,30,grassland
NPDB,0130511,NA,NA,FALSE,40,cropland
NPDB,0130512,NA,NA,FALSE,40,cropland
NPDB,0130513,NA,NA,FALSE,40,cropland
NPDB,0130514,NA,NA,FALSE,40,cropland
NPDB,0130515,NA,NA,FALSE,40,cropland
NPDB,0130516,NA,NA,FALSE,30,grassland
NPDB,0130517,NA,NA,FALSE,40,cropland
NPDB,0130518,NA,NA,FALSE,40,cropland
NPDB,0130519,NA,NA,FALSE,40,cropland
NPDB,0130520,NA,NA,FALSE,30,grassland
NPDB,0130521,NA,NA,FALSE,40,cropland
NPDB,0130522,NA,NA,FALSE,10,tree cover
NPDB,0130523,NA,NA,FALSE,40,cropland
NPDB,0130524,NA,NA,FALSE,10,tree cover
NPDB,0130525,NA,NA,FALSE,40,cropland
NPDB,0130526,NA,NA,FALSE,40,cropland
NPDB,0130527,NA,NA,FALSE,40,cropland
NPDB,0130528,NA,NA,FALSE,40,cropland
NPDB,0130529,NA,NA,FALSE,40,cropland
NPDB,0130530,NA,NA,FALSE,40,cropland
NPDB,0130531,NA,NA,FALSE,40,cropland
NPDB,0130532,NA,NA,FALSE,40,cropland
NPDB,0130533,NA,NA,FALSE,40,cropland
NPDB,0130534,NA,NA,FALSE,40,cropland
NPDB,0130535,NA,NA,FALSE,30,grassland
NPDB,0130536,NA,NA,FALSE,30,grassland
NPDB,0130537,NA,NA,FALSE,40,cropland
NPDB,0130540,NA,NA,FALSE,40,cropland
NPDB,0130541,NA,NA,FALSE,40,cropland
NPDB,0130542,NA,NA,FALSE,40,cropland
NPDB,0130543,NA,NA,FALSE,40,cropland
NPDB,0130544,NA,NA,FALSE,40,cropland
NPDB,0130545,NA,NA,FALSE,40,cropland
NPDB,0130548,NA,NA,FALSE,40,cropland
NPDB,0130549,NA,NA,FALSE,40,cropland
NPDB,0130550,NA,NA,FALSE,40,cropland
NPDB,0130551,180,non-wetland,FALSE,80,permanent water
NPDB,0130552,NA,NA,FALSE,30,grassland
NPDB,0130553,NA,NA,FALSE,40,cropland
NPDB,0130554,NA,NA,FALSE,30,grassland
NPDB,0130555,180,non-wetland,FALSE,80,permanent water
NPDB,0130556,NA,NA,FALSE,40,cropland
NPDB,0130557,NA,NA,FALSE,40,cropland
NPDB,0130558,NA,NA,FALSE,80,permanent water
NPDB,0130559,NA,NA,FALSE,40,cropland
NPDB,0130560,NA,NA,FALSE,40,cropland
NPDB,0130561,NA,NA,FALSE,40,cropland
NPDB,0130562,NA,NA,FALSE,40,cropland
NPDB,0130563,NA,NA,FALSE,40,cropland
NPDB,0130564,NA,NA,FALSE,40,cropland
NPDB,0130565,NA,NA,FALSE,40,cropland
NPDB,0130566,NA,NA,FALSE,30,grassland
NPDB,0130567,NA,NA,FALSE,40,cropland
NPDB,0130568,NA,NA,FALSE,40,cropland
NPDB,0130569,NA,NA,FALSE,40,cropland
NPDB,0130570,NA,NA,FALSE,40,cropland
NPDB,0130572,NA,NA,FALSE,40,cropland
NPDB,0130573,NA,NA,FALSE,40,cropland
NPDB,0130574,NA,NA,FALSE,40,cropland
NPDB,0130575,NA,NA,FALSE,40,cropland
NPDB,0130576,NA,NA,FALSE,40,cropland
NPDB,0130577,NA,NA,FALSE,30,grassland
NPDB,0130578,NA,NA,FALSE,40,cropland
NPDB,0130579,NA,NA,FALSE,40,cropland
NPDB,0130580,NA,NA,FALSE,30,grassland
NPDB,0130583,NA,NA,FALSE,10,tree cover
NPDB,0130584,NA,NA,FALSE,10,tree cover
NPDB,0130585,NA,NA,FALSE,30,grassland
NPDB,0130586,180,non-wetland,FALSE,80,permanent water
NPDB,0130587,NA,NA,FALSE,30,grassland
NPDB,0130588,NA,NA,FALSE,10,tree cover
NPDB,0130589,NA,NA,FALSE,40,cropland
NPDB,0130590,NA,NA,FALSE,40,cropland
NPDB,0130591,NA,NA,FALSE,40,cropland
NPDB,0130592,NA,NA,FALSE,10,tree cover
NPDB,0130594,NA,NA,FALSE,10,tree cover
NPDB,0130596,NA,NA,FALSE,40,cropland
NPDB,0130597,NA,NA,FALSE,40,cropland
NPDB,0130598,NA,NA,FALSE,40,cropland
NPDB,0130599,NA,NA,FALSE,30,grassland
NPDB,0130601,NA,NA,FALSE,40,cropland
NPDB,0130602,NA,NA,FALSE,40,cropland
NPDB,0130603,NA,NA,FALSE,10,tree cover
NPDB,0130606,NA,NA,FALSE,10,tree cover
NPDB,0130607,NA,NA,FALSE,40,cropland
NPDB,0130608,NA,NA,FALSE,40,cropland
NPDB,0130609,NA,NA,FALSE,40,cropland
NPDB,0130610,NA,NA,FALSE,40,cropland
NPDB,0130611,NA,NA,FALSE,40,cropland
NPDB,0130612,NA,NA,FALSE,40,cropland
NPDB,0130613,NA,NA,FALSE,30,grassland
NPDB,0130614,NA,NA,FALSE,40,cropland
NPDB,0130615,NA,NA,FALSE,40,cropland
NPDB,0130616,NA,NA,FALSE,40,cropland
NPDB,0130617,NA,NA,FALSE,40,cropland
NPDB,0130618,NA,NA,FALSE,40,cropland
NPDB,0130619,NA,NA,FALSE,40,cropland
NPDB,0130620,NA,NA,FALSE,30,grassland
NPDB,0130621,NA,NA,FALSE,30,grassland
NPDB,0130622,NA,NA,FALSE,10,tree cover
NPDB,0130623,NA,NA,FALSE,40,cropland
NPDB,0130624,NA,NA,FALSE,10,tree cover
NPDB,0130625,NA,NA,FALSE,40,cropland
NPDB,0130626,NA,NA,FALSE,40,cropland
NPDB,0130627,NA,NA,FALSE,40,cropland
NPDB,0130628,NA,NA,FALSE,50,built-up
NPDB,0130629,NA,NA,FALSE,40,cropland
NPDB,0130630,NA,NA,FALSE,10,tree cover
NPDB,0130631,NA,NA,FALSE,10,tree cover
NPDB,0130632,NA,NA,FALSE,30,grassland
NPDB,0130633,NA,NA,FALSE,10,tree cover
NPDB,0130634,NA,NA,FALSE,40,cropland
NPDB,0130635,NA,NA,FALSE,40,cropland
NPDB,0130636,NA,NA,FALSE,10,tree cover
NPDB,0130637,NA,NA,FALSE,30,grassland
NPDB,0130638,NA,NA,FALSE,30,grassland
NPDB,0130640,NA,NA,FALSE,40,cropland
NPDB,0130641,NA,NA,FALSE,10,tree cover
NPDB,0130642,NA,NA,FALSE,40,cropland
NPDB,0130643,NA,NA,FALSE,30,grassland
NPDB,0130644,NA,NA,FALSE,40,cropland
NPDB,0130645,NA,NA,FALSE,40,cropland
NPDB,0130646,NA,NA,FALSE,40,cropland
NPDB,0130647,NA,NA,FALSE,30,grassland
NPDB,0130648,NA,NA,FALSE,40,cropland
NPDB,0130649,181,permanent water,FALSE,10,tree cover
NPDB,0130650,NA,NA,FALSE,40,cropland
NPDB,0130651,NA,NA,FALSE,40,cropland
NPDB,0130652,NA,NA,FALSE,30,grassland
NPDB,0130653,NA,NA,FALSE,10,tree cover
NPDB,0130654,NA,NA,FALSE,40,cropland
NPDB,0130655,NA,NA,FALSE,10,tree cover
NPDB,0130656,NA,NA,FALSE,40,cropland
NPDB,0130657,NA,NA,FALSE,40,cropland
NPDB,0130658,NA,NA,FALSE,40,cropland
NPDB,0130659,NA,NA,FALSE,40,cropland
NPDB,0130660,NA,NA,FALSE,40,cropland
NPDB,0130661,NA,NA,FALSE,30,grassland
NPDB,0130662,NA,NA,FALSE,40,cropland
NPDB,0130663,NA,NA,FALSE,40,cropland
NPDB,0130664,NA,NA,FALSE,10,tree cover
NPDB,0130666,NA,NA,FALSE,10,tree cover
NPDB,0130667,NA,NA,FALSE,10,tree cover
NPDB,0130668,NA,NA,FALSE,10,tree cover
NPDB,0130669,NA,NA,FALSE,10,tree cover
NPDB,0130670,NA,NA,FALSE,10,tree cover
NPDB,0130671,NA,NA,FALSE,10,tree cover
NPDB,0130672,NA,NA,FALSE,10,tree cover
NPDB,0130673,180,non-wetland,FALSE,10,tree cover
NPDB,0130674,180,non-wetland,FALSE,10,tree cover
NPDB,0130676,NA,NA,FALSE,10,tree cover
NPDB,0130677,NA,NA,FALSE,40,cropland
NPDB,0130678,180,non-wetland,FALSE,80,permanent water
NPDB,0130679,NA,NA,FALSE,40,cropland
NPDB,0130680,NA,NA,FALSE,10,tree cover
NPDB,0130681,NA,NA,FALSE,10,tree cover
NPDB,0130682,NA,NA,FALSE,40,cropland
NPDB,0130683,NA,NA,FALSE,10,tree cover
NPDB,0130684,NA,NA,FALSE,30,grassland
NPDB,0130685,NA,NA,FALSE,10,tree cover
NPDB,0130688,NA,NA,FALSE,10,tree cover
NPDB,0130690,NA,NA,FALSE,30,grassland
NPDB,0130691,NA,NA,FALSE,10,tree cover
NPDB,0130692,NA,NA,FALSE,10,tree cover
NPDB,0130693,NA,NA,FALSE,20,shrubland
NPDB,0130694,NA,NA,FALSE,10,tree cover
NPDB,0130695,NA,NA,FALSE,10,tree cover
NPDB,0140001,NA,NA,FALSE,50,built-up
NPDB,0140002,NA,NA,FALSE,40,cropland
NPDB,0140003,NA,NA,FALSE,30,grassland
NPDB,0140004,NA,NA,FALSE,30,grassland
NPDB,0140005,NA,NA,FALSE,30,grassland
NPDB,0140006,NA,NA,FALSE,30,grassland
NPDB,0140007,NA,NA,FALSE,30,grassland
NPDB,0140008,NA,NA,FALSE,30,grassland
NPDB,0140009,NA,NA,FALSE,30,grassland
NPDB,0140010,180,non-wetland,FALSE,80,permanent water
NPDB,0140011,NA,NA,FALSE,30,grassland
NPDB,0140012,NA,NA,FALSE,40,cropland
NPDB,0140013,NA,NA,FALSE,30,grassland
NPDB,0140014,NA,NA,FALSE,30,grassland
NPDB,0140015,NA,NA,FALSE,40,cropland
NPDB,0140016,NA,NA,FALSE,40,cropland
NPDB,0140017,NA,NA,FALSE,10,tree cover
NPDB,0140018,NA,NA,FALSE,40,cropland
NPDB,0140019,NA,NA,FALSE,30,grassland
NPDB,0140020,NA,NA,FALSE,30,grassland
NPDB,0140021,NA,NA,FALSE,40,cropland
NPDB,0140022,NA,NA,FALSE,40,cropland
NPDB,0140023,NA,NA,FALSE,30,grassland
NPDB,0140024,NA,NA,FALSE,40,cropland
NPDB,0140025,NA,NA,FALSE,40,cropland
NPDB,0140026,NA,NA,FALSE,40,cropland
NPDB,0140027,NA,NA,FALSE,40,cropland
NPDB,0140028,NA,NA,FALSE,40,cropland
NPDB,0140029,NA,NA,FALSE,40,cropland
NPDB,0140030,NA,NA,FALSE,40,cropland
NPDB,0140031,NA,NA,FALSE,40,cropland
NPDB,0140032,NA,NA,FALSE,40,cropland
NPDB,0140033,NA,NA,FALSE,40,cropland
NPDB,0140034,NA,NA,FALSE,40,cropland
NPDB,0140035,NA,NA,FALSE,40,cropland
NPDB,0140036,NA,NA,FALSE,30,grassland
NPDB,0140037,NA,NA,FALSE,40,cropland
NPDB,0140038,NA,NA,FALSE,30,grassland
NPDB,0140039,NA,NA,FALSE,40,cropland
NPDB,0140040,NA,NA,FALSE,30,grassland
NPDB,0140041,NA,NA,FALSE,40,cropland
NPDB,0140042,NA,NA,FALSE,40,cropland
NPDB,0140043,NA,NA,FALSE,40,cropland
NPDB,0140044,NA,NA,FALSE,30,grassland
NPDB,0140045,NA,NA,FALSE,40,cropland
NPDB,0140046,NA,NA,FALSE,30,grassland
NPDB,0140047,NA,NA,FALSE,40,cropland
NPDB,0140048,NA,NA,FALSE,40,cropland
NPDB,0140049,NA,NA,FALSE,40,cropland
NPDB,0140050,NA,NA,FALSE,40,cropland
NPDB,0140051,NA,NA,FALSE,40,cropland
NPDB,0140052,NA,NA,FALSE,30,grassland
NPDB,0140053,NA,NA,FALSE,40,cropland
NPDB,0140054,NA,NA,FALSE,40,cropland
NPDB,0140055,NA,NA,FALSE,30,grassland
NPDB,0140056,NA,NA,FALSE,40,cropland
NPDB,0140057,NA,NA,FALSE,40,cropland
NPDB,0140058,NA,NA,FALSE,30,grassland
NPDB,0140059,NA,NA,FALSE,40,cropland
NPDB,0140060,NA,NA,FALSE,40,cropland
NPDB,0140061,NA,NA,FALSE,40,cropland
NPDB,0140062,NA,NA,FALSE,40,cropland
NPDB,0140063,NA,NA,FALSE,10,tree cover
NPDB,0140066,NA,NA,FALSE,30,grassland
NPDB,0140067,NA,NA,FALSE,40,cropland
NPDB,0140068,NA,NA,FALSE,10,tree cover
NPDB,0140069,NA,NA,FALSE,30,grassland
NPDB,0140070,NA,NA,FALSE,50,built-up
NPDB,0140071,NA,NA,FALSE,10,tree cover
NPDB,0140072,NA,NA,FALSE,30,grassland
NPDB,0140074,NA,NA,FALSE,10,tree cover
NPDB,0140075,NA,NA,FALSE,10,tree cover
NPDB,0140076,NA,NA,FALSE,30,grassland
NPDB,0140077,NA,NA,FALSE,40,cropland
NPDB,0140078,NA,NA,FALSE,50,built-up
NPDB,0140079,NA,NA,FALSE,50,built-up
NPDB,0140080,NA,NA,FALSE,10,tree cover
NPDB,0140081,NA,NA,FALSE,50,built-up
NPDB,0140082,NA,NA,FALSE,10,tree cover
NPDB,0140083,NA,NA,FALSE,30,grassland
NPDB,0140084,NA,NA,FALSE,30,grassland
NPDB,0140085,NA,NA,FALSE,30,grassland
NPDB,0140086,NA,NA,FALSE,10,tree cover
NPDB,0140087,NA,NA,FALSE,10,tree cover
NPDB,0140088,NA,NA,FALSE,30,grassland
NPDB,0140089,NA,NA,FALSE,10,tree cover
NPDB,0140090,NA,NA,FALSE,10,tree cover
NPDB,0140091,NA,NA,FALSE,10,tree cover
NPDB,0140092,NA,NA,FALSE,40,cropland
NPDB,0140093,NA,NA,FALSE,10,tree cover
NPDB,0140094,NA,NA,FALSE,10,tree cover
NPDB,0140095,NA,NA,FALSE,30,grassland
NPDB,0140096,NA,NA,FALSE,10,tree cover
NPDB,0140097,NA,NA,FALSE,40,cropland
NPDB,0140098,NA,NA,FALSE,10,tree cover
NPDB,0140099,NA,NA,FALSE,40,cropland
NPDB,0140100,NA,NA,FALSE,10,tree cover
NPDB,0140101,NA,NA,FALSE,10,tree cover
NPDB,0140102,NA,NA,FALSE,40,cropland
NPDB,0140103,NA,NA,FALSE,10,tree cover
NPDB,0140104,NA,NA,FALSE,30,grassland
NPDB,0140105,NA,NA,FALSE,30,grassland
NPDB,0140106,NA,NA,FALSE,10,tree cover
NPDB,0140107,NA,NA,FALSE,40,cropland
NPDB,0140108,NA,NA,FALSE,10,tree cover
NPDB,0140109,NA,NA,FALSE,40,cropland
NPDB,0140110,NA,NA,FALSE,10,tree cover
NPDB,0140111,NA,NA,FALSE,40,cropland
NPDB,0140112,NA,NA,FALSE,40,cropland
NPDB,0140113,NA,NA,FALSE,40,cropland
NPDB,0140114,NA,NA,FALSE,10,tree cover
NPDB,0140115,NA,NA,FALSE,40,cropland
NPDB,0140116,NA,NA,FALSE,40,cropland
NPDB,0140117,NA,NA,FALSE,40,cropland
NPDB,0140118,NA,NA,FALSE,40,cropland
NPDB,0140119,NA,NA,FALSE,40,cropland
NPDB,0140120,NA,NA,FALSE,40,cropland
NPDB,0140121,NA,NA,FALSE,40,cropland
NPDB,0140122,NA,NA,FALSE,40,cropland
NPDB,0140123,NA,NA,FALSE,40,cropland
NPDB,0140124,NA,NA,FALSE,40,cropland
NPDB,0140125,NA,NA,FALSE,40,cropland
NPDB,0140126,NA,NA,FALSE,40,cropland
NPDB,0140127,NA,NA,FALSE,10,tree cover
NPDB,0140128,NA,NA,FALSE,10,tree cover
NPDB,0140129,NA,NA,FALSE,10,tree cover
NPDB,0140130,NA,NA,FALSE,10,tree cover
NPDB,0140131,NA,NA,FALSE,40,cropland
NPDB,0140132,NA,NA,FALSE,30,grassland
NPDB,0140133,NA,NA,FALSE,40,cropland
NPDB,0140134,NA,NA,FALSE,40,cropland
NPDB,0140135,NA,NA,FALSE,40,cropland
NPDB,0140136,NA,NA,FALSE,10,tree cover
NPDB,0140137,NA,NA,FALSE,40,cropland
NPDB,0140138,NA,NA,FALSE,40,cropland
NPDB,0140139,NA,NA,FALSE,40,cropland
NPDB,0140140,NA,NA,FALSE,40,cropland
NPDB,0140141,NA,NA,FALSE,40,cropland
NPDB,0140142,NA,NA,FALSE,40,cropland
NPDB,0140143,NA,NA,FALSE,40,cropland
NPDB,0140144,NA,NA,FALSE,40,cropland
NPDB,0140145,NA,NA,FALSE,30,grassland
NPDB,0140146,NA,NA,FALSE,40,cropland
NPDB,0140147,NA,NA,FALSE,40,cropland
NPDB,0140148,NA,NA,FALSE,50,built-up
NPDB,0140149,NA,NA,FALSE,40,cropland
NPDB,0140150,NA,NA,FALSE,40,cropland
NPDB,0140151,NA,NA,FALSE,40,cropland
NPDB,0140152,NA,NA,FALSE,30,grassland
NPDB,0140153,NA,NA,FALSE,30,grassland
NPDB,0140154,NA,NA,FALSE,40,cropland
NPDB,0140155,NA,NA,FALSE,40,cropland
NPDB,0140156,NA,NA,FALSE,10,tree cover
NPDB,0140157,NA,NA,FALSE,40,cropland
NPDB,0140158,NA,NA,FALSE,50,built-up
NPDB,0140159,NA,NA,FALSE,40,cropland
NPDB,0140160,NA,NA,FALSE,40,cropland
NPDB,0140161,NA,NA,FALSE,40,cropland
NPDB,0140162,NA,NA,FALSE,40,cropland
NPDB,0140163,NA,NA,FALSE,40,cropland
NPDB,0140164,NA,NA,FALSE,10,tree cover
NPDB,0140165,NA,NA,FALSE,10,tree cover
NPDB,0140166,NA,NA,FALSE,40,cropland
NPDB,0140167,NA,NA,FALSE,40,cropland
NPDB,0140168,NA,NA,FALSE,40,cropland
NPDB,0140169,NA,NA,FALSE,40,cropland
NPDB,0140170,NA,NA,FALSE,30,grassland
NPDB,0140171,NA,NA,FALSE,10,tree cover
NPDB,0140172,NA,NA,FALSE,30,grassland
NPDB,0140173,NA,NA,FALSE,30,grassland
NPDB,0140174,NA,NA,FALSE,30,grassland
NPDB,0140175,NA,NA,FALSE,30,grassland
NPDB,0140176,NA,NA,FALSE,10,tree cover
NPDB,0140177,NA,NA,FALSE,30,grassland
NPDB,0140178,NA,NA,FALSE,30,grassland
NPDB,0140179,NA,NA,FALSE,10,tree cover
NPDB,0140180,NA,NA,FALSE,10,tree cover
NPDB,0140181,NA,NA,FALSE,10,tree cover
NPDB,0140182,NA,NA,FALSE,10,tree cover
NPDB,0140183,NA,NA,FALSE,40,cropland
NPDB,0140184,NA,NA,FALSE,40,cropland
NPDB,0140185,NA,NA,FALSE,40,cropland
NPDB,0140186,NA,NA,FALSE,30,grassland
NPDB,0140187,NA,NA,FALSE,30,grassland
NPDB,0140188,NA,NA,FALSE,50,built-up
NPDB,0140189,NA,NA,FALSE,40,cropland
NPDB,0140190,NA,NA,FALSE,50,built-up
NPDB,0140191,NA,NA,FALSE,50,built-up
NPDB,0140192,NA,NA,FALSE,50,built-up
NPDB,0140193,NA,NA,FALSE,40,cropland
NPDB,0140194,NA,NA,FALSE,40,cropland
NPDB,0140195,NA,NA,FALSE,40,cropland
NPDB,0140196,NA,NA,FALSE,40,cropland
NPDB,0140197,NA,NA,FALSE,40,cropland
NPDB,0140198,NA,NA,FALSE,10,tree cover
NPDB,0140199,NA,NA,FALSE,10,tree cover
NPDB,0140200,NA,NA,FALSE,10,tree cover
NPDB,0140201,NA,NA,FALSE,30,grassland
NPDB,0140202,NA,NA,FALSE,30,grassland
NPDB,0140203,NA,NA,FALSE,40,cropland
NPDB,0140204,NA,NA,FALSE,40,cropland
NPDB,0140205,NA,NA,FALSE,40,cropland
NPDB,0140206,NA,NA,FALSE,40,cropland
NPDB,0140207,NA,NA,FALSE,40,cropland
NPDB,0140208,NA,NA,FALSE,10,tree cover
NPDB,0140209,NA,NA,FALSE,40,cropland
NPDB,0140210,NA,NA,FALSE,30,grassland
NPDB,0140211,NA,NA,FALSE,30,grassland
NPDB,0140212,NA,NA,FALSE,40,cropland
NPDB,0140213,NA,NA,FALSE,10,tree cover
NPDB,0140214,NA,NA,FALSE,40,cropland
NPDB,0140215,NA,NA,FALSE,30,grassland
NPDB,0140216,NA,NA,FALSE,40,cropland
NPDB,0140217,NA,NA,FALSE,40,cropland
NPDB,0140218,NA,NA,FALSE,40,cropland
NPDB,0140219,NA,NA,FALSE,40,cropland
NPDB,0140220,NA,NA,FALSE,40,cropland
NPDB,0140221,NA,NA,FALSE,40,cropland
NPDB,0140222,NA,NA,FALSE,30,grassland
NPDB,0140223,NA,NA,FALSE,30,grassland
NPDB,0140224,NA,NA,FALSE,40,cropland
NPDB,0140225,NA,NA,FALSE,50,built-up
NPDB,0140227,NA,NA,FALSE,40,cropland
NPDB,0140228,NA,NA,FALSE,40,cropland
NPDB,0140229,NA,NA,FALSE,10,tree cover
NPDB,0140230,NA,NA,FALSE,30,grassland
NPDB,0140231,NA,NA,FALSE,10,tree cover
NPDB,0140232,NA,NA,FALSE,40,cropland
NPDB,0140233,NA,NA,FALSE,40,cropland
NPDB,0140234,NA,NA,FALSE,40,cropland
NPDB,0140235,NA,NA,FALSE,30,grassland
NPDB,0140236,NA,NA,FALSE,30,grassland
NPDB,0140237,NA,NA,FALSE,40,cropland
NPDB,0140238,NA,NA,FALSE,30,grassland
NPDB,0140239,NA,NA,FALSE,40,cropland
NPDB,0140240,NA,NA,FALSE,10,tree cover
NPDB,0140241,NA,NA,FALSE,30,grassland
NPDB,0140242,NA,NA,FALSE,10,tree cover
NPDB,0140243,NA,NA,FALSE,40,cropland
NPDB,0140244,NA,NA,FALSE,10,tree cover
NPDB,0140245,NA,NA,FALSE,10,tree cover
NPDB,0140246,NA,NA,FALSE,40,cropland
NPDB,0140247,NA,NA,FALSE,40,cropland
NPDB,0140248,NA,NA,FALSE,40,cropland
NPDB,0140249,NA,NA,FALSE,40,cropland
NPDB,0140250,NA,NA,FALSE,40,cropland
NPDB,0140251,NA,NA,FALSE,40,cropland
NPDB,0140252,NA,NA,FALSE,40,cropland
NPDB,0140253,NA,NA,FALSE,10,tree cover
NPDB,0140254,NA,NA,FALSE,10,tree cover
NPDB,0140255,NA,NA,FALSE,10,tree cover
NPDB,0140256,NA,NA,FALSE,40,cropland
NPDB,0140257,NA,NA,FALSE,30,grassland
NPDB,0140258,NA,NA,FALSE,10,tree cover
NPDB,0140259,NA,NA,FALSE,40,cropland
NPDB,0140260,NA,NA,FALSE,40,cropland
NPDB,0140261,NA,NA,FALSE,10,tree cover
NPDB,0140262,NA,NA,FALSE,10,tree cover
NPDB,0140263,NA,NA,FALSE,40,cropland
NPDB,0140264,NA,NA,FALSE,40,cropland
NPDB,0140265,NA,NA,FALSE,40,cropland
NPDB,0140266,NA,NA,FALSE,40,cropland
NPDB,0140267,NA,NA,FALSE,40,cropland
NPDB,0140268,NA,NA,FALSE,40,cropland
NPDB,0140269,NA,NA,FALSE,40,cropland
NPDB,0140270,NA,NA,FALSE,40,cropland
NPDB,0140271,NA,NA,FALSE,40,cropland
NPDB,0140272,NA,NA,FALSE,40,cropland
NPDB,0140273,NA,NA,FALSE,40,cropland
NPDB,0140274,NA,NA,FALSE,40,cropland
NPDB,0140275,NA,NA,FALSE,30,grassland
NPDB,0140276,NA,NA,FALSE,40,cropland
NPDB,0140277,NA,NA,FALSE,40,cropland
NPDB,0140278,NA,NA,FALSE,40,cropland
NPDB,0140279,NA,NA,FALSE,40,cropland
NPDB,0140280,NA,NA,FALSE,40,cropland
NPDB,0140281,NA,NA,FALSE,40,cropland
NPDB,0140282,NA,NA,FALSE,30,grassland
NPDB,0140283,NA,NA,FALSE,40,cropland
NPDB,0140284,NA,NA,FALSE,40,cropland
NPDB,0140285,NA,NA,FALSE,30,grassland
NPDB,0140286,NA,NA,FALSE,40,cropland
NPDB,0140287,NA,NA,FALSE,40,cropland
NPDB,0140288,NA,NA,FALSE,40,cropland
NPDB,0140289,NA,NA,FALSE,40,cropland
NPDB,0140290,NA,NA,FALSE,40,cropland
NPDB,0140291,NA,NA,FALSE,40,cropland
NPDB,0140292,NA,NA,FALSE,40,cropland
NPDB,0140293,NA,NA,FALSE,10,tree cover
NPDB,0140294,NA,NA,FALSE,40,cropland
NPDB,0140295,NA,NA,FALSE,40,cropland
NPDB,0140296,NA,NA,FALSE,10,tree cover
NPDB,0140297,NA,NA,FALSE,40,cropland
NPDB,0140298,NA,NA,FALSE,40,cropland
NPDB,0140299,NA,NA,FALSE,30,grassland
NPDB,0140300,NA,NA,FALSE,30,grassland
NPDB,0140301,NA,NA,FALSE,30,grassland
NPDB,0140302,NA,NA,FALSE,10,tree cover
NPDB,0140303,NA,NA,FALSE,40,cropland
NPDB,0140304,NA,NA,FALSE,40,cropland
NPDB,0140305,NA,NA,FALSE,40,cropland
NPDB,0140306,NA,NA,FALSE,40,cropland
NPDB,0140307,NA,NA,FALSE,10,tree cover
NPDB,0140308,NA,NA,FALSE,40,cropland
NPDB,0140309,NA,NA,FALSE,50,built-up
NPDB,0140310,NA,NA,FALSE,30,grassland
NPDB,0140311,NA,NA,FALSE,30,grassland
NPDB,0140312,NA,NA,FALSE,40,cropland
NPDB,0140313,NA,NA,FALSE,30,grassland
NPDB,0140314,NA,NA,FALSE,30,grassland
NPDB,0140315,NA,NA,FALSE,40,cropland
NPDB,0140316,NA,NA,FALSE,30,grassland
NPDB,0140317,NA,NA,FALSE,50,built-up
NPDB,0140318,NA,NA,FALSE,30,grassland
NPDB,0140319,NA,NA,FALSE,30,grassland
NPDB,0140320,NA,NA,FALSE,40,cropland
NPDB,0140321,NA,NA,FALSE,40,cropland
NPDB,0140322,NA,NA,FALSE,40,cropland
NPDB,0140323,NA,NA,FALSE,10,tree cover
NPDB,0140324,NA,NA,FALSE,30,grassland
NPDB,0140325,NA,NA,FALSE,40,cropland
NPDB,0140326,NA,NA,FALSE,30,grassland
NPDB,0140327,NA,NA,FALSE,40,cropland
NPDB,0140328,NA,NA,FALSE,10,tree cover
NPDB,0140329,NA,NA,FALSE,10,tree cover
NPDB,0140330,NA,NA,FALSE,10,tree cover
NPDB,0140331,NA,NA,FALSE,10,tree cover
NPDB,0140332,NA,NA,FALSE,30,grassland
NPDB,0140333,NA,NA,FALSE,30,grassland
NPDB,0140334,NA,NA,FALSE,40,cropland
NPDB,0140335,NA,NA,FALSE,40,cropland
NPDB,0140336,NA,NA,FALSE,30,grassland
NPDB,0140337,NA,NA,FALSE,30,grassland
NPDB,0140338,NA,NA,FALSE,40,cropland
NPDB,0140339,NA,NA,FALSE,10,tree cover
NPDB,0140340,NA,NA,FALSE,50,built-up
NPDB,0140341,NA,NA,FALSE,40,cropland
NPDB,0140342,NA,NA,FALSE,30,grassland
NPDB,0140343,NA,NA,FALSE,40,cropland
NPDB,0140344,NA,NA,FALSE,10,tree cover
NPDB,0140345,NA,NA,FALSE,10,tree cover
NPDB,0140346,NA,NA,FALSE,10,tree cover
NPDB,0140347,NA,NA,FALSE,30,grassland
NPDB,0140348,NA,NA,FALSE,30,grassland
NPDB,0140349,NA,NA,FALSE,10,tree cover
NPDB,0140350,NA,NA,FALSE,10,tree cover
NPDB,0140351,NA,NA,FALSE,30,grassland
NPDB,0140352,NA,NA,FALSE,10,tree cover
NPDB,0140353,NA,NA,FALSE,40,cropland
NPDB,0140354,NA,NA,FALSE,10,tree cover
NPDB,0140355,NA,NA,FALSE,30,grassland
NPDB,0140356,NA,NA,FALSE,30,grassland
NPDB,0140357,NA,NA,FALSE,30,grassland
NPDB,0140358,NA,NA,FALSE,10,tree cover
NPDB,0140359,NA,NA,FALSE,40,cropland
NPDB,0140360,NA,NA,FALSE,40,cropland
NPDB,0140361,NA,NA,FALSE,10,tree cover
NPDB,0140362,NA,NA,FALSE,40,cropland
NPDB,0140363,NA,NA,FALSE,50,built-up
NPDB,0140364,NA,NA,FALSE,40,cropland
NPDB,0140365,NA,NA,FALSE,40,cropland
NPDB,0140366,NA,NA,FALSE,40,cropland
NPDB,0140367,NA,NA,FALSE,10,tree cover
NPDB,0140368,NA,NA,FALSE,40,cropland
NPDB,0140369,NA,NA,FALSE,40,cropland
NPDB,0140370,NA,NA,FALSE,40,cropland
NPDB,0140371,NA,NA,FALSE,40,cropland
NPDB,0140372,NA,NA,FALSE,40,cropland
NPDB,0140373,NA,NA,FALSE,40,cropland
NPDB,0140374,NA,NA,FALSE,40,cropland
NPDB,0140375,NA,NA,FALSE,40,cropland
NPDB,0140376,NA,NA,FALSE,40,cropland
NPDB,0140377,NA,NA,FALSE,40,cropland
NPDB,0140378,NA,NA,FALSE,40,cropland
NPDB,0140379,NA,NA,FALSE,30,grassland
NPDB,0140380,NA,NA,FALSE,40,cropland
NPDB,0140381,NA,NA,FALSE,30,grassland
NPDB,0140382,NA,NA,FALSE,30,grassland
NPDB,0140383,NA,NA,FALSE,10,tree cover
NPDB,0140384,NA,NA,FALSE,40,cropland
NPDB,0140385,NA,NA,FALSE,40,cropland
NPDB,0140386,NA,NA,FALSE,40,cropland
NPDB,0140387,NA,NA,FALSE,40,cropland
NPDB,0140388,NA,NA,FALSE,50,built-up
NPDB,0140389,NA,NA,FALSE,30,grassland
NPDB,0140390,NA,NA,FALSE,30,grassland
NPDB,0140391,NA,NA,FALSE,30,grassland
NPDB,0140392,NA,NA,FALSE,10,tree cover
NPDB,0140393,NA,NA,FALSE,40,cropland
NPDB,0140394,NA,NA,FALSE,40,cropland
NPDB,0140395,NA,NA,FALSE,30,grassland
NPDB,0140396,NA,NA,FALSE,30,grassland
NPDB,0140397,NA,NA,FALSE,30,grassland
NPDB,0140398,NA,NA,FALSE,30,grassland
NPDB,0140399,NA,NA,FALSE,10,tree cover
NPDB,0140400,NA,NA,FALSE,50,built-up
NPDB,0140401,NA,NA,FALSE,30,grassland
NPDB,0140402,NA,NA,FALSE,40,cropland
NPDB,0140403,182,swamp,TRUE,40,cropland
NPDB,0140404,NA,NA,FALSE,40,cropland
NPDB,0140405,NA,NA,FALSE,30,grassland
NPDB,0140406,NA,NA,FALSE,40,cropland
NPDB,0140407,NA,NA,FALSE,30,grassland
NPDB,0140408,NA,NA,FALSE,30,grassland
NPDB,0140409,NA,NA,FALSE,40,cropland
NPDB,0140410,NA,NA,FALSE,30,grassland
NPDB,0140411,NA,NA,FALSE,40,cropland
NPDB,0140412,NA,NA,FALSE,40,cropland
NPDB,0140413,NA,NA,FALSE,40,cropland
NPDB,0140414,NA,NA,FALSE,40,cropland
NPDB,0140415,NA,NA,FALSE,40,cropland
NPDB,0140416,NA,NA,FALSE,10,tree cover
NPDB,0140417,NA,NA,FALSE,40,cropland
NPDB,0140418,NA,NA,FALSE,40,cropland
NPDB,0140419,NA,NA,FALSE,40,cropland
NPDB,0140420,NA,NA,FALSE,40,cropland
NPDB,0140421,NA,NA,FALSE,40,cropland
NPDB,0140422,NA,NA,FALSE,40,cropland
NPDB,0140423,NA,NA,FALSE,40,cropland
NPDB,0140424,NA,NA,FALSE,40,cropland
NPDB,0140425,NA,NA,FALSE,40,cropland
NPDB,0140426,NA,NA,FALSE,30,grassland
NPDB,0140427,NA,NA,FALSE,40,cropland
NPDB,0140428,NA,NA,FALSE,40,cropland
NPDB,0140429,NA,NA,FALSE,30,grassland
NPDB,0140430,NA,NA,FALSE,30,grassland
NPDB,0140431,NA,NA,FALSE,30,grassland
NPDB,0140432,NA,NA,FALSE,30,grassland
NPDB,0140433,NA,NA,FALSE,40,cropland
NPDB,0140434,NA,NA,FALSE,40,cropland
NPDB,0140435,NA,NA,FALSE,40,cropland
NPDB,0140436,NA,NA,FALSE,40,cropland
NPDB,0140437,NA,NA,FALSE,10,tree cover
NPDB,0140438,NA,NA,FALSE,10,tree cover
NPDB,0140439,NA,NA,FALSE,10,tree cover
NPDB,0140440,NA,NA,FALSE,10,tree cover
NPDB,0140441,NA,NA,FALSE,10,tree cover
NPDB,0140442,NA,NA,FALSE,40,cropland
NPDB,0140443,NA,NA,FALSE,40,cropland
NPDB,0140444,NA,NA,FALSE,40,cropland
NPDB,0140445,NA,NA,FALSE,40,cropland
NPDB,0140446,NA,NA,FALSE,40,cropland
NPDB,0140447,NA,NA,FALSE,40,cropland
NPDB,0140448,NA,NA,FALSE,30,grassland
NPDB,0140449,NA,NA,FALSE,40,cropland
NPDB,0140450,NA,NA,FALSE,40,cropland
NPDB,0140451,NA,NA,FALSE,40,cropland
NPDB,0140452,NA,NA,FALSE,40,cropland
NPDB,0140453,NA,NA,FALSE,40,cropland
NPDB,0140454,NA,NA,FALSE,40,cropland
NPDB,0140455,NA,NA,FALSE,40,cropland
NPDB,0140456,NA,NA,FALSE,40,cropland
NPDB,0140457,NA,NA,FALSE,40,cropland
NPDB,0140458,NA,NA,FALSE,40,cropland
NPDB,0140459,NA,NA,FALSE,40,cropland
NPDB,0140460,NA,NA,FALSE,40,cropland
NPDB,0140461,NA,NA,FALSE,40,cropland
NPDB,0140462,NA,NA,FALSE,40,cropland
NPDB,0140463,NA,NA,FALSE,40,cropland
NPDB,0140464,NA,NA,FALSE,30,grassland
NPDB,0140465,NA,NA,FALSE,40,cropland
NPDB,0140466,NA,NA,FALSE,40,cropland
NPDB,0140467,NA,NA,FALSE,40,cropland
NPDB,0140468,NA,NA,FALSE,40,cropland
NPDB,0140469,NA,NA,FALSE,40,cropland
NPDB,0140470,NA,NA,FALSE,40,cropland
NPDB,0140471,NA,NA,FALSE,40,cropland
NPDB,0140472,NA,NA,FALSE,40,cropland
NPDB,0140473,NA,NA,FALSE,40,cropland
NPDB,0140474,NA,NA,FALSE,40,cropland
NPDB,0140475,NA,NA,FALSE,40,cropland
NPDB,0140476,NA,NA,FALSE,30,grassland
NPDB,0140477,NA,NA,FALSE,40,cropland
NPDB,0140478,NA,NA,FALSE,40,cropland
NPDB,0140479,NA,NA,FALSE,40,cropland
NPDB,0140480,NA,NA,FALSE,30,grassland
NPDB,0140481,NA,NA,FALSE,10,tree cover
NPDB,0140482,NA,NA,FALSE,40,cropland
NPDB,0140483,NA,NA,FALSE,40,cropland
NPDB,0140484,NA,NA,FALSE,40,cropland
NPDB,0140485,NA,NA,FALSE,40,cropland
NPDB,0140486,NA,NA,FALSE,40,cropland
NPDB,0140487,NA,NA,FALSE,10,tree cover
NPDB,0140488,NA,NA,FALSE,10,tree cover
NPDB,0140489,NA,NA,FALSE,10,tree cover
NPDB,0140490,NA,NA,FALSE,10,tree cover
NPDB,0140491,NA,NA,FALSE,40,cropland
NPDB,0140492,NA,NA,FALSE,40,cropland
NPDB,0140493,NA,NA,FALSE,10,tree cover
NPDB,0140494,NA,NA,FALSE,10,tree cover
NPDB,0140497,NA,NA,FALSE,40,cropland
NPDB,0140498,NA,NA,FALSE,40,cropland
NPDB,0140499,NA,NA,FALSE,10,tree cover
NPDB,0140500,NA,NA,FALSE,30,grassland
NPDB,0140501,NA,NA,FALSE,40,cropland
NPDB,0140502,NA,NA,FALSE,30,grassland
NPDB,0140503,NA,NA,FALSE,40,cropland
NPDB,0140504,NA,NA,FALSE,40,cropland
NPDB,0140505,NA,NA,FALSE,50,built-up
NPDB,0140506,NA,NA,FALSE,50,built-up
NPDB,0140507,NA,NA,FALSE,40,cropland
NPDB,0140508,NA,NA,FALSE,10,tree cover
NPDB,0140509,NA,NA,FALSE,40,cropland
NPDB,0140511,NA,NA,FALSE,10,tree cover
NPDB,0140512,NA,NA,FALSE,30,grassland
NPDB,0140513,NA,NA,FALSE,10,tree cover
NPDB,0140514,NA,NA,FALSE,10,tree cover
NPDB,0140515,NA,NA,FALSE,10,tree cover
NPDB,0140516,NA,NA,FALSE,40,cropland
NPDB,0140517,NA,NA,FALSE,10,tree cover
NPDB,0150001,NA,NA,FALSE,10,tree cover
NPDB,0150002,NA,NA,FALSE,10,tree cover
NPDB,0150003,NA,NA,FALSE,10,tree cover
NPDB,0150004,NA,NA,FALSE,10,tree cover
NPDB,0150005,NA,NA,FALSE,30,grassland
NPDB,0150006,NA,NA,FALSE,10,tree cover
NPDB,0150007,NA,NA,FALSE,10,tree cover
NPDB,0150008,NA,NA,FALSE,10,tree cover
NPDB,0150009,NA,NA,FALSE,30,grassland
NPDB,0150010,NA,NA,FALSE,10,tree cover
NPDB,0150011,NA,NA,FALSE,10,tree cover
NPDB,0150012,NA,NA,FALSE,100,moss and lichen
NPDB,0150013,NA,NA,FALSE,10,tree cover
NPDB,0150014,NA,NA,FALSE,10,tree cover
NPDB,0150015,NA,NA,FALSE,10,tree cover
NPDB,0150016,NA,NA,FALSE,30,grassland
NPDB,0150017,NA,NA,FALSE,100,moss and lichen
NPDB,0150018,NA,NA,FALSE,10,tree cover
NPDB,0150019,NA,NA,FALSE,10,tree cover
NPDB,0150020,NA,NA,FALSE,10,tree cover
NPDB,0150021,NA,NA,FALSE,10,tree cover
NPDB,0150022,NA,NA,FALSE,10,tree cover
NPDB,0150023,NA,NA,FALSE,10,tree cover
NPDB,0150024,NA,NA,FALSE,10,tree cover
NPDB,0150025,NA,NA,FALSE,90,herbaceous wetland
NPDB,0150026,NA,NA,FALSE,10,tree cover
NPDB,0150027,NA,NA,FALSE,10,tree cover
NPDB,0150028,NA,NA,FALSE,30,grassland
NPDB,0150029,NA,NA,FALSE,10,tree cover
NPDB,0150030,NA,NA,FALSE,10,tree cover
NPDB,0150031,NA,NA,FALSE,10,tree cover
NPDB,0150032,NA,NA,FALSE,10,tree cover
NPDB,0150033,NA,NA,FALSE,10,tree cover
NPDB,0150034,NA,NA,FALSE,10,tree cover
NPDB,0150035,NA,NA,FALSE,10,tree cover
NPDB,0150036,NA,NA,FALSE,10,tree cover
NPDB,0150037,NA,NA,FALSE,10,tree cover
NPDB,0150038,NA,NA,FALSE,30,grassland
NPDB,0150039,NA,NA,FALSE,10,tree cover
NPDB,0150040,NA,NA,FALSE,10,tree cover
NPDB,0150041,NA,NA,FALSE,60,bare/sparse
NPDB,0150042,NA,NA,FALSE,10,tree cover
NPDB,0150043,NA,NA,FALSE,10,tree cover
NPDB,0150044,NA,NA,FALSE,10,tree cover
NPDB,0150045,NA,NA,FALSE,10,tree cover
NPDB,0150046,NA,NA,FALSE,10,tree cover
NPDB,0150047,NA,NA,FALSE,10,tree cover
NPDB,0150048,NA,NA,FALSE,10,tree cover
NPDB,0150049,NA,NA,FALSE,10,tree cover
NPDB,0150050,180,non-wetland,FALSE,80,permanent water
NPDB,0150051,NA,NA,FALSE,10,tree cover
NPDB,0150052,NA,NA,FALSE,10,tree cover
NPDB,0150053,NA,NA,FALSE,30,grassland
NPDB,0150054,NA,NA,FALSE,100,moss and lichen
NPDB,0150055,NA,NA,FALSE,10,tree cover
NPDB,0150056,NA,NA,FALSE,30,grassland
NPDB,0150057,NA,NA,FALSE,30,grassland
NPDB,0150058,NA,NA,FALSE,30,grassland
NPDB,0150059,180,non-wetland,FALSE,80,permanent water
NPDB,0150060,NA,NA,FALSE,10,tree cover
NPDB,0150061,NA,NA,FALSE,30,grassland
NPDB,0150062,NA,NA,FALSE,10,tree cover
NPDB,0150063,NA,NA,FALSE,10,tree cover
NPDB,0150064,NA,NA,FALSE,10,tree cover
NPDB,0150065,NA,NA,FALSE,100,moss and lichen
NPDB,0150066,NA,NA,FALSE,10,tree cover
NPDB,0150067,NA,NA,FALSE,10,tree cover
NPDB,0150068,NA,NA,FALSE,10,tree cover
NPDB,0150069,NA,NA,FALSE,10,tree cover
NPDB,0150070,NA,NA,FALSE,30,grassland
NPDB,0150071,NA,NA,FALSE,10,tree cover
NPDB,0150073,NA,NA,FALSE,30,grassland
NPDB,0150074,NA,NA,FALSE,30,grassland
NPDB,0150075,NA,NA,FALSE,20,shrubland
NPDB,0150076,NA,NA,FALSE,10,tree cover
NPDB,0150077,NA,NA,FALSE,20,shrubland
NPDB,0150078,NA,NA,FALSE,30,grassland
NPDB,0150079,NA,NA,FALSE,10,tree cover
NPDB,0150080,180,non-wetland,FALSE,80,permanent water
NPDB,0150081,NA,NA,FALSE,10,tree cover
NPDB,0150082,NA,NA,FALSE,30,grassland
NPDB,0150083,NA,NA,FALSE,30,grassland
NPDB,0150084,NA,NA,FALSE,10,tree cover
NPDB,0150085,NA,NA,FALSE,90,herbaceous wetland
NPDB,0150086,NA,NA,FALSE,90,herbaceous wetland
NPDB,0150087,NA,NA,FALSE,90,herbaceous wetland
NPDB,0150088,NA,NA,FALSE,30,grassland
NPDB,0150089,NA,NA,FALSE,90,herbaceous wetland
NPDB,0150090,NA,NA,FALSE,100,moss and lichen
NPDB,0150091,NA,NA,FALSE,30,grassland
NPDB,0150092,NA,NA,FALSE,30,grassland
NPDB,0150093,NA,NA,FALSE,100,moss and lichen
NPDB,0150094,NA,NA,FALSE,60,bare/sparse
NPDB,0150095,NA,NA,FALSE,10,tree cover
NPDB,0150096,NA,NA,FALSE,10,tree cover
NPDB,0150097,NA,NA,FALSE,10,tree cover
NPDB,0150098,NA,NA,FALSE,10,tree cover
NPDB,0150099,NA,NA,FALSE,80,permanent water
NPDB,0150100,NA,NA,FALSE,10,tree cover
NPDB,0150101,NA,NA,FALSE,10,tree cover
NPDB,0150102,NA,NA,FALSE,30,grassland
NPDB,0150103,NA,NA,FALSE,10,tree cover
NPDB,0150104,NA,NA,FALSE,100,moss and lichen
NPDB,0150105,180,non-wetland,FALSE,80,permanent water
NPDB,0150106,NA,NA,FALSE,10,tree cover
NPDB,0150107,NA,NA,FALSE,90,herbaceous wetland
NPDB,0150108,NA,NA,FALSE,80,permanent water
NPDB,0150109,NA,NA,FALSE,10,tree cover
NPDB,0150110,NA,NA,FALSE,10,tree cover
NPDB,0150111,NA,NA,FALSE,10,tree cover
NPDB,0150112,NA,NA,FALSE,10,tree cover
NPDB,0150113,NA,NA,FALSE,10,tree cover
NPDB,0150114,NA,NA,FALSE,10,tree cover
NPDB,0150115,NA,NA,FALSE,10,tree cover
NPDB,0150116,NA,NA,FALSE,10,tree cover
NPDB,0150117,NA,NA,FALSE,10,tree cover
NPDB,0150118,NA,NA,FALSE,10,tree cover
NPDB,0150119,NA,NA,FALSE,10,tree cover
NPDB,0150120,NA,NA,FALSE,10,tree cover
NPDB,0150121,NA,NA,FALSE,10,tree cover
NPDB,0150122,NA,NA,FALSE,10,tree cover
NPDB,0150123,NA,NA,FALSE,10,tree cover
NPDB,0150124,NA,NA,FALSE,10,tree cover
NPDB,0150125,NA,NA,FALSE,10,tree cover
NPDB,0150126,NA,NA,FALSE,10,tree cover
NPDB,0150127,NA,NA,FALSE,10,tree cover
NPDB,0150128,NA,NA,FALSE,10,tree cover
NPDB,0150129,NA,NA,FALSE,10,tree cover
NPDB,0150130,NA,NA,FALSE,10,tree cover
NPDB,0150131,NA,NA,FALSE,10,tree cover
NPDB,0150132,NA,NA,FALSE,10,tree cover
NPDB,0150133,NA,NA,FALSE,10,tree cover
NPDB,0150134,NA,NA,FALSE,10,tree cover
NPDB,0150135,NA,NA,FALSE,10,tree cover
NPDB,0150136,NA,NA,FALSE,10,tree cover
NPDB,0150137,NA,NA,FALSE,10,tree cover
NPDB,0150138,NA,NA,FALSE,10,tree cover
NPDB,0150139,NA,NA,FALSE,10,tree cover
NPDB,0150140,NA,NA,FALSE,10,tree cover
NPDB,0150141,NA,NA,FALSE,10,tree cover
NPDB,0150142,NA,NA,FALSE,10,tree cover
NPDB,0150143,NA,NA,FALSE,10,tree cover
NPDB,0150144,NA,NA,FALSE,10,tree cover
NPDB,0150145,NA,NA,FALSE,10,tree cover
NPDB,0150146,NA,NA,FALSE,10,tree cover
NPDB,0150147,NA,NA,FALSE,10,tree cover
NPDB,0150148,NA,NA,FALSE,10,tree cover
NPDB,0150149,NA,NA,FALSE,10,tree cover
NPDB,0150150,NA,NA,FALSE,10,tree cover
NPDB,0150151,NA,NA,FALSE,10,tree cover
NPDB,0150152,NA,NA,FALSE,10,tree cover
NPDB,0150153,NA,NA,FALSE,10,tree cover
NPDB,0150154,NA,NA,FALSE,10,tree cover
NPDB,0150155,NA,NA,FALSE,10,tree cover
NPDB,0150156,NA,NA,FALSE,10,tree cover
NPDB,0150157,NA,NA,FALSE,10,tree cover
NPDB,0150158,NA,NA,FALSE,10,tree cover
NPDB,0150159,NA,NA,FALSE,80,permanent water
NPDB,0150160,NA,NA,FALSE,10,tree cover
NPDB,0150161,NA,NA,FALSE,10,tree cover
NPDB,0150162,NA,NA,FALSE,10,tree cover
NPDB,0150163,NA,NA,FALSE,10,tree cover
NPDB,0150164,NA,NA,FALSE,10,tree cover
NPDB,0150165,NA,NA,FALSE,10,tree cover
NPDB,0150166,NA,NA,FALSE,30,grassland
NPDB,0150167,NA,NA,FALSE,10,tree cover
NPDB,0150168,NA,NA,FALSE,80,permanent water
NPDB,0150169,NA,NA,FALSE,10,tree cover
NPDB,0150170,NA,NA,FALSE,30,grassland
NPDB,0150171,NA,NA,FALSE,10,tree cover
NPDB,0150172,NA,NA,FALSE,10,tree cover
NPDB,0150173,NA,NA,FALSE,10,tree cover
NPDB,0150174,NA,NA,FALSE,10,tree cover
NPDB,0150175,NA,NA,FALSE,10,tree cover
NPDB,0150176,NA,NA,FALSE,60,bare/sparse
NPDB,0150179,NA,NA,FALSE,10,tree cover
NPDB,0210002,NA,NA,FALSE,40,cropland
NPDB,0210003,NA,NA,FALSE,40,cropland
NPDB,0210004,NA,NA,FALSE,40,cropland
NPDB,0210005,NA,NA,FALSE,30,grassland
NPDB,0210007,NA,NA,FALSE,40,cropland
NPDB,0210008,NA,NA,FALSE,40,cropland
NPDB,0210009,NA,NA,FALSE,40,cropland
NPDB,0210010,NA,NA,FALSE,40,cropland
NPDB,0210011,NA,NA,FALSE,30,grassland
NPDB,0210013,NA,NA,FALSE,10,tree cover
NPDB,0210014,NA,NA,FALSE,40,cropland
NPDB,0210015,NA,NA,FALSE,40,cropland
NPDB,0210017,NA,NA,FALSE,40,cropland
NPDB,0210018,NA,NA,FALSE,30,grassland
NPDB,0210019,NA,NA,FALSE,40,cropland
NPDB,0210020,NA,NA,FALSE,40,cropland
NPDB,0210021,NA,NA,FALSE,40,cropland
NPDB,0210022,NA,NA,FALSE,40,cropland
NPDB,0210023,NA,NA,FALSE,30,grassland
NPDB,0210024,NA,NA,FALSE,40,cropland
NPDB,0210025,NA,NA,FALSE,30,grassland
NPDB,0210026,NA,NA,FALSE,40,cropland
NPDB,0210027,NA,NA,FALSE,30,grassland
NPDB,0210028,NA,NA,FALSE,40,cropland
NPDB,0210029,NA,NA,FALSE,40,cropland
NPDB,0210030,NA,NA,FALSE,40,cropland
NPDB,0210031,NA,NA,FALSE,30,grassland
NPDB,0210032,NA,NA,FALSE,40,cropland
NPDB,0210033,NA,NA,FALSE,40,cropland
NPDB,0210034,NA,NA,FALSE,30,grassland
NPDB,0210035,NA,NA,FALSE,40,cropland
NPDB,0210036,NA,NA,FALSE,30,grassland
NPDB,0210037,NA,NA,FALSE,30,grassland
NPDB,0210038,NA,NA,FALSE,10,tree cover
NPDB,0210039,NA,NA,FALSE,40,cropland
NPDB,0210040,NA,NA,FALSE,40,cropland
NPDB,0210041,NA,NA,FALSE,40,cropland
NPDB,0210042,NA,NA,FALSE,40,cropland
NPDB,0210043,NA,NA,FALSE,40,cropland
NPDB,0210047,NA,NA,FALSE,40,cropland
NPDB,0210048,NA,NA,FALSE,40,cropland
NPDB,0210049,NA,NA,FALSE,40,cropland
NPDB,0210050,NA,NA,FALSE,40,cropland
NPDB,0210051,NA,NA,FALSE,30,grassland
NPDB,0210054,NA,NA,FALSE,40,cropland
NPDB,0210056,NA,NA,FALSE,40,cropland
NPDB,0210057,NA,NA,FALSE,40,cropland
NPDB,0210058,NA,NA,FALSE,40,cropland
NPDB,0210059,NA,NA,FALSE,40,cropland
NPDB,0210060,NA,NA,FALSE,40,cropland
NPDB,0210061,NA,NA,FALSE,30,grassland
NPDB,0210062,NA,NA,FALSE,40,cropland
NPDB,0210063,NA,NA,FALSE,40,cropland
NPDB,0210064,NA,NA,FALSE,30,grassland
NPDB,0210065,NA,NA,FALSE,10,tree cover
NPDB,0210066,NA,NA,FALSE,40,cropland
NPDB,0210067,NA,NA,FALSE,40,cropland
NPDB,0210068,NA,NA,FALSE,30,grassland
NPDB,0210069,NA,NA,FALSE,30,grassland
NPDB,0210070,NA,NA,FALSE,30,grassland
NPDB,0210072,NA,NA,FALSE,30,grassland
NPDB,0210073,NA,NA,FALSE,40,cropland
NPDB,0210074,NA,NA,FALSE,40,cropland
NPDB,0210075,NA,NA,FALSE,30,grassland
NPDB,0210076,NA,NA,FALSE,40,cropland
NPDB,0210077,NA,NA,FALSE,40,cropland
NPDB,0210078,NA,NA,FALSE,40,cropland
NPDB,0210079,NA,NA,FALSE,40,cropland
NPDB,0210080,NA,NA,FALSE,40,cropland
NPDB,0210084,NA,NA,FALSE,40,cropland
NPDB,0210085,NA,NA,FALSE,40,cropland
NPDB,0210086,NA,NA,FALSE,30,grassland
NPDB,0210088,186,mangrove,TRUE,30,grassland
NPDB,0210089,NA,NA,FALSE,40,cropland
NPDB,0210092,NA,NA,FALSE,40,cropland
NPDB,0210094,NA,NA,FALSE,40,cropland
NPDB,0210095,NA,NA,FALSE,40,cropland
NPDB,0210096,NA,NA,FALSE,40,cropland
NPDB,0210097,NA,NA,FALSE,40,cropland
NPDB,0210098,NA,NA,FALSE,40,cropland
NPDB,0210099,NA,NA,FALSE,40,cropland
NPDB,0210100,NA,NA,FALSE,40,cropland
NPDB,0210101,NA,NA,FALSE,40,cropland
NPDB,0210102,NA,NA,FALSE,30,grassland
NPDB,0210103,NA,NA,FALSE,40,cropland
NPDB,0210104,NA,NA,FALSE,40,cropland
NPDB,0210105,NA,NA,FALSE,40,cropland
NPDB,0210106,NA,NA,FALSE,40,cropland
NPDB,0210107,NA,NA,FALSE,10,tree cover
NPDB,0210108,NA,NA,FALSE,40,cropland
NPDB,0210109,NA,NA,FALSE,40,cropland
NPDB,0210111,NA,NA,FALSE,40,cropland
NPDB,0210112,NA,NA,FALSE,40,cropland
NPDB,0210113,NA,NA,FALSE,40,cropland
NPDB,0210114,NA,NA,FALSE,40,cropland
NPDB,0210115,NA,NA,FALSE,40,cropland
NPDB,0210116,NA,NA,FALSE,40,cropland
NPDB,0210117,NA,NA,FALSE,40,cropland
NPDB,0210119,NA,NA,FALSE,30,grassland
NPDB,0210122,NA,NA,FALSE,40,cropland
NPDB,0210124,NA,NA,FALSE,30,grassland
NPDB,0210126,NA,NA,FALSE,40,cropland
NPDB,0210127,NA,NA,FALSE,40,cropland
NPDB,0210128,NA,NA,FALSE,40,cropland
NPDB,0210129,NA,NA,FALSE,40,cropland
NPDB,0210130,NA,NA,FALSE,40,cropland
NPDB,0210131,NA,NA,FALSE,40,cropland
NPDB,0210132,NA,NA,FALSE,40,cropland
NPDB,0210133,NA,NA,FALSE,30,grassland
NPDB,0210135,NA,NA,FALSE,40,cropland
NPDB,0210136,NA,NA,FALSE,30,grassland
NPDB,0210137,NA,NA,FALSE,30,grassland
NPDB,0280001,NA,NA,FALSE,10,tree cover
NPDB,0280002,NA,NA,FALSE,10,tree cover
NPDB,0280003,NA,NA,FALSE,10,tree cover
NPDB,0280004,NA,NA,FALSE,10,tree cover
NPDB,0280006,NA,NA,FALSE,10,tree cover
NPDB,0280008,180,non-wetland,FALSE,80,permanent water
NPDB,0280009,180,non-wetland,FALSE,80,permanent water
NPDB,0280010,NA,NA,FALSE,30,grassland
NPDB,0280011,NA,NA,FALSE,10,tree cover
NPDB,0280012,180,non-wetland,FALSE,80,permanent water
NPDB,0280013,NA,NA,FALSE,10,tree cover
NPDB,0280014,NA,NA,FALSE,10,tree cover
NPDB,0280015,NA,NA,FALSE,10,tree cover
NPDB,0280016,NA,NA,FALSE,10,tree cover
NPDB,0280017,NA,NA,FALSE,50,built-up
NPDB,0280018,NA,NA,FALSE,10,tree cover
NPDB,0280019,NA,NA,FALSE,10,tree cover
NPDB,0280020,NA,NA,FALSE,10,tree cover
NPDB,0280021,NA,NA,FALSE,30,grassland
NPDB,0280022,NA,NA,FALSE,10,tree cover
NPDB,0280024,NA,NA,FALSE,30,grassland
NPDB,0280025,NA,NA,FALSE,50,built-up
NPDB,0280026,NA,NA,FALSE,30,grassland
NPDB,0280028,NA,NA,FALSE,10,tree cover
NPDB,0280029,181,permanent water,FALSE,30,grassland
NPDB,0280030,NA,NA,FALSE,10,tree cover
NPDB,0280031,NA,NA,FALSE,10,tree cover
NPDB,0280032,NA,NA,FALSE,10,tree cover
NPDB,0280034,180,non-wetland,FALSE,80,permanent water
NPDB,0280035,NA,NA,FALSE,10,tree cover
NPDB,0280036,NA,NA,FALSE,10,tree cover
NPDB,0280037,NA,NA,FALSE,10,tree cover
NPDB,0280039,NA,NA,FALSE,10,tree cover
NPDB,0280040,NA,NA,FALSE,10,tree cover
NPDB,0280041,NA,NA,FALSE,10,tree cover
NPDB,0280042,NA,NA,FALSE,10,tree cover
NPDB,0280043,NA,NA,FALSE,10,tree cover
NPDB,0280045,NA,NA,FALSE,10,tree cover
NPDB,0280046,NA,NA,FALSE,10,tree cover
NPDB,0280047,NA,NA,FALSE,10,tree cover
NPDB,0280048,NA,NA,FALSE,10,tree cover
NPDB,0280049,NA,NA,FALSE,10,tree cover
NPDB,0280050,NA,NA,FALSE,10,tree cover
NPDB,0280051,NA,NA,FALSE,10,tree cover
NPDB,0280053,NA,NA,FALSE,10,tree cover
NPDB,0280054,NA,NA,FALSE,10,tree cover
NPDB,0280055,NA,NA,FALSE,10,tree cover
NPDB,0280056,NA,NA,FALSE,10,tree cover
NPDB,0280057,NA,NA,FALSE,10,tree cover
NPDB,0280058,NA,NA,FALSE,10,tree cover
NPDB,0280059,NA,NA,FALSE,30,grassland
NPDB,0280060,NA,NA,FALSE,10,tree cover
NPDB,0280061,NA,NA,FALSE,10,tree cover
NPDB,0280062,NA,NA,FALSE,30,grassland
NPDB,0280063,NA,NA,FALSE,10,tree cover
NPDB,0280065,NA,NA,FALSE,10,tree cover
NPDB,0280067,NA,NA,FALSE,10,tree cover
NPDB,0280069,NA,NA,FALSE,10,tree cover
NPDB,0280070,NA,NA,FALSE,10,tree cover
NPDB,0280071,NA,NA,FALSE,10,tree cover
NPDB,0280072,NA,NA,FALSE,10,tree cover
NPDB,0280073,NA,NA,FALSE,10,tree cover
NPDB,0280074,NA,NA,FALSE,10,tree cover
NPDB,0280075,180,non-wetland,FALSE,80,permanent water
NPDB,0280076,NA,NA,FALSE,10,tree cover
NPDB,0280077,NA,NA,FALSE,10,tree cover
NPDB,0280079,NA,NA,FALSE,10,tree cover
NPDB,0280080,NA,NA,FALSE,10,tree cover
NPDB,0280081,NA,NA,FALSE,10,tree cover
NPDB,0280083,NA,NA,FALSE,10,tree cover
NPDB,0280084,NA,NA,FALSE,10,tree cover
NPDB,0280085,NA,NA,FALSE,10,tree cover
NPDB,0280086,NA,NA,FALSE,10,tree cover
NPDB,0280087,NA,NA,FALSE,10,tree cover
NPDB,0280088,NA,NA,FALSE,30,grassland
NPDB,0280089,NA,NA,FALSE,50,built-up
NPDB,0280090,180,non-wetland,FALSE,80,permanent water
NPDB,0280091,NA,NA,FALSE,10,tree cover
NPDB,0280092,181,permanent water,FALSE,30,grassland
NPDB,0280093,180,non-wetland,FALSE,80,permanent water
NPDB,0280096,180,non-wetland,FALSE,80,permanent water
NPDB,0280098,NA,NA,FALSE,10,tree cover
NPDB,0280100,180,non-wetland,FALSE,80,permanent water
NPDB,0280101,NA,NA,FALSE,10,tree cover
NPDB,0280102,180,non-wetland,FALSE,80,permanent water
NPDB,0280103,NA,NA,FALSE,10,tree cover
NPDB,0280105,NA,NA,FALSE,10,tree cover
NPDB,0280106,NA,NA,FALSE,10,tree cover
NPDB,0280107,180,non-wetland,FALSE,80,permanent water
NPDB,0280108,NA,NA,FALSE,10,tree cover
NPDB,0280109,NA,NA,FALSE,10,tree cover
NPDB,0280110,NA,NA,FALSE,10,tree cover
NPDB,0280111,NA,NA,FALSE,10,tree cover
NPDB,0280112,NA,NA,FALSE,10,tree cover
NPDB,0280113,NA,NA,FALSE,30,grassland
NPDB,0280114,NA,NA,FALSE,90,herbaceous wetland
NPDB,0280117,NA,NA,FALSE,10,tree cover
NPDB,0280118,NA,NA,FALSE,10,tree cover
NPDB,0280120,NA,NA,FALSE,10,tree cover
NPDB,0280121,180,non-wetland,FALSE,80,permanent water
NPDB,0280122,NA,NA,FALSE,10,tree cover
NPDB,0280123,NA,NA,FALSE,10,tree cover
NPDB,0280124,NA,NA,FALSE,10,tree cover
NPDB,0280126,NA,NA,FALSE,10,tree cover
NPDB,0280127,180,non-wetland,FALSE,80,permanent water
NPDB,0280128,NA,NA,FALSE,10,tree cover
NPDB,0280129,NA,NA,FALSE,30,grassland
NPDB,0280130,NA,NA,FALSE,10,tree cover
NPDB,0280131,NA,NA,FALSE,10,tree cover
NPDB,0280132,NA,NA,FALSE,10,tree cover
NPDB,0280133,NA,NA,FALSE,10,tree cover
NPDB,0280134,NA,NA,FALSE,40,cropland
NPDB,0280135,NA,NA,FALSE,10,tree cover
NPDB,0280137,NA,NA,FALSE,10,tree cover
NPDB,0280138,NA,NA,FALSE,10,tree cover
NPDB,0280139,NA,NA,FALSE,10,tree cover
NPDB,0280140,NA,NA,FALSE,10,tree cover
NPDB,0280141,NA,NA,FALSE,30,grassland
NPDB,0280142,NA,NA,FALSE,30,grassland
NPDB,0280143,NA,NA,FALSE,10,tree cover
NPDB,0280144,NA,NA,FALSE,30,grassland
NPDB,0280145,NA,NA,FALSE,10,tree cover
NPDB,0280146,NA,NA,FALSE,10,tree cover
NPDB,0280147,NA,NA,FALSE,10,tree cover
NPDB,0280148,NA,NA,FALSE,10,tree cover
NPDB,0280149,NA,NA,FALSE,10,tree cover
NPDB,0280150,NA,NA,FALSE,40,cropland
NPDB,0280151,NA,NA,FALSE,10,tree cover
NPDB,0280152,NA,NA,FALSE,30,grassland
NPDB,0280153,NA,NA,FALSE,10,tree cover
NPDB,0280154,NA,NA,FALSE,10,tree cover
NPDB,0280156,NA,NA,FALSE,30,grassland
NPDB,0280157,NA,NA,FALSE,40,cropland
NPDB,0280158,NA,NA,FALSE,10,tree cover
NPDB,0280159,NA,NA,FALSE,40,cropland
NPDB,0280160,NA,NA,FALSE,30,grassland
NPDB,0280161,NA,NA,FALSE,30,grassland
NPDB,0280162,NA,NA,FALSE,10,tree cover
NPDB,0280163,NA,NA,FALSE,40,cropland
NPDB,0280164,NA,NA,FALSE,10,tree cover
NPDB,0280166,NA,NA,FALSE,10,tree cover
NPDB,0280167,NA,NA,FALSE,40,cropland
NPDB,0280168,NA,NA,FALSE,10,tree cover
NPDB,0280169,NA,NA,FALSE,10,tree cover
NPDB,0280170,NA,NA,FALSE,40,cropland
NPDB,0280171,NA,NA,FALSE,10,tree cover
NPDB,0280172,NA,NA,FALSE,30,grassland
NPDB,0280173,NA,NA,FALSE,10,tree cover
NPDB,0280174,NA,NA,FALSE,30,grassland
NPDB,0280175,NA,NA,FALSE,30,grassland
NPDB,0280176,NA,NA,FALSE,10,tree cover
NPDB,0280177,NA,NA,FALSE,10,tree cover
NPDB,0280178,NA,NA,FALSE,10,tree cover
NPDB,0280179,NA,NA,FALSE,10,tree cover
NPDB,0280180,NA,NA,FALSE,10,tree cover
NPDB,0280181,NA,NA,FALSE,10,tree cover
NPDB,0280182,NA,NA,FALSE,10,tree cover
NPDB,0280183,NA,NA,FALSE,10,tree cover
NPDB,0280184,NA,NA,FALSE,10,tree cover
NPDB,0280185,NA,NA,FALSE,10,tree cover
NPDB,0280186,NA,NA,FALSE,10,tree cover
NPDB,0280187,NA,NA,FALSE,30,grassland
NPDB,0280188,NA,NA,FALSE,30,grassland
NPDB,0280189,NA,NA,FALSE,10,tree cover
NPDB,0280190,NA,NA,FALSE,10,tree cover
NPDB,0280191,NA,NA,FALSE,10,tree cover
NPDB,0280192,NA,NA,FALSE,10,tree cover
NPDB,0280193,NA,NA,FALSE,10,tree cover
NPDB,0280194,NA,NA,FALSE,10,tree cover
NPDB,0280195,NA,NA,FALSE,10,tree cover
NPDB,0280196,NA,NA,FALSE,30,grassland
NPDB,0280197,NA,NA,FALSE,50,built-up
NPDB,0280198,NA,NA,FALSE,30,grassland
NPDB,0280199,NA,NA,FALSE,10,tree cover
NPDB,0280200,NA,NA,FALSE,10,tree cover
NPDB,0280201,NA,NA,FALSE,10,tree cover
NPDB,0280202,NA,NA,FALSE,10,tree cover
NPDB,0280203,NA,NA,FALSE,30,grassland
NPDB,0280204,NA,NA,FALSE,10,tree cover
NPDB,0280205,NA,NA,FALSE,10,tree cover
NPDB,0280206,NA,NA,FALSE,10,tree cover
NPDB,0280208,NA,NA,FALSE,30,grassland
NPDB,0280209,NA,NA,FALSE,10,tree cover
NPDB,0280210,NA,NA,FALSE,10,tree cover
NPDB,0280211,NA,NA,FALSE,10,tree cover
NPDB,0280212,NA,NA,FALSE,10,tree cover
NPDB,0280213,NA,NA,FALSE,10,tree cover
NPDB,0280214,NA,NA,FALSE,10,tree cover
NPDB,0280215,NA,NA,FALSE,10,tree cover
NPDB,0280216,NA,NA,FALSE,10,tree cover
NPDB,0280217,NA,NA,FALSE,10,tree cover
NPDB,0280218,NA,NA,FALSE,10,tree cover
NPDB,0280220,NA,NA,FALSE,10,tree cover
NPDB,0280221,NA,NA,FALSE,10,tree cover
NPDB,0280222,NA,NA,FALSE,10,tree cover
NPDB,0280223,181,permanent water,FALSE,30,grassland
NPDB,0280224,NA,NA,FALSE,30,grassland
NPDB,0280225,NA,NA,FALSE,10,tree cover
NPDB,0280226,NA,NA,FALSE,10,tree cover
NPDB,0280227,NA,NA,FALSE,40,cropland
NPDB,0280228,181,permanent water,FALSE,30,grassland
NPDB,0280229,181,permanent water,FALSE,30,grassland
NPDB,0280232,NA,NA,FALSE,30,grassland
NPDB,0280238,180,non-wetland,FALSE,80,permanent water
NPDB,0280239,NA,NA,FALSE,10,tree cover
NPDB,0280240,NA,NA,FALSE,10,tree cover
NPDB,0280241,NA,NA,FALSE,10,tree cover
NPDB,0280242,NA,NA,FALSE,40,cropland
NPDB,0280243,NA,NA,FALSE,40,cropland
NPDB,0280244,NA,NA,FALSE,10,tree cover
NPDB,0280245,NA,NA,FALSE,10,tree cover
NPDB,0280247,NA,NA,FALSE,40,cropland
NPDB,0280248,NA,NA,FALSE,40,cropland
NPDB,0280249,NA,NA,FALSE,10,tree cover
NPDB,0280250,NA,NA,FALSE,10,tree cover
NPDB,0280251,NA,NA,FALSE,10,tree cover
NPDB,0280252,NA,NA,FALSE,10,tree cover
NPDB,0280253,NA,NA,FALSE,10,tree cover
NPDB,0280254,NA,NA,FALSE,40,cropland
NPDB,0280255,NA,NA,FALSE,40,cropland
NPDB,0280257,NA,NA,FALSE,10,tree cover
NPDB,0280258,NA,NA,FALSE,10,tree cover
NPDB,0280259,NA,NA,FALSE,10,tree cover
NPDB,0280260,NA,NA,FALSE,10,tree cover
NPDB,0280261,NA,NA,FALSE,10,tree cover
NPDB,0280262,NA,NA,FALSE,30,grassland
NPDB,0280263,NA,NA,FALSE,10,tree cover
NPDB,0280264,NA,NA,FALSE,10,tree cover
NPDB,0280265,NA,NA,FALSE,10,tree cover
NPDB,0280266,NA,NA,FALSE,30,grassland
NPDB,0280267,NA,NA,FALSE,10,tree cover
NPDB,0280268,NA,NA,FALSE,50,built-up
NPDB,0280269,NA,NA,FALSE,10,tree cover
NPDB,0280270,NA,NA,FALSE,30,grassland
NPDB,0280271,NA,NA,FALSE,10,tree cover
NPDB,0280272,NA,NA,FALSE,30,grassland
NPDB,0280273,NA,NA,FALSE,10,tree cover
NPDB,0280274,NA,NA,FALSE,40,cropland
NPDB,0280275,NA,NA,FALSE,10,tree cover
NPDB,0280276,NA,NA,FALSE,10,tree cover
NPDB,0280277,NA,NA,FALSE,30,grassland
NPDB,0280278,NA,NA,FALSE,10,tree cover
NPDB,0280279,NA,NA,FALSE,10,tree cover
NPDB,0280280,NA,NA,FALSE,10,tree cover
NPDB,0280281,NA,NA,FALSE,40,cropland
NPDB,0280282,NA,NA,FALSE,10,tree cover
NPDB,0280283,NA,NA,FALSE,10,tree cover
NPDB,0280284,NA,NA,FALSE,10,tree cover
NPDB,0280285,NA,NA,FALSE,10,tree cover
NPDB,0280286,NA,NA,FALSE,10,tree cover
NPDB,0280287,NA,NA,FALSE,10,tree cover
NPDB,0280288,NA,NA,FALSE,10,tree cover
NPDB,0280289,NA,NA,FALSE,10,tree cover
NPDB,0280290,NA,NA,FALSE,10,tree cover
NPDB,0280291,NA,NA,FALSE,30,grassland
NPDB,0280292,NA,NA,FALSE,100,moss and lichen
NPDB,0280293,NA,NA,FALSE,30,grassland
NPDB,0280294,NA,NA,FALSE,10,tree cover
NPDB,0280295,NA,NA,FALSE,10,tree cover
NPDB,0280296,NA,NA,FALSE,30,grassland
NPDB,0280297,NA,NA,FALSE,10,tree cover
NPDB,0280298,NA,NA,FALSE,10,tree cover
NPDB,0280299,NA,NA,FALSE,30,grassland
NPDB,0280300,NA,NA,FALSE,10,tree cover
NPDB,0280301,NA,NA,FALSE,10,tree cover
NPDB,0280302,NA,NA,FALSE,10,tree cover
NPDB,0280303,NA,NA,FALSE,10,tree cover
NPDB,0280304,NA,NA,FALSE,10,tree cover
NPDB,0280305,NA,NA,FALSE,10,tree cover
NPDB,0280306,NA,NA,FALSE,10,tree cover
NPDB,0280307,NA,NA,FALSE,10,tree cover
NPDB,0280308,NA,NA,FALSE,10,tree cover
NPDB,0280309,NA,NA,FALSE,30,grassland
NPDB,0280310,NA,NA,FALSE,100,moss and lichen
NPDB,0280311,NA,NA,FALSE,10,tree cover
NPDB,0280312,NA,NA,FALSE,10,tree cover
NPDB,0280313,NA,NA,FALSE,10,tree cover
NPDB,0280314,NA,NA,FALSE,30,grassland
NPDB,0280315,NA,NA,FALSE,30,grassland
NPDB,0280317,NA,NA,FALSE,10,tree cover
NPDB,0280318,NA,NA,FALSE,10,tree cover
NPDB,0280319,NA,NA,FALSE,60,bare/sparse
NPDB,0280320,NA,NA,FALSE,30,grassland
NPDB,0280321,NA,NA,FALSE,30,grassland
NPDB,0280322,NA,NA,FALSE,10,tree cover
NPDB,0280323,181,permanent water,FALSE,30,grassland
NPDB,0280324,NA,NA,FALSE,10,tree cover
NPDB,0280325,NA,NA,FALSE,10,tree cover
NPDB,0280326,NA,NA,FALSE,10,tree cover
NPDB,0280327,NA,NA,FALSE,30,grassland
NPDB,0280328,NA,NA,FALSE,10,tree cover
NPDB,0280329,182,swamp,TRUE,30,grassland
NPDB,0280330,NA,NA,FALSE,40,cropland
NPDB,0280331,NA,NA,FALSE,10,tree cover
NPDB,0280332,NA,NA,FALSE,40,cropland
NPDB,0280333,NA,NA,FALSE,10,tree cover
NPDB,0280334,NA,NA,FALSE,10,tree cover
NPDB,0280335,NA,NA,FALSE,10,tree cover
NPDB,0280336,NA,NA,FALSE,10,tree cover
NPDB,0280337,NA,NA,FALSE,10,tree cover
NPDB,0280339,NA,NA,FALSE,10,tree cover
NPDB,0280342,NA,NA,FALSE,10,tree cover
NPDB,0280343,180,non-wetland,FALSE,80,permanent water
NPDB,0280344,NA,NA,FALSE,10,tree cover
NPDB,0280345,NA,NA,FALSE,100,moss and lichen
NPDB,0280346,NA,NA,FALSE,40,cropland
NPDB,0280347,NA,NA,FALSE,30,grassland
NPDB,0280348,180,non-wetland,FALSE,30,grassland
NPDB,0280349,NA,NA,FALSE,10,tree cover
NPDB,0280350,NA,NA,FALSE,30,grassland
NPDB,0280351,NA,NA,FALSE,10,tree cover
NPDB,0280352,NA,NA,FALSE,10,tree cover
NPDB,0280353,NA,NA,FALSE,10,tree cover
NPDB,0280354,NA,NA,FALSE,10,tree cover
NPDB,0280355,NA,NA,FALSE,10,tree cover
NPDB,0280356,NA,NA,FALSE,10,tree cover
NPDB,0280357,NA,NA,FALSE,10,tree cover
NPDB,0280358,NA,NA,FALSE,10,tree cover
NPDB,0280361,NA,NA,FALSE,10,tree cover
NPDB,0280362,NA,NA,FALSE,10,tree cover
NPDB,0280363,NA,NA,FALSE,100,moss and lichen
NPDB,0280364,NA,NA,FALSE,10,tree cover
NPDB,0280365,NA,NA,FALSE,10,tree cover
NPDB,0280366,NA,NA,FALSE,10,tree cover
NPDB,0280367,NA,NA,FALSE,10,tree cover
NPDB,0280368,NA,NA,FALSE,30,grassland
NPDB,0280369,NA,NA,FALSE,30,grassland
NPDB,0280370,182,swamp,TRUE,90,herbaceous wetland
NPDB,0280371,NA,NA,FALSE,80,permanent water
NPDB,0280372,NA,NA,FALSE,100,moss and lichen
NPDB,0280373,180,non-wetland,FALSE,80,permanent water
NPDB,0280374,NA,NA,FALSE,10,tree cover
NPDB,0280375,NA,NA,FALSE,20,shrubland
NPDB,0280376,NA,NA,FALSE,80,permanent water
NPDB,0280377,NA,NA,FALSE,30,grassland
NPDB,0280378,NA,NA,FALSE,60,bare/sparse
NPDB,0280379,NA,NA,FALSE,10,tree cover
NPDB,0280380,NA,NA,FALSE,10,tree cover
NPDB,0280381,NA,NA,FALSE,10,tree cover
NPDB,0280382,NA,NA,FALSE,10,tree cover
NPDB,0280383,NA,NA,FALSE,10,tree cover
NPDB,0280384,NA,NA,FALSE,10,tree cover
NPDB,0280385,181,permanent water,FALSE,10,tree cover
NPDB,0280386,182,swamp,TRUE,20,shrubland
NPDB,0280387,180,non-wetland,FALSE,80,permanent water
NPDB,0280388,NA,NA,FALSE,30,grassland
NPDB,0280389,NA,NA,FALSE,10,tree cover
NPDB,0280390,NA,NA,FALSE,10,tree cover
NPDB,0280391,NA,NA,FALSE,100,moss and lichen
NPDB,0280392,NA,NA,FALSE,10,tree cover
NPDB,0280393,NA,NA,FALSE,10,tree cover
NPDB,0280394,NA,NA,FALSE,10,tree cover
NPDB,0280395,NA,NA,FALSE,10,tree cover
NPDB,0280396,NA,NA,FALSE,10,tree cover
NPDB,0280397,181,permanent water,FALSE,10,tree cover
NPDB,0280398,NA,NA,FALSE,10,tree cover
NPDB,0280399,NA,NA,FALSE,30,grassland
NPDB,0280400,NA,NA,FALSE,10,tree cover
NPDB,0280401,NA,NA,FALSE,100,moss and lichen
NPDB,0280402,NA,NA,FALSE,30,grassland
NPDB,0280403,NA,NA,FALSE,10,tree cover
NPDB,0280404,NA,NA,FALSE,10,tree cover
NPDB,0280405,NA,NA,FALSE,10,tree cover
NPDB,0280406,NA,NA,FALSE,30,grassland
NPDB,0280407,NA,NA,FALSE,10,tree cover
NPDB,0280408,NA,NA,FALSE,10,tree cover
NPDB,0280409,NA,NA,FALSE,40,cropland
NPDB,0280410,NA,NA,FALSE,10,tree cover
NPDB,0280411,NA,NA,FALSE,10,tree cover
NPDB,0280412,NA,NA,FALSE,10,tree cover
NPDB,0280413,NA,NA,FALSE,10,tree cover
NPDB,0280414,NA,NA,FALSE,30,grassland
NPDB,0280415,180,non-wetland,FALSE,80,permanent water
NPDB,0280416,NA,NA,FALSE,10,tree cover
NPDB,0280417,NA,NA,FALSE,50,built-up
NPDB,0280418,NA,NA,FALSE,40,cropland
NPDB,0280419,NA,NA,FALSE,40,cropland
NPDB,0280420,NA,NA,FALSE,10,tree cover
NPDB,0280421,NA,NA,FALSE,30,grassland
NPDB,0280422,NA,NA,FALSE,10,tree cover
NPDB,0280423,NA,NA,FALSE,10,tree cover
NPDB,0280424,NA,NA,FALSE,10,tree cover
NPDB,0280425,NA,NA,FALSE,40,cropland
NPDB,0280426,NA,NA,FALSE,10,tree cover
NPDB,0280427,NA,NA,FALSE,30,grassland
NPDB,0280428,NA,NA,FALSE,10,tree cover
NPDB,0280430,NA,NA,FALSE,10,tree cover
NPDB,0280431,NA,NA,FALSE,10,tree cover
NPDB,0280433,NA,NA,FALSE,10,tree cover
NPDB,0280434,NA,NA,FALSE,10,tree cover
NPDB,0280436,NA,NA,FALSE,10,tree cover
NPDB,0280437,NA,NA,FALSE,10,tree cover
NPDB,0280438,NA,NA,FALSE,10,tree cover
NPDB,0280439,NA,NA,FALSE,10,tree cover
NPDB,0280440,NA,NA,FALSE,10,tree cover
NPDB,0280441,NA,NA,FALSE,10,tree cover
NPDB,0280442,NA,NA,FALSE,30,grassland
NPDB,0280443,NA,NA,FALSE,10,tree cover
NPDB,0280444,NA,NA,FALSE,10,tree cover
NPDB,0280445,NA,NA,FALSE,10,tree cover
NPDB,0280446,NA,NA,FALSE,10,tree cover
NPDB,0280447,NA,NA,FALSE,10,tree cover
NPDB,0280448,NA,NA,FALSE,10,tree cover
NPDB,0280449,NA,NA,FALSE,30,grassland
NPDB,0280450,181,permanent water,FALSE,10,tree cover
NPDB,0280451,182,swamp,TRUE,30,grassland
NPDB,0280452,NA,NA,FALSE,10,tree cover
NPDB,0280453,NA,NA,FALSE,10,tree cover
NPDB,0280454,NA,NA,FALSE,10,tree cover
NPDB,0280455,NA,NA,FALSE,10,tree cover
NPDB,0280456,NA,NA,FALSE,10,tree cover
NPDB,0280457,NA,NA,FALSE,10,tree cover
NPDB,0280458,NA,NA,FALSE,30,grassland
NPDB,0280459,181,permanent water,FALSE,30,grassland
NPDB,0280460,NA,NA,FALSE,10,tree cover
NPDB,0280461,NA,NA,FALSE,30,grassland
NPDB,0280462,NA,NA,FALSE,10,tree cover
NPDB,0280463,NA,NA,FALSE,10,tree cover
NPDB,0280464,NA,NA,FALSE,10,tree cover
NPDB,0280465,NA,NA,FALSE,10,tree cover
NPDB,0280466,NA,NA,FALSE,10,tree cover
NPDB,0280467,180,non-wetland,FALSE,80,permanent water
NPDB,0280468,181,permanent water,FALSE,20,shrubland
NPDB,0280469,NA,NA,FALSE,10,tree cover
NPDB,0280470,181,permanent water,FALSE,20,shrubland
NPDB,0280471,NA,NA,FALSE,30,grassland
NPDB,0280472,181,permanent water,FALSE,20,shrubland
NPDB,0280473,NA,NA,FALSE,10,tree cover
NPDB,0280474,NA,NA,FALSE,10,tree cover
NPDB,0280475,NA,NA,FALSE,10,tree cover
NPDB,0280476,NA,NA,FALSE,30,grassland
NPDB,0280477,NA,NA,FALSE,10,tree cover
NPDB,0280478,NA,NA,FALSE,10,tree cover
NPDB,0280479,181,permanent water,FALSE,30,grassland
NPDB,0280481,NA,NA,FALSE,10,tree cover
NPDB,0280482,NA,NA,FALSE,10,tree cover
NPDB,0280483,NA,NA,FALSE,10,tree cover
NPDB,0280485,NA,NA,FALSE,10,tree cover
NPDB,0280486,NA,NA,FALSE,10,tree cover
NPDB,0280488,NA,NA,FALSE,30,grassland
NPDB,0280489,NA,NA,FALSE,10,tree cover
NPDB,0280490,NA,NA,FALSE,10,tree cover
NPDB,0280491,180,non-wetland,FALSE,80,permanent water
NPDB,0280492,NA,NA,FALSE,10,tree cover
NPDB,0280493,NA,NA,FALSE,10,tree cover
NPDB,0280495,NA,NA,FALSE,10,tree cover
NPDB,0280496,NA,NA,FALSE,10,tree cover
NPDB,0280497,NA,NA,FALSE,10,tree cover
NPDB,0280498,NA,NA,FALSE,10,tree cover
NPDB,0280499,NA,NA,FALSE,10,tree cover
NPDB,0280500,NA,NA,FALSE,10,tree cover
NPDB,0280501,NA,NA,FALSE,10,tree cover
NPDB,0280502,NA,NA,FALSE,10,tree cover
NPDB,0280503,NA,NA,FALSE,10,tree cover
NPDB,0280504,180,non-wetland,FALSE,80,permanent water
NPDB,0280505,NA,NA,FALSE,10,tree cover
NPDB,0280506,NA,NA,FALSE,10,tree cover
NPDB,0280507,NA,NA,FALSE,10,tree cover
NPDB,0280508,NA,NA,FALSE,10,tree cover
NPDB,0280509,NA,NA,FALSE,10,tree cover
NPDB,0280510,NA,NA,FALSE,10,tree cover
NPDB,0280511,182,swamp,TRUE,30,grassland
NPDB,0280512,NA,NA,FALSE,10,tree cover
NPDB,0280513,NA,NA,FALSE,30,grassland
NPDB,0280514,NA,NA,FALSE,10,tree cover
NPDB,0280515,NA,NA,FALSE,10,tree cover
NPDB,0280516,NA,NA,FALSE,10,tree cover
NPDB,0280517,NA,NA,FALSE,10,tree cover
NPDB,0280518,180,non-wetland,FALSE,90,herbaceous wetland
NPDB,0280519,NA,NA,FALSE,30,grassland
NPDB,0280520,NA,NA,FALSE,10,tree cover
NPDB,0280521,NA,NA,FALSE,30,grassland
NPDB,0280522,NA,NA,FALSE,10,tree cover
NPDB,0280523,NA,NA,FALSE,30,grassland
NPDB,0280524,NA,NA,FALSE,10,tree cover
NPDB,0280525,NA,NA,FALSE,10,tree cover
NPDB,0280526,NA,NA,FALSE,10,tree cover
NPDB,0280527,NA,NA,FALSE,10,tree cover
NPDB,0280528,NA,NA,FALSE,10,tree cover
NPDB,0280529,NA,NA,FALSE,20,shrubland
NPDB,0280530,NA,NA,FALSE,10,tree cover
NPDB,0280531,NA,NA,FALSE,10,tree cover
NPDB,0280532,NA,NA,FALSE,10,tree cover
NPDB,0280533,NA,NA,FALSE,10,tree cover
NPDB,0280534,NA,NA,FALSE,50,built-up
NPDB,0280535,NA,NA,FALSE,10,tree cover
NPDB,0280537,NA,NA,FALSE,10,tree cover
NPDB,0280539,NA,NA,FALSE,10,tree cover
NPDB,0280542,NA,NA,FALSE,20,shrubland
NPDB,0280543,NA,NA,FALSE,10,tree cover
NPDB,0280544,NA,NA,FALSE,30,grassland
NPDB,0280545,NA,NA,FALSE,10,tree cover
NPDB,0280546,NA,NA,FALSE,30,grassland
NPDB,0280547,181,permanent water,FALSE,20,shrubland
NPDB,0280548,NA,NA,FALSE,30,grassland
NPDB,0280549,NA,NA,FALSE,30,grassland
NPDB,0280550,181,permanent water,FALSE,30,grassland
NPDB,0280551,NA,NA,FALSE,10,tree cover
NPDB,0280552,NA,NA,FALSE,10,tree cover
NPDB,0280553,NA,NA,FALSE,10,tree cover
NPDB,0280554,NA,NA,FALSE,20,shrubland
NPDB,0280555,NA,NA,FALSE,10,tree cover
NPDB,0280556,NA,NA,FALSE,10,tree cover
NPDB,0280558,NA,NA,FALSE,20,shrubland
NPDB,0280559,180,non-wetland,FALSE,80,permanent water
NPDB,0280560,NA,NA,FALSE,10,tree cover
NPDB,0280561,NA,NA,FALSE,20,shrubland
NPDB,0280562,NA,NA,FALSE,10,tree cover
NPDB,0280564,NA,NA,FALSE,10,tree cover
NPDB,0280565,NA,NA,FALSE,10,tree cover
NPDB,0280566,NA,NA,FALSE,30,grassland
NPDB,0280571,180,non-wetland,FALSE,80,permanent water
NPDB,0280573,NA,NA,FALSE,10,tree cover
NPDB,0280574,NA,NA,FALSE,10,tree cover
NPDB,0280575,NA,NA,FALSE,20,shrubland
NPDB,0280576,180,non-wetland,FALSE,80,permanent water
NPDB,0280577,NA,NA,FALSE,10,tree cover
NPDB,0280578,NA,NA,FALSE,30,grassland
NPDB,0280579,NA,NA,FALSE,10,tree cover
NPDB,0280580,NA,NA,FALSE,10,tree cover
NPDB,0280581,180,non-wetland,FALSE,80,permanent water
NPDB,0280582,NA,NA,FALSE,10,tree cover
NPDB,0280583,NA,NA,FALSE,30,grassland
NPDB,0280584,NA,NA,FALSE,10,tree cover
NPDB,0280585,NA,NA,FALSE,10,tree cover
NPDB,0280586,NA,NA,FALSE,10,tree cover
NPDB,0280587,NA,NA,FALSE,30,grassland
NPDB,0280588,NA,NA,FALSE,30,grassland
NPDB,0280589,NA,NA,FALSE,10,tree cover
NPDB,0280590,180,non-wetland,FALSE,80,permanent water
NPDB,0280591,180,non-wetland,FALSE,80,permanent water
NPDB,0280592,NA,NA,FALSE,10,tree cover
NPDB,0280594,180,non-wetland,FALSE,80,permanent water
NPDB,0280595,NA,NA,FALSE,10,tree cover
NPDB,0280596,NA,NA,FALSE,10,tree cover
NPDB,0280597,NA,NA,FALSE,10,tree cover
NPDB,0280598,NA,NA,FALSE,30,grassland
NPDB,0280599,NA,NA,FALSE,100,moss and lichen
NPDB,0280600,180,non-wetland,FALSE,80,permanent water
NPDB,0280601,NA,NA,FALSE,10,tree cover
NPDB,0280602,NA,NA,FALSE,10,tree cover
NPDB,0280603,NA,NA,FALSE,10,tree cover
NPDB,0280604,NA,NA,FALSE,10,tree cover
NPDB,0280605,NA,NA,FALSE,10,tree cover
NPDB,0280606,NA,NA,FALSE,10,tree cover
NPDB,0280607,NA,NA,FALSE,10,tree cover
NPDB,0280608,NA,NA,FALSE,30,grassland
NPDB,0280609,182,swamp,TRUE,30,grassland
NPDB,0280610,NA,NA,FALSE,10,tree cover
NPDB,0280611,NA,NA,FALSE,10,tree cover
NPDB,0280612,180,non-wetland,FALSE,80,permanent water
NPDB,0280613,NA,NA,FALSE,30,grassland
NPDB,0280614,NA,NA,FALSE,30,grassland
NPDB,0280615,180,non-wetland,FALSE,80,permanent water
NPDB,0280616,NA,NA,FALSE,10,tree cover
NPDB,0280617,NA,NA,FALSE,10,tree cover
NPDB,0280618,NA,NA,FALSE,30,grassland
NPDB,0280619,NA,NA,FALSE,10,tree cover
NPDB,0280620,NA,NA,FALSE,10,tree cover
NPDB,0280621,NA,NA,FALSE,10,tree cover
NPDB,0280622,NA,NA,FALSE,30,grassland
NPDB,0280623,180,non-wetland,FALSE,80,permanent water
NPDB,0280624,182,swamp,TRUE,30,grassland
NPDB,0280626,NA,NA,FALSE,10,tree cover
NPDB,0280628,NA,NA,FALSE,30,grassland
NPDB,0280629,NA,NA,FALSE,30,grassland
NPDB,0280630,NA,NA,FALSE,10,tree cover
NPDB,0280631,NA,NA,FALSE,10,tree cover
NPDB,0280632,NA,NA,FALSE,10,tree cover
NPDB,0280633,NA,NA,FALSE,30,grassland
NPDB,0280634,NA,NA,FALSE,10,tree cover
NPDB,0280635,NA,NA,FALSE,10,tree cover
NPDB,0280636,NA,NA,FALSE,30,grassland
NPDB,0280637,180,non-wetland,FALSE,80,permanent water
NPDB,0280638,NA,NA,FALSE,10,tree cover
NPDB,0280639,NA,NA,FALSE,10,tree cover
NPDB,0280640,NA,NA,FALSE,30,grassland
NPDB,0280641,NA,NA,FALSE,10,tree cover
NPDB,0280642,NA,NA,FALSE,10,tree cover
NPDB,0280643,NA,NA,FALSE,30,grassland
NPDB,0280644,180,non-wetland,FALSE,80,permanent water
NPDB,0280645,180,non-wetland,FALSE,80,permanent water
NPDB,0280646,NA,NA,FALSE,10,tree cover
NPDB,0280648,NA,NA,FALSE,10,tree cover
NPDB,0280649,180,non-wetland,FALSE,80,permanent water
NPDB,0280650,NA,NA,FALSE,10,tree cover
NPDB,0280651,NA,NA,FALSE,10,tree cover
NPDB,0280652,NA,NA,FALSE,10,tree cover
NPDB,0280653,NA,NA,FALSE,10,tree cover
NPDB,0280654,NA,NA,FALSE,10,tree cover
NPDB,0280656,NA,NA,FALSE,10,tree cover
NPDB,0280657,NA,NA,FALSE,10,tree cover
NPDB,0280658,NA,NA,FALSE,90,herbaceous wetland
NPDB,0280659,NA,NA,FALSE,10,tree cover
NPDB,0280660,NA,NA,FALSE,10,tree cover
NPDB,0280661,NA,NA,FALSE,10,tree cover
NPDB,0280662,NA,NA,FALSE,10,tree cover
NPDB,0280663,NA,NA,FALSE,10,tree cover
NPDB,0280664,NA,NA,FALSE,60,bare/sparse
NPDB,0280666,NA,NA,FALSE,10,tree cover
NPDB,0280667,NA,NA,FALSE,10,tree cover
NPDB,0280668,NA,NA,FALSE,10,tree cover
NPDB,0280669,NA,NA,FALSE,10,tree cover
NPDB,0280670,NA,NA,FALSE,10,tree cover
NPDB,0280671,NA,NA,FALSE,10,tree cover
NPDB,0280672,NA,NA,FALSE,90,herbaceous wetland
NPDB,0280673,NA,NA,FALSE,10,tree cover
NPDB,0280674,NA,NA,FALSE,10,tree cover
NPDB,0280675,NA,NA,FALSE,10,tree cover
NPDB,0280676,NA,NA,FALSE,10,tree cover
NPDB,0280677,NA,NA,FALSE,30,grassland
NPDB,0280678,NA,NA,FALSE,30,grassland
NPDB,0280679,NA,NA,FALSE,10,tree cover
NPDB,0280680,NA,NA,FALSE,10,tree cover
NPDB,0280681,NA,NA,FALSE,10,tree cover
NPDB,0280682,NA,NA,FALSE,10,tree cover
NPDB,0280683,NA,NA,FALSE,10,tree cover
NPDB,0280684,182,swamp,TRUE,80,permanent water
NPDB,0280685,NA,NA,FALSE,10,tree cover
NPDB,0280686,NA,NA,FALSE,30,grassland
NPDB,0280687,NA,NA,FALSE,30,grassland
NPDB,0280688,NA,NA,FALSE,10,tree cover
NPDB,0280689,NA,NA,FALSE,10,tree cover
NPDB,0280690,NA,NA,FALSE,10,tree cover
NPDB,0280691,NA,NA,FALSE,30,grassland
NPDB,0280692,NA,NA,FALSE,30,grassland
NPDB,0280693,NA,NA,FALSE,20,shrubland
NPDB,0280694,NA,NA,FALSE,10,tree cover
NPDB,0280695,NA,NA,FALSE,30,grassland
NPDB,0280696,NA,NA,FALSE,10,tree cover
NPDB,0280697,NA,NA,FALSE,10,tree cover
NPDB,0280698,NA,NA,FALSE,10,tree cover
NPDB,0280699,NA,NA,FALSE,30,grassland
NPDB,0280700,NA,NA,FALSE,30,grassland
NPDB,0280701,NA,NA,FALSE,100,moss and lichen
NPDB,0280702,NA,NA,FALSE,10,tree cover
NPDB,0280703,NA,NA,FALSE,10,tree cover
NPDB,0280704,NA,NA,FALSE,10,tree cover
NPDB,0280705,NA,NA,FALSE,60,bare/sparse
NPDB,0280706,NA,NA,FALSE,10,tree cover
NPDB,0280707,NA,NA,FALSE,10,tree cover
NPDB,0280708,NA,NA,FALSE,10,tree cover
NPDB,0280709,NA,NA,FALSE,10,tree cover
NPDB,0280710,NA,NA,FALSE,10,tree cover
NPDB,0280711,NA,NA,FALSE,10,tree cover
NPDB,0280712,NA,NA,FALSE,10,tree cover
NPDB,0280713,NA,NA,FALSE,10,tree cover
NPDB,0280714,NA,NA,FALSE,10,tree cover
NPDB,0280716,NA,NA,FALSE,10,tree cover
NPDB,0280717,NA,NA,FALSE,10,tree cover
NPDB,0280718,NA,NA,FALSE,10,tree cover
NPDB,0280720,NA,NA,FALSE,10,tree cover
NPDB,0280721,NA,NA,FALSE,10,tree cover
NPDB,0280722,NA,NA,FALSE,10,tree cover
NPDB,0280723,181,permanent water,FALSE,30,grassland
NPDB,0280724,NA,NA,FALSE,10,tree cover
NPDB,0280725,NA,NA,FALSE,10,tree cover
NPDB,0280726,NA,NA,FALSE,10,tree cover
NPDB,0280727,NA,NA,FALSE,10,tree cover
NPDB,0280728,NA,NA,FALSE,10,tree cover
NPDB,0280729,NA,NA,FALSE,10,tree cover
NPDB,0280730,NA,NA,FALSE,10,tree cover
NPDB,0280731,NA,NA,FALSE,10,tree cover
NPDB,0280732,NA,NA,FALSE,30,grassland
NPDB,0280734,NA,NA,FALSE,10,tree cover
NPDB,0280736,NA,NA,FALSE,10,tree cover
NPDB,0280737,NA,NA,FALSE,10,tree cover
NPDB,0280738,NA,NA,FALSE,10,tree cover
NPDB,0280739,NA,NA,FALSE,10,tree cover
NPDB,0280740,NA,NA,FALSE,30,grassland
NPDB,0280741,NA,NA,FALSE,10,tree cover
NPDB,0280742,NA,NA,FALSE,10,tree cover
NPDB,0280743,NA,NA,FALSE,10,tree cover
NPDB,0280744,NA,NA,FALSE,10,tree cover
NPDB,0280745,180,non-wetland,FALSE,80,permanent water
NPDB,0280746,NA,NA,FALSE,10,tree cover
NPDB,0280747,NA,NA,FALSE,80,permanent water
NPDB,0280748,NA,NA,FALSE,10,tree cover
NPDB,0280749,180,non-wetland,FALSE,10,tree cover
NPDB,0280750,NA,NA,FALSE,10,tree cover
NPDB,0280751,NA,NA,FALSE,10,tree cover
NPDB,0280752,NA,NA,FALSE,10,tree cover
NPDB,0280753,NA,NA,FALSE,10,tree cover
NPDB,0280754,NA,NA,FALSE,10,tree cover
NPDB,0280755,NA,NA,FALSE,10,tree cover
NPDB,0280756,NA,NA,FALSE,10,tree cover
NPDB,0280757,NA,NA,FALSE,10,tree cover
NPDB,0280758,NA,NA,FALSE,10,tree cover
NPDB,0280759,NA,NA,FALSE,10,tree cover
NPDB,0280760,NA,NA,FALSE,10,tree cover
NPDB,0280761,NA,NA,FALSE,10,tree cover
NPDB,0280762,NA,NA,FALSE,10,tree cover
NPDB,0280763,NA,NA,FALSE,10,tree cover
NPDB,0280765,NA,NA,FALSE,30,grassland
NPDB,0280766,NA,NA,FALSE,10,tree cover
NPDB,0280767,NA,NA,FALSE,10,tree cover
NPDB,0280768,NA,NA,FALSE,10,tree cover
NPDB,0280769,NA,NA,FALSE,10,tree cover
NPDB,0280771,NA,NA,FALSE,10,tree cover
NPDB,0280772,NA,NA,FALSE,10,tree cover
NPDB,0280773,NA,NA,FALSE,10,tree cover
NPDB,0280774,NA,NA,FALSE,10,tree cover
NPDB,0280775,180,non-wetland,FALSE,80,permanent water
NPDB,0280776,NA,NA,FALSE,10,tree cover
NPDB,0280777,NA,NA,FALSE,10,tree cover
NPDB,0280778,NA,NA,FALSE,10,tree cover
NPDB,0280779,NA,NA,FALSE,10,tree cover
NPDB,0280781,NA,NA,FALSE,10,tree cover
NPDB,0280782,180,non-wetland,FALSE,80,permanent water
NPDB,0280783,NA,NA,FALSE,10,tree cover
NPDB,0280784,NA,NA,FALSE,10,tree cover
NPDB,0280785,NA,NA,FALSE,10,tree cover
NPDB,0280786,NA,NA,FALSE,10,tree cover
NPDB,0280787,NA,NA,FALSE,10,tree cover
NPDB,0280788,NA,NA,FALSE,10,tree cover
NPDB,0280789,NA,NA,FALSE,10,tree cover
NPDB,0280790,NA,NA,FALSE,50,built-up
NPDB,0280791,180,non-wetland,FALSE,80,permanent water
NPDB,0280792,NA,NA,FALSE,10,tree cover
NPDB,0280793,NA,NA,FALSE,10,tree cover
NPDB,0280794,NA,NA,FALSE,30,grassland
NPDB,0280795,NA,NA,FALSE,10,tree cover
NPDB,0280796,NA,NA,FALSE,30,grassland
NPDB,0280797,180,non-wetland,FALSE,80,permanent water
NPDB,0280798,NA,NA,FALSE,10,tree cover
NPDB,0280799,NA,NA,FALSE,100,moss and lichen
NPDB,0280800,NA,NA,FALSE,10,tree cover
NPDB,0280801,NA,NA,FALSE,100,moss and lichen
NPDB,0280802,NA,NA,FALSE,10,tree cover
NPDB,0280803,NA,NA,FALSE,10,tree cover
NPDB,0280804,NA,NA,FALSE,10,tree cover
NPDB,0280805,NA,NA,FALSE,10,tree cover
NPDB,0280806,NA,NA,FALSE,10,tree cover
NPDB,0280807,NA,NA,FALSE,10,tree cover
NPDB,0280808,NA,NA,FALSE,10,tree cover
NPDB,0280809,NA,NA,FALSE,10,tree cover
NPDB,0280810,NA,NA,FALSE,10,tree cover
NPDB,0280811,NA,NA,FALSE,10,tree cover
NPDB,0280812,NA,NA,FALSE,10,tree cover
NPDB,0280813,NA,NA,FALSE,30,grassland
NPDB,0280814,NA,NA,FALSE,10,tree cover
NPDB,0280815,NA,NA,FALSE,30,grassland
NPDB,0280816,NA,NA,FALSE,30,grassland
NPDB,0280817,NA,NA,FALSE,10,tree cover
NPDB,0280818,NA,NA,FALSE,30,grassland
NPDB,0280819,NA,NA,FALSE,10,tree cover
NPDB,0280820,NA,NA,FALSE,10,tree cover
NPDB,0280821,NA,NA,FALSE,10,tree cover
NPDB,0280822,NA,NA,FALSE,10,tree cover
NPDB,0280823,NA,NA,FALSE,10,tree cover
NPDB,0280824,NA,NA,FALSE,10,tree cover
NPDB,0280825,NA,NA,FALSE,10,tree cover
NPDB,0280826,NA,NA,FALSE,10,tree cover
NPDB,0280827,NA,NA,FALSE,10,tree cover
NPDB,0280828,NA,NA,FALSE,10,tree cover
NPDB,0280829,NA,NA,FALSE,10,tree cover
NPDB,0280830,NA,NA,FALSE,10,tree cover
NPDB,0280831,NA,NA,FALSE,10,tree cover
NPDB,0280832,NA,NA,FALSE,10,tree cover
NPDB,0280833,180,non-wetland,FALSE,80,permanent water
NPDB,0280834,NA,NA,FALSE,10,tree cover
NPDB,0280835,NA,NA,FALSE,10,tree cover
NPDB,0280837,NA,NA,FALSE,30,grassland
NPDB,0280838,NA,NA,FALSE,10,tree cover
NPDB,0280839,NA,NA,FALSE,30,grassland
NPDB,0280840,NA,NA,FALSE,10,tree cover
NPDB,0280841,NA,NA,FALSE,10,tree cover
NPDB,0280842,NA,NA,FALSE,10,tree cover
NPDB,0280843,NA,NA,FALSE,30,grassland
NPDB,0280844,NA,NA,FALSE,10,tree cover
NPDB,0280845,NA,NA,FALSE,10,tree cover
NPDB,0280846,NA,NA,FALSE,10,tree cover
NPDB,0280847,NA,NA,FALSE,10,tree cover
NPDB,0280848,NA,NA,FALSE,10,tree cover
NPDB,0280849,NA,NA,FALSE,10,tree cover
NPDB,0280850,NA,NA,FALSE,10,tree cover
NPDB,0280851,NA,NA,FALSE,10,tree cover
NPDB,0280852,NA,NA,FALSE,10,tree cover
NPDB,0280853,NA,NA,FALSE,10,tree cover
NPDB,0280854,NA,NA,FALSE,10,tree cover
NPDB,0280855,NA,NA,FALSE,10,tree cover
NPDB,0280856,NA,NA,FALSE,10,tree cover
NPDB,0280857,NA,NA,FALSE,10,tree cover
NPDB,0280858,NA,NA,FALSE,10,tree cover
NPDB,0280859,NA,NA,FALSE,10,tree cover
NPDB,0280860,NA,NA,FALSE,10,tree cover
NPDB,0280861,NA,NA,FALSE,10,tree cover
NPDB,0280862,NA,NA,FALSE,10,tree cover
NPDB,0280863,NA,NA,FALSE,10,tree cover
NPDB,0280864,NA,NA,FALSE,10,tree cover
NPDB,0280865,NA,NA,FALSE,10,tree cover
NPDB,0280866,NA,NA,FALSE,10,tree cover
NPDB,0280867,NA,NA,FALSE,10,tree cover
NPDB,0280868,180,non-wetland,FALSE,80,permanent water
NPDB,0280869,NA,NA,FALSE,10,tree cover
NPDB,0280870,NA,NA,FALSE,10,tree cover
NPDB,0280871,NA,NA,FALSE,10,tree cover
NPDB,0280872,180,non-wetland,FALSE,80,permanent water
NPDB,0280873,NA,NA,FALSE,10,tree cover
NPDB,0280874,NA,NA,FALSE,10,tree cover
NPDB,0280876,NA,NA,FALSE,10,tree cover
NPDB,0280877,NA,NA,FALSE,10,tree cover
NPDB,0280878,NA,NA,FALSE,30,grassland
NPDB,0280879,NA,NA,FALSE,10,tree cover
NPDB,0280880,NA,NA,FALSE,10,tree cover
NPDB,0280881,NA,NA,FALSE,10,tree cover
NPDB,0280882,NA,NA,FALSE,10,tree cover
NPDB,0280883,NA,NA,FALSE,10,tree cover
NPDB,0280884,NA,NA,FALSE,10,tree cover
NPDB,0280886,NA,NA,FALSE,10,tree cover
NPDB,0280887,NA,NA,FALSE,10,tree cover
NPDB,0280888,NA,NA,FALSE,10,tree cover
NPDB,0280889,NA,NA,FALSE,10,tree cover
NPDB,0280890,NA,NA,FALSE,10,tree cover
NPDB,0280891,NA,NA,FALSE,10,tree cover
NPDB,0280892,183,marsh,TRUE,80,permanent water
NPDB,0280893,180,non-wetland,FALSE,80,permanent water
NPDB,0280894,NA,NA,FALSE,10,tree cover
NPDB,0280895,NA,NA,FALSE,10,tree cover
NPDB,0280896,NA,NA,FALSE,30,grassland
NPDB,0280897,NA,NA,FALSE,10,tree cover
NPDB,0280898,NA,NA,FALSE,10,tree cover
NPDB,0280899,NA,NA,FALSE,10,tree cover
NPDB,0280900,NA,NA,FALSE,10,tree cover
NPDB,0280901,NA,NA,FALSE,10,tree cover
NPDB,0280902,NA,NA,FALSE,10,tree cover
NPDB,0280903,NA,NA,FALSE,10,tree cover
NPDB,0280904,NA,NA,FALSE,10,tree cover
NPDB,0280905,NA,NA,FALSE,10,tree cover
NPDB,0280906,183,marsh,TRUE,80,permanent water
NPDB,0280907,NA,NA,FALSE,10,tree cover
NPDB,0280908,NA,NA,FALSE,10,tree cover
NPDB,0280909,NA,NA,FALSE,10,tree cover
NPDB,0280911,NA,NA,FALSE,10,tree cover
NPDB,0280912,NA,NA,FALSE,10,tree cover
NPDB,0280913,NA,NA,FALSE,10,tree cover
NPDB,0280914,NA,NA,FALSE,10,tree cover
NPDB,0280915,NA,NA,FALSE,10,tree cover
NPDB,0280916,NA,NA,FALSE,10,tree cover
NPDB,0280917,NA,NA,FALSE,10,tree cover
NPDB,0280918,NA,NA,FALSE,10,tree cover
NPDB,0280919,NA,NA,FALSE,10,tree cover
NPDB,0280920,NA,NA,FALSE,10,tree cover
NPDB,0280921,NA,NA,FALSE,10,tree cover
NPDB,0280922,NA,NA,FALSE,10,tree cover
NPDB,0280923,NA,NA,FALSE,10,tree cover
NPDB,0280924,NA,NA,FALSE,10,tree cover
NPDB,0280925,NA,NA,FALSE,10,tree cover
NPDB,0280926,NA,NA,FALSE,10,tree cover
NPDB,0280927,NA,NA,FALSE,10,tree cover
NPDB,0280928,NA,NA,FALSE,10,tree cover
NPDB,0280929,NA,NA,FALSE,30,grassland
NPDB,0280930,NA,NA,FALSE,10,tree cover
NPDB,0280931,NA,NA,FALSE,10,tree cover
NPDB,0280932,NA,NA,FALSE,10,tree cover
NPDB,0280933,NA,NA,FALSE,10,tree cover
NPDB,0280934,NA,NA,FALSE,10,tree cover
NPDB,0280935,NA,NA,FALSE,10,tree cover
NPDB,0280936,NA,NA,FALSE,10,tree cover
NPDB,0280937,180,non-wetland,FALSE,80,permanent water
NPDB,0280938,NA,NA,FALSE,10,tree cover
NPDB,0280939,NA,NA,FALSE,10,tree cover
NPDB,0280940,NA,NA,FALSE,10,tree cover
NPDB,0280941,NA,NA,FALSE,10,tree cover
NPDB,0280942,NA,NA,FALSE,10,tree cover
NPDB,0280943,NA,NA,FALSE,10,tree cover
NPDB,0280944,NA,NA,FALSE,30,grassland
NPDB,0280945,NA,NA,FALSE,50,built-up
NPDB,0280947,NA,NA,FALSE,30,grassland
NPDB,0280948,NA,NA,FALSE,30,grassland
NPDB,0280949,NA,NA,FALSE,10,tree cover
NPDB,0280950,NA,NA,FALSE,10,tree cover
NPDB,0280952,NA,NA,FALSE,40,cropland
NPDB,0280953,NA,NA,FALSE,30,grassland
NPDB,0280954,NA,NA,FALSE,10,tree cover
NPDB,0280955,NA,NA,FALSE,10,tree cover
NPDB,0280956,NA,NA,FALSE,10,tree cover
NPDB,0280957,NA,NA,FALSE,40,cropland
NPDB,0280958,NA,NA,FALSE,40,cropland
NPDB,0280959,NA,NA,FALSE,10,tree cover
NPDB,0280960,NA,NA,FALSE,30,grassland
NPDB,0280961,NA,NA,FALSE,10,tree cover
NPDB,0280962,NA,NA,FALSE,10,tree cover
NPDB,0280963,NA,NA,FALSE,10,tree cover
NPDB,0280964,NA,NA,FALSE,10,tree cover
NPDB,0280965,NA,NA,FALSE,10,tree cover
NPDB,0280966,NA,NA,FALSE,10,tree cover
NPDB,0280967,NA,NA,FALSE,10,tree cover
NPDB,0280970,NA,NA,FALSE,10,tree cover
NPDB,0280971,NA,NA,FALSE,10,tree cover
NPDB,0280972,NA,NA,FALSE,10,tree cover
NPDB,0280982,NA,NA,FALSE,10,tree cover
NPDB,0280983,NA,NA,FALSE,30,grassland
NPDB,0280988,NA,NA,FALSE,10,tree cover
NPDB,0280989,NA,NA,FALSE,10,tree cover
NPDB,0280990,NA,NA,FALSE,40,cropland
NPDB,0280992,NA,NA,FALSE,30,grassland
NPDB,0280993,NA,NA,FALSE,30,grassland
NPDB,0280994,NA,NA,FALSE,30,grassland
NPDB,0280995,NA,NA,FALSE,40,cropland
NPDB,0280996,NA,NA,FALSE,10,tree cover
NPDB,0280997,NA,NA,FALSE,30,grassland
NPDB,0280998,NA,NA,FALSE,10,tree cover
NPDB,0280999,NA,NA,FALSE,10,tree cover
NPDB,0281000,NA,NA,FALSE,10,tree cover
NPDB,0281002,NA,NA,FALSE,10,tree cover
NPDB,0281003,NA,NA,FALSE,10,tree cover
NPDB,0281005,NA,NA,FALSE,40,cropland
NPDB,0281006,NA,NA,FALSE,10,tree cover
NPDB,0281009,NA,NA,FALSE,30,grassland
NPDB,0281010,NA,NA,FALSE,40,cropland
NPDB,0281011,NA,NA,FALSE,10,tree cover
NPDB,0281013,NA,NA,FALSE,50,built-up
NPDB,0281014,NA,NA,FALSE,10,tree cover
NPDB,0281015,NA,NA,FALSE,30,grassland
NPDB,0281017,NA,NA,FALSE,40,cropland
NPDB,0281018,NA,NA,FALSE,30,grassland
NPDB,0281022,NA,NA,FALSE,40,cropland
NPDB,0281023,NA,NA,FALSE,40,cropland
NPDB,0281024,NA,NA,FALSE,10,tree cover
NPDB,0281025,NA,NA,FALSE,40,cropland
NPDB,0281026,NA,NA,FALSE,30,grassland
NPDB,0281027,NA,NA,FALSE,40,cropland
NPDB,0281029,NA,NA,FALSE,10,tree cover
NPDB,0281030,NA,NA,FALSE,10,tree cover
NPDB,0281031,181,permanent water,FALSE,10,tree cover
NPDB,0281032,NA,NA,FALSE,10,tree cover
NPDB,0281034,NA,NA,FALSE,10,tree cover
NPDB,0281036,NA,NA,FALSE,10,tree cover
NPDB,0281037,NA,NA,FALSE,10,tree cover
NPDB,0281038,NA,NA,FALSE,40,cropland
NPDB,0281039,NA,NA,FALSE,10,tree cover
NPDB,0281040,NA,NA,FALSE,40,cropland
NPDB,0281041,NA,NA,FALSE,40,cropland
NPDB,0281042,NA,NA,FALSE,40,cropland
NPDB,0281043,NA,NA,FALSE,40,cropland
NPDB,0281044,NA,NA,FALSE,40,cropland
NPDB,0281045,NA,NA,FALSE,30,grassland
NPDB,0281046,NA,NA,FALSE,30,grassland
NPDB,0281047,NA,NA,FALSE,40,cropland
NPDB,0281048,NA,NA,FALSE,40,cropland
NPDB,0281049,NA,NA,FALSE,40,cropland
NPDB,0281050,NA,NA,FALSE,40,cropland
NPDB,0281051,NA,NA,FALSE,40,cropland
NPDB,0281053,NA,NA,FALSE,30,grassland
NPDB,0281054,NA,NA,FALSE,40,cropland
NPDB,0281055,NA,NA,FALSE,10,tree cover
NPDB,0281056,NA,NA,FALSE,10,tree cover
NPDB,0281057,NA,NA,FALSE,10,tree cover
NPDB,0281058,NA,NA,FALSE,30,grassland
NPDB,0281060,NA,NA,FALSE,40,cropland
NPDB,0281061,NA,NA,FALSE,40,cropland
NPDB,0281062,NA,NA,FALSE,40,cropland
NPDB,0281063,NA,NA,FALSE,40,cropland
NPDB,0281064,NA,NA,FALSE,40,cropland
NPDB,0281065,NA,NA,FALSE,40,cropland
NPDB,0281066,NA,NA,FALSE,40,cropland
NPDB,0281067,NA,NA,FALSE,40,cropland
NPDB,0281068,NA,NA,FALSE,10,tree cover
NPDB,0281069,NA,NA,FALSE,30,grassland
NPDB,0281070,NA,NA,FALSE,40,cropland
NPDB,0281071,NA,NA,FALSE,40,cropland
NPDB,0281072,NA,NA,FALSE,40,cropland
NPDB,0281073,NA,NA,FALSE,30,grassland
NPDB,0281074,NA,NA,FALSE,40,cropland
NPDB,0281075,NA,NA,FALSE,40,cropland
NPDB,0281076,NA,NA,FALSE,30,grassland
NPDB,0281077,NA,NA,FALSE,40,cropland
NPDB,0281078,NA,NA,FALSE,40,cropland
NPDB,0281080,NA,NA,FALSE,40,cropland
NPDB,0281081,NA,NA,FALSE,10,tree cover
NPDB,0281082,180,non-wetland,FALSE,80,permanent water
NPDB,0281083,NA,NA,FALSE,10,tree cover
NPDB,0281084,NA,NA,FALSE,30,grassland
NPDB,0281085,NA,NA,FALSE,30,grassland
NPDB,0281086,NA,NA,FALSE,40,cropland
NPDB,0281087,NA,NA,FALSE,40,cropland
NPDB,0281088,NA,NA,FALSE,30,grassland
NPDB,0281089,NA,NA,FALSE,30,grassland
NPDB,0281090,NA,NA,FALSE,10,tree cover
NPDB,0281093,NA,NA,FALSE,30,grassland
NPDB,0281094,NA,NA,FALSE,30,grassland
NPDB,0281095,NA,NA,FALSE,10,tree cover
NPDB,0281096,NA,NA,FALSE,40,cropland
NPDB,0281097,NA,NA,FALSE,40,cropland
NPDB,0281098,NA,NA,FALSE,30,grassland
NPDB,0281099,NA,NA,FALSE,10,tree cover
NPDB,0281100,NA,NA,FALSE,10,tree cover
NPDB,0281101,NA,NA,FALSE,10,tree cover
NPDB,0281102,NA,NA,FALSE,10,tree cover
NPDB,0281103,NA,NA,FALSE,30,grassland
NPDB,0281107,NA,NA,FALSE,10,tree cover
NPDB,0281109,NA,NA,FALSE,40,cropland
NPDB,0281110,NA,NA,FALSE,40,cropland
NPDB,0281111,NA,NA,FALSE,30,grassland
NPDB,0281112,NA,NA,FALSE,40,cropland
NPDB,0281114,NA,NA,FALSE,40,cropland
NPDB,0281115,NA,NA,FALSE,10,tree cover
NPDB,0281116,NA,NA,FALSE,30,grassland
NPDB,0281117,NA,NA,FALSE,40,cropland
NPDB,0281118,NA,NA,FALSE,40,cropland
NPDB,0281119,NA,NA,FALSE,40,cropland
NPDB,0281120,NA,NA,FALSE,40,cropland
NPDB,0281121,NA,NA,FALSE,40,cropland
NPDB,0281122,NA,NA,FALSE,10,tree cover
NPDB,0281123,NA,NA,FALSE,40,cropland
NPDB,0281124,NA,NA,FALSE,10,tree cover
NPDB,0281125,NA,NA,FALSE,10,tree cover
NPDB,0281126,NA,NA,FALSE,40,cropland
NPDB,0281127,NA,NA,FALSE,40,cropland
NPDB,0281128,NA,NA,FALSE,40,cropland
NPDB,0281129,NA,NA,FALSE,30,grassland
NPDB,0281130,NA,NA,FALSE,40,cropland
NPDB,0281131,NA,NA,FALSE,30,grassland
NPDB,0281132,NA,NA,FALSE,40,cropland
NPDB,0281133,NA,NA,FALSE,40,cropland
NPDB,0281134,NA,NA,FALSE,10,tree cover
NPDB,0281136,NA,NA,FALSE,40,cropland
NPDB,0281137,NA,NA,FALSE,40,cropland
NPDB,0281138,NA,NA,FALSE,40,cropland
NPDB,0281139,NA,NA,FALSE,30,grassland
NPDB,0281140,NA,NA,FALSE,40,cropland
NPDB,0281141,NA,NA,FALSE,40,cropland
NPDB,0281142,NA,NA,FALSE,10,tree cover
NPDB,0281144,NA,NA,FALSE,10,tree cover
NPDB,0281145,NA,NA,FALSE,10,tree cover
NPDB,0281146,NA,NA,FALSE,10,tree cover
NPDB,0281149,NA,NA,FALSE,10,tree cover
NPDB,0281151,NA,NA,FALSE,10,tree cover
NPDB,0281152,NA,NA,FALSE,10,tree cover
NPDB,0281153,NA,NA,FALSE,10,tree cover
NPDB,0281154,NA,NA,FALSE,10,tree cover
NPDB,0281155,NA,NA,FALSE,10,tree cover
NPDB,0281156,NA,NA,FALSE,10,tree cover
NPDB,0281158,NA,NA,FALSE,10,tree cover
NPDB,0281159,NA,NA,FALSE,10,tree cover
NPDB,0281160,NA,NA,FALSE,10,tree cover
NPDB,0281161,NA,NA,FALSE,10,tree cover
NPDB,0281162,181,permanent water,FALSE,30,grassland
NPDB,0281163,NA,NA,FALSE,10,tree cover
NPDB,0281164,NA,NA,FALSE,10,tree cover
NPDB,0281165,NA,NA,FALSE,10,tree cover
NPDB,0281167,NA,NA,FALSE,10,tree cover
NPDB,0281168,NA,NA,FALSE,10,tree cover
NPDB,0281169,180,non-wetland,FALSE,80,permanent water
NPDB,0281170,NA,NA,FALSE,10,tree cover
NPDB,0281171,NA,NA,FALSE,10,tree cover
NPDB,0281172,NA,NA,FALSE,30,grassland
NPDB,0281173,NA,NA,FALSE,10,tree cover
NPDB,0281174,NA,NA,FALSE,10,tree cover
NPDB,0281175,NA,NA,FALSE,10,tree cover
NPDB,0281176,NA,NA,FALSE,10,tree cover
NPDB,0281177,NA,NA,FALSE,20,shrubland
NPDB,0281178,180,non-wetland,FALSE,80,permanent water
NPDB,0281179,NA,NA,FALSE,10,tree cover
NPDB,0281180,NA,NA,FALSE,10,tree cover
NPDB,0281181,NA,NA,FALSE,10,tree cover
NPDB,0281183,NA,NA,FALSE,30,grassland
NPDB,0281184,NA,NA,FALSE,10,tree cover
NPDB,0281185,NA,NA,FALSE,10,tree cover
NPDB,0281186,NA,NA,FALSE,10,tree cover
NPDB,0281187,NA,NA,FALSE,10,tree cover
NPDB,0281188,NA,NA,FALSE,30,grassland
NPDB,0281189,NA,NA,FALSE,30,grassland
NPDB,0281190,NA,NA,FALSE,10,tree cover
NPDB,0281191,NA,NA,FALSE,10,tree cover
NPDB,0281192,NA,NA,FALSE,10,tree cover
NPDB,0281194,NA,NA,FALSE,10,tree cover
NPDB,0281195,NA,NA,FALSE,10,tree cover
NPDB,0281196,NA,NA,FALSE,10,tree cover
NPDB,0281197,NA,NA,FALSE,10,tree cover
NPDB,0281198,NA,NA,FALSE,10,tree cover
NPDB,0281199,NA,NA,FALSE,10,tree cover
NPDB,0281200,NA,NA,FALSE,10,tree cover
NPDB,0281202,NA,NA,FALSE,10,tree cover
NPDB,0281203,NA,NA,FALSE,10,tree cover
NPDB,0281204,180,non-wetland,FALSE,80,permanent water
NPDB,0281205,NA,NA,FALSE,10,tree cover
NPDB,0281206,NA,NA,FALSE,10,tree cover
NPDB,0281208,NA,NA,FALSE,10,tree cover
NPDB,0281210,NA,NA,FALSE,10,tree cover
NPDB,0281212,NA,NA,FALSE,10,tree cover
NPDB,0281213,NA,NA,FALSE,10,tree cover
NPDB,0281214,NA,NA,FALSE,10,tree cover
NPDB,0281216,NA,NA,FALSE,10,tree cover
NPDB,0281217,NA,NA,FALSE,10,tree cover
NPDB,0281218,NA,NA,FALSE,30,grassland
NPDB,0281219,NA,NA,FALSE,10,tree cover
NPDB,0281222,NA,NA,FALSE,10,tree cover
NPDB,0281226,NA,NA,FALSE,10,tree cover
NPDB,0281227,NA,NA,FALSE,10,tree cover
NPDB,0281228,NA,NA,FALSE,40,cropland
NPDB,0281229,NA,NA,FALSE,10,tree cover
NPDB,0281230,182,swamp,TRUE,30,grassland
NPDB,0281231,NA,NA,FALSE,10,tree cover
NPDB,0281232,NA,NA,FALSE,10,tree cover
NPDB,0281233,180,non-wetland,FALSE,80,permanent water
NPDB,0281234,NA,NA,FALSE,10,tree cover
NPDB,0281235,NA,NA,FALSE,10,tree cover
NPDB,0281236,NA,NA,FALSE,10,tree cover
NPDB,0281237,181,permanent water,FALSE,10,tree cover
NPDB,0281238,NA,NA,FALSE,40,cropland
NPDB,0281239,NA,NA,FALSE,10,tree cover
NPDB,0281240,NA,NA,FALSE,10,tree cover
NPDB,0281241,NA,NA,FALSE,10,tree cover
NPDB,0281242,NA,NA,FALSE,10,tree cover
NPDB,0281243,NA,NA,FALSE,10,tree cover
NPDB,0281244,NA,NA,FALSE,30,grassland
NPDB,0281245,NA,NA,FALSE,40,cropland
NPDB,0281246,NA,NA,FALSE,10,tree cover
NPDB,0281247,NA,NA,FALSE,10,tree cover
NPDB,0281248,NA,NA,FALSE,10,tree cover
NPDB,0281249,NA,NA,FALSE,10,tree cover
NPDB,0281250,NA,NA,FALSE,10,tree cover
NPDB,0281251,180,non-wetland,FALSE,80,permanent water
NPDB,0281252,NA,NA,FALSE,30,grassland
NPDB,0281254,NA,NA,FALSE,30,grassland
NPDB,0281255,NA,NA,FALSE,10,tree cover
NPDB,0281256,NA,NA,FALSE,10,tree cover
NPDB,0281257,NA,NA,FALSE,30,grassland
NPDB,0281258,NA,NA,FALSE,30,grassland
NPDB,0281259,NA,NA,FALSE,30,grassland
NPDB,0281260,NA,NA,FALSE,40,cropland
NPDB,0281261,NA,NA,FALSE,30,grassland
NPDB,0281262,NA,NA,FALSE,50,built-up
NPDB,0281263,NA,NA,FALSE,10,tree cover
NPDB,0281264,NA,NA,FALSE,90,herbaceous wetland
NPDB,0281265,NA,NA,FALSE,40,cropland
NPDB,0281266,NA,NA,FALSE,30,grassland
NPDB,0281267,NA,NA,FALSE,10,tree cover
NPDB,0281268,NA,NA,FALSE,10,tree cover
NPDB,0281269,NA,NA,FALSE,40,cropland
NPDB,0281270,NA,NA,FALSE,10,tree cover
NPDB,0281271,NA,NA,FALSE,30,grassland
NPDB,0281272,NA,NA,FALSE,40,cropland
NPDB,0281273,NA,NA,FALSE,10,tree cover
NPDB,0281274,NA,NA,FALSE,30,grassland
NPDB,0281275,NA,NA,FALSE,30,grassland
NPDB,0281276,NA,NA,FALSE,10,tree cover
NPDB,0281279,NA,NA,FALSE,10,tree cover
NPDB,0281280,NA,NA,FALSE,30,grassland
NPDB,0281281,NA,NA,FALSE,30,grassland
NPDB,0281282,NA,NA,FALSE,10,tree cover
NPDB,0281283,NA,NA,FALSE,10,tree cover
NPDB,0281284,NA,NA,FALSE,10,tree cover
NPDB,0281285,180,non-wetland,FALSE,80,permanent water
NPDB,0281286,NA,NA,FALSE,10,tree cover
NPDB,0281287,NA,NA,FALSE,30,grassland
NPDB,0281288,NA,NA,FALSE,10,tree cover
NPDB,0281289,NA,NA,FALSE,30,grassland
NPDB,0281290,181,permanent water,FALSE,30,grassland
NPDB,0281291,NA,NA,FALSE,10,tree cover
NPDB,0281292,NA,NA,FALSE,40,cropland
NPDB,0281293,NA,NA,FALSE,100,moss and lichen
NPDB,0281294,NA,NA,FALSE,10,tree cover
NPDB,0281295,NA,NA,FALSE,30,grassland
NPDB,0281296,NA,NA,FALSE,10,tree cover
NPDB,0281297,NA,NA,FALSE,10,tree cover
NPDB,0281298,NA,NA,FALSE,40,cropland
NPDB,0281299,NA,NA,FALSE,10,tree cover
NPDB,0281300,180,non-wetland,FALSE,80,permanent water
NPDB,0281301,NA,NA,FALSE,10,tree cover
NPDB,0281302,NA,NA,FALSE,30,grassland
NPDB,0281303,NA,NA,FALSE,10,tree cover
NPDB,0281304,NA,NA,FALSE,30,grassland
NPDB,0281305,NA,NA,FALSE,30,grassland
NPDB,0281306,NA,NA,FALSE,10,tree cover
NPDB,0281307,NA,NA,FALSE,20,shrubland
NPDB,0281308,NA,NA,FALSE,10,tree cover
NPDB,0281309,NA,NA,FALSE,30,grassland
NPDB,0281311,181,permanent water,FALSE,10,tree cover
NPDB,0281312,NA,NA,FALSE,10,tree cover
NPDB,0281313,181,permanent water,FALSE,20,shrubland
NPDB,0281314,NA,NA,FALSE,30,grassland
NPDB,0281315,NA,NA,FALSE,50,built-up
NPDB,0281316,NA,NA,FALSE,30,grassland
NPDB,0281317,NA,NA,FALSE,10,tree cover
NPDB,0281318,NA,NA,FALSE,40,cropland
NPDB,0281319,NA,NA,FALSE,10,tree cover
NPDB,0281320,NA,NA,FALSE,10,tree cover
NPDB,0281321,NA,NA,FALSE,10,tree cover
NPDB,0281322,NA,NA,FALSE,10,tree cover
NPDB,0281323,NA,NA,FALSE,10,tree cover
NPDB,0281324,NA,NA,FALSE,10,tree cover
NPDB,0281325,NA,NA,FALSE,30,grassland
NPDB,0281326,NA,NA,FALSE,30,grassland
NPDB,0281327,NA,NA,FALSE,10,tree cover
NPDB,0281328,NA,NA,FALSE,10,tree cover
NPDB,0281329,NA,NA,FALSE,10,tree cover
NPDB,0281330,NA,NA,FALSE,10,tree cover
NPDB,0281331,NA,NA,FALSE,10,tree cover
NPDB,0281332,NA,NA,FALSE,30,grassland
NPDB,0281333,NA,NA,FALSE,10,tree cover
NPDB,0281334,NA,NA,FALSE,10,tree cover
NPDB,0281335,NA,NA,FALSE,50,built-up
NPDB,0281336,NA,NA,FALSE,30,grassland
NPDB,0281338,NA,NA,FALSE,10,tree cover
NPDB,0281339,NA,NA,FALSE,10,tree cover
NPDB,0281340,NA,NA,FALSE,10,tree cover
NPDB,0281342,NA,NA,FALSE,10,tree cover
NPDB,0281343,NA,NA,FALSE,10,tree cover
NPDB,0281344,NA,NA,FALSE,30,grassland
NPDB,0281345,NA,NA,FALSE,40,cropland
NPDB,0281347,NA,NA,FALSE,10,tree cover
NPDB,0281348,NA,NA,FALSE,30,grassland
NPDB,0281349,NA,NA,FALSE,10,tree cover
NPDB,0281350,NA,NA,FALSE,30,grassland
NPDB,0281351,NA,NA,FALSE,10,tree cover
NPDB,0281352,NA,NA,FALSE,30,grassland
NPDB,0281353,NA,NA,FALSE,30,grassland
NPDB,0281354,NA,NA,FALSE,10,tree cover
NPDB,0281355,NA,NA,FALSE,10,tree cover
NPDB,0281356,NA,NA,FALSE,10,tree cover
NPDB,0281357,NA,NA,FALSE,10,tree cover
NPDB,0281358,NA,NA,FALSE,30,grassland
NPDB,0281359,NA,NA,FALSE,10,tree cover
NPDB,0281360,NA,NA,FALSE,10,tree cover
NPDB,0281361,NA,NA,FALSE,10,tree cover
NPDB,0281362,NA,NA,FALSE,10,tree cover
NPDB,0281363,NA,NA,FALSE,100,moss and lichen
NPDB,0281365,NA,NA,FALSE,10,tree cover
NPDB,0281366,NA,NA,FALSE,10,tree cover
NPDB,0281367,NA,NA,FALSE,30,grassland
NPDB,0281368,NA,NA,FALSE,10,tree cover
NPDB,0281369,NA,NA,FALSE,10,tree cover
NPDB,0281370,NA,NA,FALSE,10,tree cover
NPDB,0281371,NA,NA,FALSE,10,tree cover
NPDB,0281372,NA,NA,FALSE,40,cropland
NPDB,0281373,NA,NA,FALSE,10,tree cover
NPDB,0281374,NA,NA,FALSE,90,herbaceous wetland
NPDB,0281375,NA,NA,FALSE,10,tree cover
NPDB,0281377,NA,NA,FALSE,10,tree cover
NPDB,0281378,NA,NA,FALSE,10,tree cover
NPDB,0281379,NA,NA,FALSE,10,tree cover
NPDB,0281380,181,permanent water,FALSE,10,tree cover
NPDB,0281381,NA,NA,FALSE,10,tree cover
NPDB,0281382,180,non-wetland,FALSE,80,permanent water
NPDB,0281383,NA,NA,FALSE,10,tree cover
NPDB,0281385,NA,NA,FALSE,10,tree cover
NPDB,0281386,NA,NA,FALSE,10,tree cover
NPDB,0281388,NA,NA,FALSE,10,tree cover
NPDB,0281389,NA,NA,FALSE,10,tree cover
NPDB,0281390,NA,NA,FALSE,10,tree cover
NPDB,0281391,NA,NA,FALSE,10,tree cover
NPDB,0281392,NA,NA,FALSE,10,tree cover
NPDB,0281393,NA,NA,FALSE,10,tree cover
NPDB,0281394,NA,NA,FALSE,90,herbaceous wetland
NPDB,0281395,181,permanent water,FALSE,10,tree cover
NPDB,0281397,NA,NA,FALSE,30,grassland
NPDB,0281398,NA,NA,FALSE,10,tree cover
NPDB,0281399,NA,NA,FALSE,10,tree cover
NPDB,0281400,NA,NA,FALSE,10,tree cover
NPDB,0281401,NA,NA,FALSE,40,cropland
NPDB,0281402,NA,NA,FALSE,10,tree cover
NPDB,0281403,NA,NA,FALSE,30,grassland
NPDB,0281404,NA,NA,FALSE,10,tree cover
NPDB,0281407,NA,NA,FALSE,40,cropland
NPDB,0281408,NA,NA,FALSE,10,tree cover
NPDB,0281409,NA,NA,FALSE,30,grassland
NPDB,0281410,NA,NA,FALSE,30,grassland
NPDB,0281411,NA,NA,FALSE,30,grassland
NPDB,0281412,NA,NA,FALSE,30,grassland
NPDB,0281413,NA,NA,FALSE,10,tree cover
NPDB,0281414,NA,NA,FALSE,40,cropland
NPDB,0281415,NA,NA,FALSE,10,tree cover
NPDB,0281416,NA,NA,FALSE,30,grassland
NPDB,0281417,NA,NA,FALSE,40,cropland
NPDB,0281418,NA,NA,FALSE,30,grassland
NPDB,0281419,NA,NA,FALSE,40,cropland
NPDB,0281420,NA,NA,FALSE,10,tree cover
NPDB,0281421,NA,NA,FALSE,40,cropland
NPDB,0281422,NA,NA,FALSE,10,tree cover
NPDB,0281423,NA,NA,FALSE,10,tree cover
NPDB,0281424,NA,NA,FALSE,10,tree cover
NPDB,0281426,NA,NA,FALSE,30,grassland
NPDB,0281427,NA,NA,FALSE,30,grassland
NPDB,0281428,NA,NA,FALSE,10,tree cover
NPDB,0281429,NA,NA,FALSE,40,cropland
NPDB,0281430,NA,NA,FALSE,10,tree cover
NPDB,0281431,NA,NA,FALSE,10,tree cover
NPDB,0281432,NA,NA,FALSE,30,grassland
NPDB,0281433,181,permanent water,FALSE,30,grassland
NPDB,0281434,NA,NA,FALSE,30,grassland
NPDB,0281435,NA,NA,FALSE,10,tree cover
NPDB,0281436,NA,NA,FALSE,30,grassland
NPDB,0281437,NA,NA,FALSE,10,tree cover
NPDB,0281438,NA,NA,FALSE,10,tree cover
NPDB,0281439,NA,NA,FALSE,10,tree cover
NPDB,0281440,NA,NA,FALSE,10,tree cover
NPDB,0281441,NA,NA,FALSE,10,tree cover
NPDB,0281442,NA,NA,FALSE,40,cropland
NPDB,0281443,NA,NA,FALSE,10,tree cover
NPDB,0281444,NA,NA,FALSE,10,tree cover
NPDB,0281445,NA,NA,FALSE,30,grassland
NPDB,0281446,NA,NA,FALSE,10,tree cover
NPDB,0281447,NA,NA,FALSE,10,tree cover
NPDB,0281448,NA,NA,FALSE,10,tree cover
NPDB,0281449,NA,NA,FALSE,10,tree cover
NPDB,0281450,NA,NA,FALSE,10,tree cover
NPDB,0281451,NA,NA,FALSE,10,tree cover
NPDB,0281452,NA,NA,FALSE,10,tree cover
NPDB,0281453,NA,NA,FALSE,10,tree cover
NPDB,0281454,NA,NA,FALSE,30,grassland
NPDB,0281455,NA,NA,FALSE,30,grassland
NPDB,0281456,NA,NA,FALSE,10,tree cover
NPDB,0281457,NA,NA,FALSE,10,tree cover
NPDB,0281458,NA,NA,FALSE,10,tree cover
NPDB,0281459,NA,NA,FALSE,10,tree cover
NPDB,0281460,NA,NA,FALSE,10,tree cover
NPDB,0281461,NA,NA,FALSE,10,tree cover
NPDB,0281462,NA,NA,FALSE,10,tree cover
NPDB,0281463,NA,NA,FALSE,30,grassland
NPDB,0281464,NA,NA,FALSE,10,tree cover
NPDB,0281465,NA,NA,FALSE,10,tree cover
NPDB,0281467,NA,NA,FALSE,10,tree cover
NPDB,0281468,NA,NA,FALSE,30,grassland
NPDB,0281469,NA,NA,FALSE,10,tree cover
NPDB,0281470,NA,NA,FALSE,10,tree cover
NPDB,0281471,NA,NA,FALSE,10,tree cover
NPDB,0281472,NA,NA,FALSE,30,grassland
NPDB,0281473,NA,NA,FALSE,10,tree cover
NPDB,0281474,NA,NA,FALSE,10,tree cover
NPDB,0281475,NA,NA,FALSE,10,tree cover
NPDB,0281476,NA,NA,FALSE,10,tree cover
NPDB,0281477,NA,NA,FALSE,10,tree cover
NPDB,0281478,NA,NA,FALSE,10,tree cover
NPDB,0281479,NA,NA,FALSE,10,tree cover
NPDB,0281481,NA,NA,FALSE,10,tree cover
NPDB,0281482,NA,NA,FALSE,10,tree cover
NPDB,0281483,NA,NA,FALSE,10,tree cover
NPDB,0281484,NA,NA,FALSE,80,permanent water
NPDB,0281485,NA,NA,FALSE,10,tree cover
NPDB,0281486,NA,NA,FALSE,10,tree cover
NPDB,0281487,NA,NA,FALSE,10,tree cover
NPDB,0281488,NA,NA,FALSE,10,tree cover
NPDB,0281489,NA,NA,FALSE,10,tree cover
NPDB,0281490,NA,NA,FALSE,10,tree cover
NPDB,0281491,NA,NA,FALSE,10,tree cover
NPDB,0281492,NA,NA,FALSE,10,tree cover
NPDB,0281493,NA,NA,FALSE,10,tree cover
NPDB,0281494,NA,NA,FALSE,10,tree cover
NPDB,0281495,NA,NA,FALSE,10,tree cover
NPDB,0281496,NA,NA,FALSE,10,tree cover
NPDB,0281497,NA,NA,FALSE,10,tree cover
NPDB,0281498,NA,NA,FALSE,10,tree cover
NPDB,0281499,NA,NA,FALSE,10,tree cover
NPDB,0281500,NA,NA,FALSE,10,tree cover
NPDB,0281501,NA,NA,FALSE,40,cropland
NPDB,0281502,NA,NA,FALSE,40,cropland
NPDB,0281504,NA,NA,FALSE,10,tree cover
NPDB,0281505,NA,NA,FALSE,10,tree cover
NPDB,0281506,NA,NA,FALSE,10,tree cover
NPDB,0281507,NA,NA,FALSE,40,cropland
NPDB,0281508,NA,NA,FALSE,10,tree cover
NPDB,0281509,NA,NA,FALSE,10,tree cover
NPDB,0281510,NA,NA,FALSE,10,tree cover
NPDB,0281511,NA,NA,FALSE,40,cropland
NPDB,0281512,NA,NA,FALSE,40,cropland
NPDB,0281513,NA,NA,FALSE,40,cropland
NPDB,0281514,NA,NA,FALSE,10,tree cover
NPDB,0281515,NA,NA,FALSE,40,cropland
NPDB,0281516,NA,NA,FALSE,10,tree cover
NPDB,0281517,NA,NA,FALSE,40,cropland
NPDB,0281518,NA,NA,FALSE,40,cropland
NPDB,0281519,NA,NA,FALSE,10,tree cover
NPDB,0281520,NA,NA,FALSE,10,tree cover
NPDB,0281521,NA,NA,FALSE,10,tree cover
NPDB,0281522,NA,NA,FALSE,10,tree cover
NPDB,0281523,NA,NA,FALSE,10,tree cover
NPDB,0281524,NA,NA,FALSE,10,tree cover
NPDB,0281525,NA,NA,FALSE,10,tree cover
NPDB,0281526,NA,NA,FALSE,10,tree cover
NPDB,0281527,NA,NA,FALSE,10,tree cover
NPDB,0281528,NA,NA,FALSE,10,tree cover
NPDB,0281529,NA,NA,FALSE,40,cropland
NPDB,0281530,NA,NA,FALSE,10,tree cover
NPDB,0281531,NA,NA,FALSE,10,tree cover
NPDB,0281532,NA,NA,FALSE,10,tree cover
NPDB,0281533,NA,NA,FALSE,10,tree cover
NPDB,0281534,NA,NA,FALSE,10,tree cover
NPDB,0281535,NA,NA,FALSE,10,tree cover
NPDB,0281536,NA,NA,FALSE,10,tree cover
NPDB,0281537,NA,NA,FALSE,10,tree cover
NPDB,0281539,NA,NA,FALSE,10,tree cover
NPDB,0281540,NA,NA,FALSE,10,tree cover
NPDB,0281541,NA,NA,FALSE,10,tree cover
NPDB,0281542,NA,NA,FALSE,10,tree cover
NPDB,0281543,NA,NA,FALSE,10,tree cover
NPDB,0281544,NA,NA,FALSE,10,tree cover
NPDB,0281545,NA,NA,FALSE,10,tree cover
NPDB,0281546,NA,NA,FALSE,10,tree cover
NPDB,0281547,NA,NA,FALSE,10,tree cover
NPDB,0281548,NA,NA,FALSE,10,tree cover
NPDB,0281549,NA,NA,FALSE,10,tree cover
NPDB,0281550,NA,NA,FALSE,10,tree cover
NPDB,0281551,NA,NA,FALSE,10,tree cover
NPDB,0281552,NA,NA,FALSE,10,tree cover
NPDB,0281553,NA,NA,FALSE,10,tree cover
NPDB,0281554,NA,NA,FALSE,10,tree cover
NPDB,0281555,NA,NA,FALSE,30,grassland
NPDB,0281556,NA,NA,FALSE,10,tree cover
NPDB,0281557,NA,NA,FALSE,30,grassland
NPDB,0281558,NA,NA,FALSE,10,tree cover
NPDB,0281559,NA,NA,FALSE,10,tree cover
NPDB,0281560,NA,NA,FALSE,10,tree cover
NPDB,0281561,NA,NA,FALSE,40,cropland
NPDB,0281562,NA,NA,FALSE,10,tree cover
NPDB,0281563,NA,NA,FALSE,10,tree cover
NPDB,0281564,NA,NA,FALSE,10,tree cover
NPDB,0281565,NA,NA,FALSE,10,tree cover
NPDB,0281566,NA,NA,FALSE,10,tree cover
NPDB,0281567,NA,NA,FALSE,10,tree cover
NPDB,0281568,NA,NA,FALSE,10,tree cover
NPDB,0281569,NA,NA,FALSE,10,tree cover
NPDB,0281570,NA,NA,FALSE,10,tree cover
NPDB,0281571,NA,NA,FALSE,10,tree cover
NPDB,0281572,NA,NA,FALSE,10,tree cover
NPDB,0281573,NA,NA,FALSE,10,tree cover
NPDB,0281574,NA,NA,FALSE,30,grassland
NPDB,0281575,NA,NA,FALSE,40,cropland
NPDB,0281576,NA,NA,FALSE,30,grassland
NPDB,0281577,NA,NA,FALSE,10,tree cover
NPDB,0281578,180,non-wetland,FALSE,80,permanent water
NPDB,0281579,NA,NA,FALSE,30,grassland
NPDB,0281580,NA,NA,FALSE,40,cropland
NPDB,0281581,NA,NA,FALSE,10,tree cover
NPDB,0281582,NA,NA,FALSE,10,tree cover
NPDB,0281583,NA,NA,FALSE,10,tree cover
NPDB,0281584,NA,NA,FALSE,40,cropland
NPDB,0281585,NA,NA,FALSE,30,grassland
NPDB,0281586,NA,NA,FALSE,10,tree cover
NPDB,0281587,NA,NA,FALSE,40,cropland
NPDB,0281588,NA,NA,FALSE,30,grassland
NPDB,0281589,NA,NA,FALSE,30,grassland
NPDB,0281590,NA,NA,FALSE,40,cropland
NPDB,0281591,NA,NA,FALSE,40,cropland
NPDB,0281592,NA,NA,FALSE,40,cropland
NPDB,0281594,NA,NA,FALSE,30,grassland
NPDB,0281595,NA,NA,FALSE,30,grassland
NPDB,0281596,NA,NA,FALSE,40,cropland
NPDB,0281597,NA,NA,FALSE,30,grassland
NPDB,0281598,NA,NA,FALSE,10,tree cover
NPDB,0281599,NA,NA,FALSE,30,grassland
NPDB,0281600,NA,NA,FALSE,10,tree cover
NPDB,0281601,NA,NA,FALSE,10,tree cover
NPDB,0281602,NA,NA,FALSE,10,tree cover
NPDB,0281604,NA,NA,FALSE,10,tree cover
NPDB,0281605,NA,NA,FALSE,10,tree cover
NPDB,0281606,NA,NA,FALSE,100,moss and lichen
NPDB,0281607,NA,NA,FALSE,10,tree cover
NPDB,0281608,NA,NA,FALSE,10,tree cover
NPDB,0281609,NA,NA,FALSE,10,tree cover
NPDB,0281610,NA,NA,FALSE,10,tree cover
NPDB,0281611,NA,NA,FALSE,30,grassland
NPDB,0281612,NA,NA,FALSE,10,tree cover
NPDB,0281613,NA,NA,FALSE,10,tree cover
NPDB,0281614,NA,NA,FALSE,30,grassland
NPDB,0281615,NA,NA,FALSE,10,tree cover
NPDB,0281616,NA,NA,FALSE,10,tree cover
NPDB,0281617,NA,NA,FALSE,10,tree cover
NPDB,0281618,NA,NA,FALSE,10,tree cover
NPDB,0281619,NA,NA,FALSE,30,grassland
NPDB,0281620,NA,NA,FALSE,10,tree cover
NPDB,0281621,NA,NA,FALSE,10,tree cover
NPDB,0281622,NA,NA,FALSE,10,tree cover
NPDB,0281624,181,permanent water,FALSE,30,grassland
NPDB,0281625,NA,NA,FALSE,30,grassland
NPDB,0281626,NA,NA,FALSE,10,tree cover
NPDB,0281627,NA,NA,FALSE,10,tree cover
NPDB,0281628,NA,NA,FALSE,10,tree cover
NPDB,0281630,NA,NA,FALSE,10,tree cover
NPDB,0281631,NA,NA,FALSE,10,tree cover
NPDB,0281632,NA,NA,FALSE,10,tree cover
NPDB,0281633,NA,NA,FALSE,10,tree cover
NPDB,0281634,NA,NA,FALSE,30,grassland
NPDB,0281635,NA,NA,FALSE,10,tree cover
NPDB,0281636,NA,NA,FALSE,30,grassland
NPDB,0281637,NA,NA,FALSE,10,tree cover
NPDB,0281638,NA,NA,FALSE,30,grassland
NPDB,0281639,NA,NA,FALSE,10,tree cover
NPDB,0281640,NA,NA,FALSE,10,tree cover
NPDB,0281641,NA,NA,FALSE,30,grassland
NPDB,0281642,NA,NA,FALSE,30,grassland
NPDB,0281643,NA,NA,FALSE,10,tree cover
NPDB,0281644,NA,NA,FALSE,10,tree cover
NPDB,0281645,NA,NA,FALSE,10,tree cover
NPDB,0281646,NA,NA,FALSE,10,tree cover
NPDB,0281647,NA,NA,FALSE,30,grassland
NPDB,0281648,NA,NA,FALSE,40,cropland
NPDB,0281649,NA,NA,FALSE,30,grassland
NPDB,0281650,NA,NA,FALSE,30,grassland
NPDB,0281651,NA,NA,FALSE,10,tree cover
NPDB,0281652,NA,NA,FALSE,10,tree cover
NPDB,0281654,NA,NA,FALSE,10,tree cover
NPDB,0281655,NA,NA,FALSE,10,tree cover
NPDB,0281656,NA,NA,FALSE,10,tree cover
NPDB,0281657,NA,NA,FALSE,10,tree cover
NPDB,0281658,NA,NA,FALSE,10,tree cover
NPDB,0281659,NA,NA,FALSE,40,cropland
NPDB,0281660,NA,NA,FALSE,10,tree cover
NPDB,0281661,NA,NA,FALSE,10,tree cover
NPDB,0281662,NA,NA,FALSE,10,tree cover
NPDB,0281663,NA,NA,FALSE,30,grassland
NPDB,0281664,NA,NA,FALSE,100,moss and lichen
NPDB,0281666,NA,NA,FALSE,60,bare/sparse
NPDB,0281667,NA,NA,FALSE,60,bare/sparse
NPDB,0281668,NA,NA,FALSE,10,tree cover
NPDB,0281669,NA,NA,FALSE,10,tree cover
NPDB,0281670,NA,NA,FALSE,50,built-up
NPDB,0281671,NA,NA,FALSE,10,tree cover
NPDB,0281673,NA,NA,FALSE,60,bare/sparse
NPDB,0281674,NA,NA,FALSE,10,tree cover
NPDB,0281675,NA,NA,FALSE,10,tree cover
NPDB,0281678,NA,NA,FALSE,10,tree cover
NPDB,0281679,NA,NA,FALSE,10,tree cover
NPDB,0281680,182,swamp,TRUE,30,grassland
NPDB,0281681,NA,NA,FALSE,10,tree cover
NPDB,0281682,NA,NA,FALSE,70,snow and ice
NPDB,0281683,NA,NA,FALSE,60,bare/sparse
NPDB,0281685,NA,NA,FALSE,70,snow and ice
NPDB,0281686,NA,NA,FALSE,60,bare/sparse
NPDB,0281687,NA,NA,FALSE,60,bare/sparse
NPDB,0281688,NA,NA,FALSE,10,tree cover
NPDB,0281689,NA,NA,FALSE,10,tree cover
NPDB,0281690,NA,NA,FALSE,10,tree cover
NPDB,0281691,NA,NA,FALSE,40,cropland
NPDB,0281692,NA,NA,FALSE,60,bare/sparse
NPDB,0281693,NA,NA,FALSE,10,tree cover
NPDB,0281694,NA,NA,FALSE,60,bare/sparse
NPDB,0281695,NA,NA,FALSE,10,tree cover
NPDB,0281696,NA,NA,FALSE,100,moss and lichen
NPDB,0281697,NA,NA,FALSE,100,moss and lichen
NPDB,0281698,NA,NA,FALSE,100,moss and lichen
NPDB,0281700,NA,NA,FALSE,30,grassland
NPDB,0281701,NA,NA,FALSE,10,tree cover
NPDB,0281704,NA,NA,FALSE,10,tree cover
NPDB,0281705,NA,NA,FALSE,10,tree cover
NPDB,0281709,NA,NA,FALSE,60,bare/sparse
NPDB,0281712,NA,NA,FALSE,40,cropland
NPDB,0281715,NA,NA,FALSE,60,bare/sparse
NPDB,0281716,NA,NA,FALSE,60,bare/sparse
NPDB,0281717,NA,NA,FALSE,50,built-up
NPDB,0281719,NA,NA,FALSE,60,bare/sparse
NPDB,0281720,NA,NA,FALSE,10,tree cover
NPDB,0281721,NA,NA,FALSE,10,tree cover
NPDB,0281723,NA,NA,FALSE,40,cropland
NPDB,0281726,NA,NA,FALSE,10,tree cover
NPDB,0281729,NA,NA,FALSE,60,bare/sparse
NPDB,0281730,NA,NA,FALSE,10,tree cover
NPDB,0281731,NA,NA,FALSE,10,tree cover
NPDB,0281733,NA,NA,FALSE,10,tree cover
NPDB,0281734,NA,NA,FALSE,40,cropland
NPDB,0281735,180,non-wetland,FALSE,80,permanent water
NPDB,0281737,NA,NA,FALSE,60,bare/sparse
NPDB,0281738,NA,NA,FALSE,10,tree cover
NPDB,0281742,NA,NA,FALSE,10,tree cover
NPDB,0281744,NA,NA,FALSE,60,bare/sparse
NPDB,0281745,NA,NA,FALSE,30,grassland
NPDB,0281746,NA,NA,FALSE,10,tree cover
NPDB,0281749,NA,NA,FALSE,10,tree cover
NPDB,0281753,NA,NA,FALSE,10,tree cover
NPDB,0281754,NA,NA,FALSE,10,tree cover
NPDB,0281755,NA,NA,FALSE,10,tree cover
NPDB,0281758,NA,NA,FALSE,10,tree cover
NPDB,0281759,NA,NA,FALSE,10,tree cover
NPDB,0281760,NA,NA,FALSE,10,tree cover
NPDB,0281761,NA,NA,FALSE,10,tree cover
NPDB,0281763,NA,NA,FALSE,60,bare/sparse
NPDB,0281764,NA,NA,FALSE,10,tree cover
NPDB,0281765,NA,NA,FALSE,10,tree cover
NPDB,0281768,NA,NA,FALSE,10,tree cover
NPDB,0281770,NA,NA,FALSE,60,bare/sparse
NPDB,0281772,NA,NA,FALSE,100,moss and lichen
NPDB,0281773,NA,NA,FALSE,10,tree cover
NPDB,0281774,183,marsh,TRUE,80,permanent water
NPDB,0281775,NA,NA,FALSE,10,tree cover
NPDB,0281777,NA,NA,FALSE,10,tree cover
NPDB,0281780,NA,NA,FALSE,60,bare/sparse
NPDB,0281781,NA,NA,FALSE,10,tree cover
NPDB,0281782,NA,NA,FALSE,10,tree cover
NPDB,0281783,NA,NA,FALSE,30,grassland
NPDB,0281784,NA,NA,FALSE,30,grassland
NPDB,0281785,NA,NA,FALSE,10,tree cover
NPDB,0281786,NA,NA,FALSE,10,tree cover
NPDB,0281787,NA,NA,FALSE,10,tree cover
NPDB,0281788,NA,NA,FALSE,10,tree cover
NPDB,0281789,NA,NA,FALSE,30,grassland
NPDB,0281790,180,non-wetland,FALSE,80,permanent water
NPDB,0281791,NA,NA,FALSE,10,tree cover
NPDB,0281792,NA,NA,FALSE,10,tree cover
NPDB,0281793,NA,NA,FALSE,30,grassland
NPDB,0281794,NA,NA,FALSE,10,tree cover
NPDB,0281795,NA,NA,FALSE,10,tree cover
NPDB,0281796,NA,NA,FALSE,10,tree cover
NPDB,0281797,NA,NA,FALSE,10,tree cover
NPDB,0281798,NA,NA,FALSE,10,tree cover
NPDB,0281799,NA,NA,FALSE,10,tree cover
NPDB,0281800,NA,NA,FALSE,10,tree cover
NPDB,0281801,NA,NA,FALSE,30,grassland
NPDB,0281802,NA,NA,FALSE,10,tree cover
NPDB,0281803,NA,NA,FALSE,10,tree cover
NPDB,0281804,NA,NA,FALSE,10,tree cover
NPDB,0281805,NA,NA,FALSE,10,tree cover
NPDB,0281806,NA,NA,FALSE,10,tree cover
NPDB,0281807,NA,NA,FALSE,10,tree cover
NPDB,0281808,NA,NA,FALSE,10,tree cover
NPDB,0281809,NA,NA,FALSE,10,tree cover
NPDB,0281810,NA,NA,FALSE,10,tree cover
NPDB,0281811,NA,NA,FALSE,10,tree cover
NPDB,0281812,NA,NA,FALSE,10,tree cover
NPDB,0281813,NA,NA,FALSE,10,tree cover
NPDB,0281814,NA,NA,FALSE,10,tree cover
NPDB,0281815,NA,NA,FALSE,10,tree cover
NPDB,0281816,NA,NA,FALSE,30,grassland
NPDB,0281817,NA,NA,FALSE,50,built-up
NPDB,0281819,NA,NA,FALSE,10,tree cover
NPDB,0281820,NA,NA,FALSE,10,tree cover
NPDB,0281821,NA,NA,FALSE,10,tree cover
NPDB,0281822,NA,NA,FALSE,30,grassland
NPDB,0281823,NA,NA,FALSE,10,tree cover
NPDB,0281824,NA,NA,FALSE,50,built-up
NPDB,0281825,NA,NA,FALSE,10,tree cover
NPDB,0281826,NA,NA,FALSE,50,built-up
NPDB,0281827,NA,NA,FALSE,10,tree cover
NPDB,0281828,NA,NA,FALSE,30,grassland
NPDB,0281829,NA,NA,FALSE,30,grassland
NPDB,0281830,NA,NA,FALSE,10,tree cover
NPDB,0281831,NA,NA,FALSE,10,tree cover
NPDB,0281832,NA,NA,FALSE,30,grassland
NPDB,0281833,NA,NA,FALSE,10,tree cover
NPDB,0281834,NA,NA,FALSE,30,grassland
NPDB,0281835,NA,NA,FALSE,50,built-up
NPDB,0281836,NA,NA,FALSE,30,grassland
NPDB,0281837,NA,NA,FALSE,10,tree cover
NPDB,0281838,NA,NA,FALSE,10,tree cover
NPDB,0281839,NA,NA,FALSE,10,tree cover
NPDB,0281840,NA,NA,FALSE,10,tree cover
NPDB,0281841,NA,NA,FALSE,10,tree cover
NPDB,0281842,NA,NA,FALSE,10,tree cover
NPDB,0281843,NA,NA,FALSE,10,tree cover
NPDB,0281844,NA,NA,FALSE,30,grassland
NPDB,0281845,NA,NA,FALSE,30,grassland
NPDB,0281846,NA,NA,FALSE,30,grassland
NPDB,0281847,NA,NA,FALSE,50,built-up
NPDB,0281848,NA,NA,FALSE,40,cropland
NPDB,0281849,NA,NA,FALSE,40,cropland
NPDB,0281850,NA,NA,FALSE,30,grassland
NPDB,0281851,NA,NA,FALSE,30,grassland
NPDB,0281852,NA,NA,FALSE,10,tree cover
NPDB,0281853,NA,NA,FALSE,30,grassland
NPDB,0281854,180,non-wetland,FALSE,80,permanent water
NPDB,0281855,181,permanent water,FALSE,20,shrubland
NPDB,0281856,NA,NA,FALSE,20,shrubland
NPDB,0281857,181,permanent water,FALSE,20,shrubland
NPDB,0281858,181,permanent water,FALSE,90,herbaceous wetland
NPDB,0281859,181,permanent water,FALSE,20,shrubland
NPDB,0281860,181,permanent water,FALSE,20,shrubland
NPDB,0281861,NA,NA,FALSE,10,tree cover
NPDB,0281862,NA,NA,FALSE,10,tree cover
NPDB,0281863,NA,NA,FALSE,10,tree cover
NPDB,0281864,NA,NA,FALSE,30,grassland
NPDB,0281865,NA,NA,FALSE,10,tree cover
NPDB,0281866,NA,NA,FALSE,10,tree cover
NPDB,0281867,NA,NA,FALSE,10,tree cover
NPDB,0281868,NA,NA,FALSE,10,tree cover
NPDB,0281869,NA,NA,FALSE,10,tree cover
NPDB,0281870,NA,NA,FALSE,10,tree cover
NPDB,0281871,NA,NA,FALSE,10,tree cover
NPDB,0281872,180,non-wetland,FALSE,80,permanent water
NPDB,0281873,NA,NA,FALSE,10,tree cover
NPDB,0281874,NA,NA,FALSE,30,grassland
NPDB,0281875,NA,NA,FALSE,10,tree cover
NPDB,0281876,NA,NA,FALSE,10,tree cover
NPDB,0281877,NA,NA,FALSE,10,tree cover
NPDB,0281878,NA,NA,FALSE,10,tree cover
NPDB,0281879,NA,NA,FALSE,10,tree cover
NPDB,0281880,NA,NA,FALSE,40,cropland
NPDB,0281881,NA,NA,FALSE,10,tree cover
NPDB,0281882,NA,NA,FALSE,10,tree cover
NPDB,0281883,NA,NA,FALSE,30,grassland
NPDB,0281884,NA,NA,FALSE,10,tree cover
NPDB,0281885,180,non-wetland,FALSE,80,permanent water
NPDB,0281886,NA,NA,FALSE,10,tree cover
NPDB,0281887,NA,NA,FALSE,10,tree cover
NPDB,0281888,NA,NA,FALSE,50,built-up
NPDB,0281889,NA,NA,FALSE,30,grassland
NPDB,0281890,180,non-wetland,FALSE,80,permanent water
NPDB,0281891,NA,NA,FALSE,10,tree cover
NPDB,0281893,NA,NA,FALSE,10,tree cover
NPDB,0281894,NA,NA,FALSE,80,permanent water
NPDB,0281896,NA,NA,FALSE,10,tree cover
NPDB,0281897,NA,NA,FALSE,10,tree cover
NPDB,0281898,NA,NA,FALSE,30,grassland
NPDB,0281899,NA,NA,FALSE,10,tree cover
NPDB,0281900,NA,NA,FALSE,10,tree cover
NPDB,0281901,NA,NA,FALSE,10,tree cover
NPDB,0281902,NA,NA,FALSE,10,tree cover
NPDB,0281903,NA,NA,FALSE,30,grassland
NPDB,0281905,NA,NA,FALSE,30,grassland
NPDB,0281906,NA,NA,FALSE,10,tree cover
NPDB,0281907,NA,NA,FALSE,30,grassland
NPDB,0281908,NA,NA,FALSE,10,tree cover
NPDB,0281916,NA,NA,FALSE,10,tree cover
NPDB,0281919,NA,NA,FALSE,10,tree cover
NPDB,0281922,NA,NA,FALSE,30,grassland
NPDB,0281923,NA,NA,FALSE,10,tree cover
NPDB,0281924,NA,NA,FALSE,10,tree cover
NPDB,0281925,NA,NA,FALSE,30,grassland
NPDB,0281926,NA,NA,FALSE,30,grassland
NPDB,0281927,NA,NA,FALSE,30,grassland
NPDB,0281929,NA,NA,FALSE,10,tree cover
NPDB,0281930,NA,NA,FALSE,30,grassland
NPDB,0281931,NA,NA,FALSE,10,tree cover
NPDB,0281932,NA,NA,FALSE,30,grassland
NPDB,0281933,NA,NA,FALSE,30,grassland
NPDB,0281934,NA,NA,FALSE,10,tree cover
NPDB,0281935,NA,NA,FALSE,10,tree cover
NPDB,0281936,NA,NA,FALSE,10,tree cover
NPDB,0281937,NA,NA,FALSE,10,tree cover
NPDB,0281938,NA,NA,FALSE,30,grassland
NPDB,0281939,NA,NA,FALSE,30,grassland
NPDB,0281941,NA,NA,FALSE,40,cropland
NPDB,0281942,NA,NA,FALSE,30,grassland
NPDB,0281943,NA,NA,FALSE,30,grassland
NPDB,0281944,NA,NA,FALSE,30,grassland
NPDB,0281945,NA,NA,FALSE,10,tree cover
NPDB,0281946,NA,NA,FALSE,30,grassland
NPDB,0281947,NA,NA,FALSE,40,cropland
NPDB,0281948,NA,NA,FALSE,10,tree cover
NPDB,0281949,NA,NA,FALSE,30,grassland
NPDB,0281950,NA,NA,FALSE,30,grassland
NPDB,0281952,NA,NA,FALSE,30,grassland
NPDB,0281953,NA,NA,FALSE,30,grassland
NPDB,0281954,NA,NA,FALSE,10,tree cover
NPDB,0281955,NA,NA,FALSE,10,tree cover
NPDB,0281956,NA,NA,FALSE,40,cropland
NPDB,0281957,NA,NA,FALSE,30,grassland
NPDB,0281959,NA,NA,FALSE,10,tree cover
NPDB,0281962,NA,NA,FALSE,10,tree cover
NPDB,0281975,NA,NA,FALSE,10,tree cover
NPDB,0281976,NA,NA,FALSE,10,tree cover
NPDB,0281977,NA,NA,FALSE,10,tree cover
NPDB,0281978,NA,NA,FALSE,10,tree cover
NPDB,0281979,NA,NA,FALSE,60,bare/sparse
NPDB,0281980,NA,NA,FALSE,100,moss and lichen
NPDB,0281982,NA,NA,FALSE,10,tree cover
NPDB,0281983,NA,NA,FALSE,10,tree cover
NPDB,0281984,NA,NA,FALSE,10,tree cover
NPDB,0281985,NA,NA,FALSE,10,tree cover
NPDB,0281986,NA,NA,FALSE,10,tree cover
NPDB,0281987,NA,NA,FALSE,10,tree cover
NPDB,0281988,NA,NA,FALSE,30,grassland
NPDB,0281989,NA,NA,FALSE,30,grassland
NPDB,0281990,NA,NA,FALSE,30,grassland
NPDB,0281991,NA,NA,FALSE,10,tree cover
NPDB,0281992,NA,NA,FALSE,10,tree cover
NPDB,0281993,NA,NA,FALSE,10,tree cover
NPDB,0281995,NA,NA,FALSE,10,tree cover
NPDB,0281996,NA,NA,FALSE,10,tree cover
NPDB,0281997,NA,NA,FALSE,10,tree cover
NPDB,0281998,NA,NA,FALSE,10,tree cover
NPDB,0282000,NA,NA,FALSE,10,tree cover
NPDB,0282001,NA,NA,FALSE,10,tree cover
NPDB,0282002,NA,NA,FALSE,50,built-up
NPDB,0282005,NA,NA,FALSE,80,permanent water
NPDB,0282006,NA,NA,FALSE,10,tree cover
NPDB,0282007,NA,NA,FALSE,10,tree cover
NPDB,0282008,NA,NA,FALSE,10,tree cover
NPDB,0282009,NA,NA,FALSE,10,tree cover
NPDB,0282010,NA,NA,FALSE,10,tree cover
NPDB,0282014,NA,NA,FALSE,10,tree cover
NPDB,0282017,NA,NA,FALSE,10,tree cover
NPDB,0282023,NA,NA,FALSE,10,tree cover
NPDB,0282025,NA,NA,FALSE,30,grassland
NPDB,0282037,NA,NA,FALSE,10,tree cover
NPDB,0282047,NA,NA,FALSE,30,grassland
NPDB,0282058,NA,NA,FALSE,10,tree cover
NPDB,0282059,NA,NA,FALSE,30,grassland
NPDB,0282067,NA,NA,FALSE,10,tree cover
NPDB,0282069,NA,NA,FALSE,10,tree cover
NPDB,0282080,NA,NA,FALSE,10,tree cover
NPDB,0282082,NA,NA,FALSE,40,cropland
NPDB,0282083,NA,NA,FALSE,40,cropland
NPDB,0282084,NA,NA,FALSE,40,cropland
NPDB,0282085,NA,NA,FALSE,40,cropland
NPDB,0282086,NA,NA,FALSE,40,cropland
NPDB,0282087,NA,NA,FALSE,30,grassland
NPDB,0282088,NA,NA,FALSE,10,tree cover
NPDB,0282089,NA,NA,FALSE,30,grassland
NPDB,0282090,NA,NA,FALSE,10,tree cover
NPDB,0282092,NA,NA,FALSE,10,tree cover
NPDB,0282094,NA,NA,FALSE,10,tree cover
NPDB,0282095,NA,NA,FALSE,10,tree cover
NPDB,0282099,NA,NA,FALSE,10,tree cover
NPDB,0282105,NA,NA,FALSE,10,tree cover
NPDB,0282109,NA,NA,FALSE,10,tree cover
NPDB,0282113,NA,NA,FALSE,10,tree cover
NPDB,0282119,NA,NA,FALSE,10,tree cover
NPDB,0282120,NA,NA,FALSE,10,tree cover
NPDB,0282128,NA,NA,FALSE,30,grassland
NPDB,0282129,NA,NA,FALSE,10,tree cover
NPDB,0282132,NA,NA,FALSE,10,tree cover
NPDB,0282134,NA,NA,FALSE,10,tree cover
NPDB,0282136,NA,NA,FALSE,10,tree cover
NPDB,0282139,NA,NA,FALSE,10,tree cover
NPDB,0282145,NA,NA,FALSE,10,tree cover
NPDB,0282147,NA,NA,FALSE,10,tree cover
NPDB,0282158,NA,NA,FALSE,10,tree cover
NPDB,0282169,NA,NA,FALSE,10,tree cover
NPDB,0282191,NA,NA,FALSE,10,tree cover
NPDB,0282235,NA,NA,FALSE,30,grassland
NPDB,0282258,NA,NA,FALSE,10,tree cover
NPDB,0282291,NA,NA,FALSE,10,tree cover
NPDB,0282302,NA,NA,FALSE,10,tree cover
NPDB,0282313,NA,NA,FALSE,30,grassland
NPDB,0282324,NA,NA,FALSE,10,tree cover
NPDB,0282346,NA,NA,FALSE,10,tree cover
NPDB,0282357,NA,NA,FALSE,30,grassland
NPDB,0282368,NA,NA,FALSE,10,tree cover
NPDB,0282369,NA,NA,FALSE,30,grassland
NPDB,0282380,NA,NA,FALSE,10,tree cover
NPDB,0282391,NA,NA,FALSE,10,tree cover
NPDB,0282413,NA,NA,FALSE,10,tree cover
NPDB,0282424,NA,NA,FALSE,10,tree cover
NPDB,0282434,NA,NA,FALSE,10,tree cover
NPDB,0282445,NA,NA,FALSE,10,tree cover
NPDB,0282456,NA,NA,FALSE,10,tree cover
NPDB,0282467,NA,NA,FALSE,10,tree cover
NPDB,0282478,NA,NA,FALSE,10,tree cover
NPDB,0282479,NA,NA,FALSE,10,tree cover
NPDB,0282489,NA,NA,FALSE,10,tree cover
NPDB,0282500,NA,NA,FALSE,10,tree cover
NPDB,0282511,NA,NA,FALSE,10,tree cover
NPDB,0282518,NA,NA,FALSE,10,tree cover
NPDB,0282519,NA,NA,FALSE,10,tree cover
NPDB,0282520,NA,NA,FALSE,30,grassland
NPDB,0282521,NA,NA,FALSE,10,tree cover
NPDB,0282522,NA,NA,FALSE,10,tree cover
NPDB,0282523,NA,NA,FALSE,10,tree cover
NPDB,0282524,NA,NA,FALSE,10,tree cover
NPDB,0282525,NA,NA,FALSE,100,moss and lichen
NPDB,0282526,NA,NA,FALSE,10,tree cover
NPDB,0282527,NA,NA,FALSE,30,grassland
NPDB,0282528,NA,NA,FALSE,10,tree cover
NPDB,0282530,NA,NA,FALSE,30,grassland
NPDB,0282531,NA,NA,FALSE,10,tree cover
NPDB,0282532,NA,NA,FALSE,10,tree cover
NPDB,0282533,NA,NA,FALSE,10,tree cover
NPDB,0282536,NA,NA,FALSE,10,tree cover
NPDB,0282537,NA,NA,FALSE,30,grassland
NPDB,0282538,NA,NA,FALSE,10,tree cover
NPDB,0282539,NA,NA,FALSE,10,tree cover
NPDB,0282540,NA,NA,FALSE,10,tree cover
NPDB,0282541,NA,NA,FALSE,10,tree cover
NPDB,0282542,NA,NA,FALSE,10,tree cover
NPDB,0282543,NA,NA,FALSE,10,tree cover
NPDB,0282544,NA,NA,FALSE,10,tree cover
NPDB,0282545,NA,NA,FALSE,10,tree cover
NPDB,0282546,NA,NA,FALSE,20,shrubland
NPDB,0282547,NA,NA,FALSE,10,tree cover
NPDB,0282548,NA,NA,FALSE,30,grassland
NPDB,0282550,NA,NA,FALSE,10,tree cover
NPDB,0282551,NA,NA,FALSE,10,tree cover
NPDB,0282552,NA,NA,FALSE,10,tree cover
NPDB,0282554,NA,NA,FALSE,30,grassland
NPDB,0282555,NA,NA,FALSE,10,tree cover
NPDB,0282556,NA,NA,FALSE,10,tree cover
NPDB,0282557,NA,NA,FALSE,10,tree cover
NPDB,0282559,NA,NA,FALSE,10,tree cover
NPDB,0282560,NA,NA,FALSE,10,tree cover
NPDB,0282562,NA,NA,FALSE,10,tree cover
NPDB,0282564,NA,NA,FALSE,10,tree cover
NPDB,0282565,NA,NA,FALSE,10,tree cover
NPDB,0282566,NA,NA,FALSE,10,tree cover
NPDB,0282567,NA,NA,FALSE,10,tree cover
NPDB,0282568,NA,NA,FALSE,10,tree cover
NPDB,0282570,NA,NA,FALSE,10,tree cover
NPDB,0282571,NA,NA,FALSE,10,tree cover
NPDB,0282572,NA,NA,FALSE,10,tree cover
NPDB,0282573,NA,NA,FALSE,10,tree cover
NPDB,0282574,NA,NA,FALSE,10,tree cover
NPDB,0282575,NA,NA,FALSE,10,tree cover
NPDB,0282576,NA,NA,FALSE,10,tree cover
NPDB,0282577,NA,NA,FALSE,10,tree cover
NPDB,0282578,NA,NA,FALSE,10,tree cover
NPDB,0282579,NA,NA,FALSE,10,tree cover
NPDB,0282580,NA,NA,FALSE,30,grassland
NPDB,0282581,NA,NA,FALSE,10,tree cover
NPDB,0282582,NA,NA,FALSE,10,tree cover
NPDB,0282584,NA,NA,FALSE,30,grassland
NPDB,0282585,NA,NA,FALSE,10,tree cover
NPDB,0282586,NA,NA,FALSE,10,tree cover
NPDB,0282587,NA,NA,FALSE,30,grassland
NPDB,0282588,NA,NA,FALSE,30,grassland
NPDB,0282589,NA,NA,FALSE,10,tree cover
NPDB,0282590,NA,NA,FALSE,10,tree cover
NPDB,0282591,180,non-wetland,FALSE,80,permanent water
NPDB,0282592,NA,NA,FALSE,30,grassland
NPDB,0282593,NA,NA,FALSE,10,tree cover
NPDB,0282594,NA,NA,FALSE,10,tree cover
NPDB,0282595,NA,NA,FALSE,10,tree cover
NPDB,0282596,NA,NA,FALSE,10,tree cover
NPDB,0282597,NA,NA,FALSE,10,tree cover
NPDB,0282598,NA,NA,FALSE,10,tree cover
NPDB,0282599,NA,NA,FALSE,30,grassland
NPDB,0282600,NA,NA,FALSE,10,tree cover
NPDB,0282601,NA,NA,FALSE,10,tree cover
NPDB,0282602,NA,NA,FALSE,10,tree cover
NPDB,0282603,NA,NA,FALSE,40,cropland
NPDB,0282604,NA,NA,FALSE,40,cropland
NPDB,0282605,NA,NA,FALSE,40,cropland
NPDB,0282606,NA,NA,FALSE,40,cropland
NPDB,0282607,NA,NA,FALSE,40,cropland
NPDB,0282608,NA,NA,FALSE,10,tree cover
NPDB,0282609,NA,NA,FALSE,10,tree cover
NPDB,0282610,NA,NA,FALSE,10,tree cover
NPDB,0282611,NA,NA,FALSE,10,tree cover
NPDB,0282612,NA,NA,FALSE,80,permanent water
NPDB,0282613,NA,NA,FALSE,10,tree cover
NPDB,0282614,NA,NA,FALSE,10,tree cover
NPDB,0282615,NA,NA,FALSE,10,tree cover
NPDB,0282616,NA,NA,FALSE,10,tree cover
NPDB,0282617,NA,NA,FALSE,10,tree cover
NPDB,0282618,NA,NA,FALSE,10,tree cover
NPDB,0282619,NA,NA,FALSE,10,tree cover
NPDB,0282620,NA,NA,FALSE,10,tree cover
NPDB,0282621,NA,NA,FALSE,10,tree cover
NPDB,0282622,NA,NA,FALSE,10,tree cover
NPDB,0282623,NA,NA,FALSE,30,grassland
NPDB,0282624,NA,NA,FALSE,10,tree cover
NPDB,0282625,NA,NA,FALSE,40,cropland
NPDB,0282626,NA,NA,FALSE,40,cropland
NPDB,0282627,NA,NA,FALSE,30,grassland
NPDB,0282628,NA,NA,FALSE,10,tree cover
NPDB,0282629,NA,NA,FALSE,10,tree cover
NPDB,0282630,NA,NA,FALSE,10,tree cover
NPDB,0282631,NA,NA,FALSE,40,cropland
NPDB,0282632,NA,NA,FALSE,40,cropland
NPDB,0282633,NA,NA,FALSE,40,cropland
NPDB,0282635,NA,NA,FALSE,10,tree cover
NPDB,0282636,NA,NA,FALSE,10,tree cover
NPDB,0282637,181,permanent water,FALSE,10,tree cover
NPDB,0282638,NA,NA,FALSE,30,grassland
NPDB,0282639,NA,NA,FALSE,10,tree cover
NPDB,0282640,NA,NA,FALSE,10,tree cover
NPDB,0282641,NA,NA,FALSE,40,cropland
NPDB,0282642,NA,NA,FALSE,10,tree cover
NPDB,0282643,NA,NA,FALSE,10,tree cover
NPDB,0282645,NA,NA,FALSE,10,tree cover
NPDB,0282646,NA,NA,FALSE,10,tree cover
NPDB,0282648,NA,NA,FALSE,10,tree cover
NPDB,0282649,NA,NA,FALSE,10,tree cover
NPDB,0282650,NA,NA,FALSE,10,tree cover
NPDB,0282651,NA,NA,FALSE,10,tree cover
NPDB,0282652,NA,NA,FALSE,10,tree cover
NPDB,0282653,NA,NA,FALSE,30,grassland
NPDB,0282654,NA,NA,FALSE,10,tree cover
NPDB,0282655,NA,NA,FALSE,30,grassland
NPDB,0282656,NA,NA,FALSE,10,tree cover
NPDB,0282657,NA,NA,FALSE,30,grassland
NPDB,0282658,NA,NA,FALSE,10,tree cover
NPDB,0282659,NA,NA,FALSE,10,tree cover
NPDB,0282660,181,permanent water,FALSE,20,shrubland
NPDB,0282661,NA,NA,FALSE,10,tree cover
NPDB,0282662,NA,NA,FALSE,30,grassland
NPDB,0282663,NA,NA,FALSE,10,tree cover
NPDB,0282664,NA,NA,FALSE,40,cropland
NPDB,0282666,NA,NA,FALSE,40,cropland
NPDB,0282667,NA,NA,FALSE,10,tree cover
NPDB,0282668,NA,NA,FALSE,10,tree cover
NPDB,0282669,NA,NA,FALSE,30,grassland
NPDB,0282672,180,non-wetland,FALSE,80,permanent water
NPDB,0282676,180,non-wetland,FALSE,80,permanent water
NPDB,0282679,NA,NA,FALSE,10,tree cover
NPDB,0282680,NA,NA,FALSE,100,moss and lichen
NPDB,0282684,NA,NA,FALSE,30,grassland
NPDB,0282685,NA,NA,FALSE,10,tree cover
NPDB,0282688,NA,NA,FALSE,10,tree cover
NPDB,0282690,NA,NA,FALSE,10,tree cover
NPDB,0282692,NA,NA,FALSE,10,tree cover
NPDB,0282694,NA,NA,FALSE,10,tree cover
NPDB,0282695,NA,NA,FALSE,30,grassland
NPDB,0282696,NA,NA,FALSE,10,tree cover
NPDB,0282698,181,permanent water,FALSE,30,grassland
NPDB,0282699,NA,NA,FALSE,10,tree cover
NPDB,0282701,NA,NA,FALSE,30,grassland
NPDB,0282702,NA,NA,FALSE,30,grassland
NPDB,0282703,NA,NA,FALSE,10,tree cover
NPDB,0282704,NA,NA,FALSE,10,tree cover
NPDB,0282707,NA,NA,FALSE,10,tree cover
NPDB,0282708,NA,NA,FALSE,10,tree cover
NPDB,0282709,NA,NA,FALSE,10,tree cover
NPDB,0282710,182,swamp,TRUE,30,grassland
NPDB,0282712,NA,NA,FALSE,10,tree cover
NPDB,0282713,NA,NA,FALSE,10,tree cover
NPDB,0282714,NA,NA,FALSE,10,tree cover
NPDB,0282715,NA,NA,FALSE,10,tree cover
NPDB,0282717,NA,NA,FALSE,10,tree cover
NPDB,0282718,NA,NA,FALSE,10,tree cover
NPDB,0282719,NA,NA,FALSE,60,bare/sparse
NPDB,0282720,NA,NA,FALSE,30,grassland
NPDB,0282721,NA,NA,FALSE,10,tree cover
NPDB,0282723,NA,NA,FALSE,10,tree cover
NPDB,0282724,NA,NA,FALSE,10,tree cover
NPDB,0282725,NA,NA,FALSE,10,tree cover
NPDB,0282726,NA,NA,FALSE,80,permanent water
NPDB,0282727,181,permanent water,FALSE,30,grassland
NPDB,0282729,NA,NA,FALSE,10,tree cover
NPDB,0282730,NA,NA,FALSE,10,tree cover
NPDB,0282732,NA,NA,FALSE,10,tree cover
NPDB,0282734,181,permanent water,FALSE,10,tree cover
NPDB,0282739,180,non-wetland,FALSE,80,permanent water
NPDB,0282741,NA,NA,FALSE,10,tree cover
NPDB,0282743,NA,NA,FALSE,20,shrubland
NPDB,0282744,NA,NA,FALSE,10,tree cover
NPDB,0282746,NA,NA,FALSE,10,tree cover
NPDB,0282748,NA,NA,FALSE,10,tree cover
NPDB,0282750,NA,NA,FALSE,10,tree cover
NPDB,0282753,NA,NA,FALSE,10,tree cover
NPDB,0282754,NA,NA,FALSE,10,tree cover
NPDB,0282759,NA,NA,FALSE,10,tree cover
NPDB,0282760,NA,NA,FALSE,10,tree cover
NPDB,0282761,NA,NA,FALSE,10,tree cover
NPDB,0282762,NA,NA,FALSE,10,tree cover
NPDB,0282763,NA,NA,FALSE,10,tree cover
NPDB,0282764,NA,NA,FALSE,100,moss and lichen
NPDB,0282766,181,permanent water,FALSE,30,grassland
NPDB,0282772,NA,NA,FALSE,10,tree cover
NPDB,0282775,NA,NA,FALSE,10,tree cover
NPDB,0282776,NA,NA,FALSE,50,built-up
NPDB,0282777,NA,NA,FALSE,30,grassland
NPDB,0282778,NA,NA,FALSE,10,tree cover
NPDB,0282779,NA,NA,FALSE,10,tree cover
NPDB,0282780,NA,NA,FALSE,10,tree cover
NPDB,0282782,NA,NA,FALSE,10,tree cover
NPDB,0282783,NA,NA,FALSE,30,grassland
NPDB,0282784,NA,NA,FALSE,40,cropland
NPDB,0282785,NA,NA,FALSE,10,tree cover
NPDB,0282786,NA,NA,FALSE,10,tree cover
NPDB,0282787,NA,NA,FALSE,30,grassland
NPDB,0282788,NA,NA,FALSE,10,tree cover
NPDB,0282789,NA,NA,FALSE,10,tree cover
NPDB,0282790,NA,NA,FALSE,10,tree cover
NPDB,0282794,NA,NA,FALSE,10,tree cover
NPDB,0282795,NA,NA,FALSE,30,grassland
NPDB,0282796,NA,NA,FALSE,30,grassland
NPDB,0282797,NA,NA,FALSE,100,moss and lichen
NPDB,0282799,NA,NA,FALSE,10,tree cover
NPDB,0282800,NA,NA,FALSE,10,tree cover
NPDB,0282802,NA,NA,FALSE,10,tree cover
NPDB,0282804,NA,NA,FALSE,10,tree cover
NPDB,0282811,NA,NA,FALSE,40,cropland
NPDB,0282813,NA,NA,FALSE,10,tree cover
NPDB,0282814,NA,NA,FALSE,10,tree cover
NPDB,0282816,NA,NA,FALSE,10,tree cover
NPDB,0282817,NA,NA,FALSE,10,tree cover
NPDB,0282818,NA,NA,FALSE,10,tree cover
NPDB,0282821,NA,NA,FALSE,30,grassland
NPDB,0282822,NA,NA,FALSE,10,tree cover
NPDB,0282824,NA,NA,FALSE,10,tree cover
NPDB,0282825,NA,NA,FALSE,10,tree cover
NPDB,0282826,180,non-wetland,FALSE,80,permanent water
NPDB,0282827,NA,NA,FALSE,10,tree cover
NPDB,0282828,NA,NA,FALSE,10,tree cover
NPDB,0282829,NA,NA,FALSE,10,tree cover
NPDB,0282830,NA,NA,FALSE,30,grassland
NPDB,0282831,NA,NA,FALSE,10,tree cover
NPDB,0282832,NA,NA,FALSE,10,tree cover
NPDB,0282833,NA,NA,FALSE,10,tree cover
NPDB,0282834,NA,NA,FALSE,10,tree cover
NPDB,0282835,NA,NA,FALSE,30,grassland
NPDB,0282836,NA,NA,FALSE,10,tree cover
NPDB,0282837,NA,NA,FALSE,10,tree cover
NPDB,0282838,NA,NA,FALSE,10,tree cover
NPDB,0282839,NA,NA,FALSE,10,tree cover
NPDB,0282840,NA,NA,FALSE,10,tree cover
NPDB,0282841,NA,NA,FALSE,10,tree cover
NPDB,0282843,180,non-wetland,FALSE,10,tree cover
NPDB,0282844,180,non-wetland,FALSE,80,permanent water
NPDB,0282845,180,non-wetland,FALSE,80,permanent water
NPDB,0282847,NA,NA,FALSE,10,tree cover
NPDB,0282848,NA,NA,FALSE,40,cropland
NPDB,0282849,NA,NA,FALSE,40,cropland
NPDB,0282850,NA,NA,FALSE,10,tree cover
NPDB,0282851,NA,NA,FALSE,10,tree cover
NPDB,0282852,NA,NA,FALSE,10,tree cover
NPDB,0282853,NA,NA,FALSE,10,tree cover
NPDB,0282854,NA,NA,FALSE,10,tree cover
NPDB,0282855,NA,NA,FALSE,30,grassland
NPDB,0282856,NA,NA,FALSE,10,tree cover
NPDB,0282857,NA,NA,FALSE,30,grassland
NPDB,0282858,NA,NA,FALSE,10,tree cover
NPDB,0282859,NA,NA,FALSE,10,tree cover
NPDB,0282860,NA,NA,FALSE,10,tree cover
NPDB,0282861,NA,NA,FALSE,10,tree cover
NPDB,0282862,NA,NA,FALSE,10,tree cover
NPDB,0282863,NA,NA,FALSE,10,tree cover
NPDB,0282864,NA,NA,FALSE,10,tree cover
NPDB,0282865,180,non-wetland,FALSE,80,permanent water
NPDB,0282866,NA,NA,FALSE,10,tree cover
NPDB,0282867,NA,NA,FALSE,10,tree cover
NPDB,0282868,NA,NA,FALSE,40,cropland
NPDB,0282869,NA,NA,FALSE,10,tree cover
NPDB,0282870,NA,NA,FALSE,10,tree cover
NPDB,0282871,NA,NA,FALSE,10,tree cover
NPDB,0282872,NA,NA,FALSE,10,tree cover
NPDB,0282873,NA,NA,FALSE,30,grassland
NPDB,0282874,NA,NA,FALSE,10,tree cover
NPDB,0282875,NA,NA,FALSE,10,tree cover
NPDB,0282877,NA,NA,FALSE,10,tree cover
NPDB,0282879,NA,NA,FALSE,40,cropland
NPDB,0282880,NA,NA,FALSE,10,tree cover
NPDB,0282881,NA,NA,FALSE,10,tree cover
NPDB,0282882,NA,NA,FALSE,10,tree cover
NPDB,0282883,NA,NA,FALSE,10,tree cover
NPDB,0282884,NA,NA,FALSE,10,tree cover
NPDB,0282885,NA,NA,FALSE,10,tree cover
NPDB,0282886,NA,NA,FALSE,10,tree cover
NPDB,0282887,NA,NA,FALSE,40,cropland
NPDB,0282888,NA,NA,FALSE,30,grassland
NPDB,0282889,NA,NA,FALSE,10,tree cover
NPDB,0282890,NA,NA,FALSE,10,tree cover
NPDB,0282891,NA,NA,FALSE,10,tree cover
NPDB,0282892,NA,NA,FALSE,90,herbaceous wetland
NPDB,0282893,181,permanent water,FALSE,10,tree cover
NPDB,0282894,NA,NA,FALSE,10,tree cover
NPDB,0282895,NA,NA,FALSE,10,tree cover
NPDB,0282896,NA,NA,FALSE,10,tree cover
NPDB,0282897,NA,NA,FALSE,30,grassland
NPDB,0282898,180,non-wetland,FALSE,80,permanent water
NPDB,0282899,NA,NA,FALSE,10,tree cover
NPDB,0282900,NA,NA,FALSE,10,tree cover
NPDB,0282901,NA,NA,FALSE,10,tree cover
NPDB,0282902,NA,NA,FALSE,10,tree cover
NPDB,0282903,181,permanent water,FALSE,10,tree cover
NPDB,0282904,180,non-wetland,FALSE,80,permanent water
NPDB,0282905,NA,NA,FALSE,10,tree cover
NPDB,0282906,NA,NA,FALSE,10,tree cover
NPDB,0282907,NA,NA,FALSE,10,tree cover
NPDB,0282908,NA,NA,FALSE,10,tree cover
NPDB,0282909,NA,NA,FALSE,10,tree cover
NPDB,0282910,NA,NA,FALSE,30,grassland
NPDB,0282911,NA,NA,FALSE,10,tree cover
NPDB,0282912,NA,NA,FALSE,10,tree cover
NPDB,0282913,NA,NA,FALSE,10,tree cover
NPDB,0282914,NA,NA,FALSE,10,tree cover
NPDB,0282915,NA,NA,FALSE,10,tree cover
NPDB,0282916,NA,NA,FALSE,10,tree cover
NPDB,0282917,NA,NA,FALSE,10,tree cover
NPDB,0282918,NA,NA,FALSE,10,tree cover
NPDB,0282919,NA,NA,FALSE,10,tree cover
NPDB,0282920,NA,NA,FALSE,10,tree cover
NPDB,0282921,NA,NA,FALSE,10,tree cover
NPDB,0282922,NA,NA,FALSE,40,cropland
NPDB,0282923,NA,NA,FALSE,10,tree cover
NPDB,0282924,NA,NA,FALSE,10,tree cover
NPDB,0282925,NA,NA,FALSE,10,tree cover
NPDB,0282926,NA,NA,FALSE,10,tree cover
NPDB,0282927,180,non-wetland,FALSE,80,permanent water
NPDB,0282928,NA,NA,FALSE,10,tree cover
NPDB,0282929,NA,NA,FALSE,10,tree cover
NPDB,0282930,NA,NA,FALSE,10,tree cover
NPDB,0282931,NA,NA,FALSE,30,grassland
NPDB,0282932,NA,NA,FALSE,10,tree cover
NPDB,0282934,NA,NA,FALSE,20,shrubland
NPDB,0282936,NA,NA,FALSE,10,tree cover
NPDB,0282940,NA,NA,FALSE,10,tree cover
NPDB,0282941,NA,NA,FALSE,10,tree cover
NPDB,0282943,NA,NA,FALSE,10,tree cover
NPDB,0282945,NA,NA,FALSE,10,tree cover
NPDB,0282949,NA,NA,FALSE,10,tree cover
NPDB,0282950,NA,NA,FALSE,10,tree cover
NPDB,0282951,NA,NA,FALSE,30,grassland
NPDB,0282952,NA,NA,FALSE,10,tree cover
NPDB,0282953,180,non-wetland,FALSE,80,permanent water
NPDB,0282954,NA,NA,FALSE,10,tree cover
NPDB,0282955,180,non-wetland,FALSE,80,permanent water
NPDB,0282956,180,non-wetland,FALSE,80,permanent water
NPDB,0282957,NA,NA,FALSE,10,tree cover
NPDB,0282959,NA,NA,FALSE,10,tree cover
NPDB,0282960,NA,NA,FALSE,10,tree cover
NPDB,0282961,NA,NA,FALSE,10,tree cover
NPDB,0282964,NA,NA,FALSE,10,tree cover
NPDB,0282966,NA,NA,FALSE,10,tree cover
NPDB,0282967,NA,NA,FALSE,10,tree cover
NPDB,0282969,NA,NA,FALSE,10,tree cover
NPDB,0282977,NA,NA,FALSE,10,tree cover
NPDB,0282978,NA,NA,FALSE,10,tree cover
NPDB,0282979,180,non-wetland,FALSE,80,permanent water
NPDB,0282984,NA,NA,FALSE,30,grassland
NPDB,0282985,NA,NA,FALSE,10,tree cover
NPDB,0282986,NA,NA,FALSE,10,tree cover
NPDB,0282988,NA,NA,FALSE,10,tree cover
NPDB,0282989,181,permanent water,FALSE,30,grassland
NPDB,0282992,NA,NA,FALSE,10,tree cover
NPDB,0282993,180,non-wetland,FALSE,80,permanent water
NPDB,0282994,NA,NA,FALSE,80,permanent water
NPDB,0282995,NA,NA,FALSE,10,tree cover
NPDB,0282996,NA,NA,FALSE,10,tree cover
NPDB,0282997,NA,NA,FALSE,30,grassland
NPDB,0283000,NA,NA,FALSE,10,tree cover
NPDB,0283002,NA,NA,FALSE,10,tree cover
NPDB,0283003,NA,NA,FALSE,10,tree cover
NPDB,0283004,NA,NA,FALSE,10,tree cover
NPDB,0283005,NA,NA,FALSE,10,tree cover
NPDB,0283006,NA,NA,FALSE,10,tree cover
NPDB,0283007,180,non-wetland,FALSE,80,permanent water
NPDB,0283008,NA,NA,FALSE,10,tree cover
NPDB,0283009,NA,NA,FALSE,10,tree cover
NPDB,0283011,NA,NA,FALSE,10,tree cover
NPDB,0283013,NA,NA,FALSE,10,tree cover
NPDB,0283015,NA,NA,FALSE,20,shrubland
NPDB,0283016,NA,NA,FALSE,10,tree cover
NPDB,0283017,NA,NA,FALSE,10,tree cover
NPDB,0283018,NA,NA,FALSE,10,tree cover
NPDB,0283019,NA,NA,FALSE,10,tree cover
NPDB,0283021,NA,NA,FALSE,10,tree cover
NPDB,0283022,NA,NA,FALSE,10,tree cover
NPDB,0283023,NA,NA,FALSE,10,tree cover
NPDB,0283026,NA,NA,FALSE,10,tree cover
NPDB,0283029,NA,NA,FALSE,10,tree cover
NPDB,0283030,NA,NA,FALSE,10,tree cover
NPDB,0283031,NA,NA,FALSE,10,tree cover
NPDB,0283032,NA,NA,FALSE,10,tree cover
NPDB,0283033,NA,NA,FALSE,30,grassland
NPDB,0283034,NA,NA,FALSE,10,tree cover
NPDB,0283035,NA,NA,FALSE,30,grassland
NPDB,0283039,NA,NA,FALSE,10,tree cover
NPDB,0283040,NA,NA,FALSE,10,tree cover
NPDB,0283041,181,permanent water,FALSE,10,tree cover
NPDB,0283042,NA,NA,FALSE,10,tree cover
NPDB,0283043,NA,NA,FALSE,10,tree cover
NPDB,0283044,NA,NA,FALSE,30,grassland
NPDB,0283045,NA,NA,FALSE,10,tree cover
NPDB,0283046,NA,NA,FALSE,10,tree cover
NPDB,0283047,NA,NA,FALSE,10,tree cover
NPDB,0283048,NA,NA,FALSE,10,tree cover
NPDB,0283049,NA,NA,FALSE,10,tree cover
NPDB,0283050,NA,NA,FALSE,10,tree cover
NPDB,0283052,NA,NA,FALSE,10,tree cover
NPDB,0283053,NA,NA,FALSE,30,grassland
NPDB,0283054,NA,NA,FALSE,10,tree cover
NPDB,0283056,NA,NA,FALSE,10,tree cover
NPDB,0283057,NA,NA,FALSE,10,tree cover
NPDB,0283059,NA,NA,FALSE,10,tree cover
NPDB,0283060,NA,NA,FALSE,30,grassland
NPDB,0283061,NA,NA,FALSE,30,grassland
NPDB,0283062,NA,NA,FALSE,10,tree cover
NPDB,0283063,NA,NA,FALSE,30,grassland
NPDB,0283064,181,permanent water,FALSE,10,tree cover
NPDB,0283067,NA,NA,FALSE,10,tree cover
NPDB,0283068,NA,NA,FALSE,10,tree cover
NPDB,0283069,NA,NA,FALSE,10,tree cover
NPDB,0283071,NA,NA,FALSE,10,tree cover
NPDB,0283072,NA,NA,FALSE,10,tree cover
NPDB,0283073,NA,NA,FALSE,10,tree cover
NPDB,0283075,NA,NA,FALSE,50,built-up
NPDB,0283076,180,non-wetland,FALSE,80,permanent water
NPDB,0283078,NA,NA,FALSE,10,tree cover
NPDB,0283079,NA,NA,FALSE,10,tree cover
NPDB,0283081,NA,NA,FALSE,10,tree cover
NPDB,0283084,NA,NA,FALSE,10,tree cover
NPDB,0283085,NA,NA,FALSE,10,tree cover
NPDB,0283086,NA,NA,FALSE,10,tree cover
NPDB,0283087,NA,NA,FALSE,10,tree cover
NPDB,0283089,NA,NA,FALSE,10,tree cover
NPDB,0283090,NA,NA,FALSE,10,tree cover
NPDB,0283091,NA,NA,FALSE,30,grassland
NPDB,0283092,NA,NA,FALSE,10,tree cover
NPDB,0283093,NA,NA,FALSE,10,tree cover
NPDB,0283094,NA,NA,FALSE,10,tree cover
NPDB,0283095,NA,NA,FALSE,10,tree cover
NPDB,0283097,NA,NA,FALSE,10,tree cover
NPDB,0283099,NA,NA,FALSE,10,tree cover
NPDB,0283100,NA,NA,FALSE,30,grassland
NPDB,0283101,NA,NA,FALSE,10,tree cover
NPDB,0283102,NA,NA,FALSE,30,grassland
NPDB,0283103,NA,NA,FALSE,10,tree cover
NPDB,0283104,NA,NA,FALSE,10,tree cover
NPDB,0283105,NA,NA,FALSE,10,tree cover
NPDB,0283107,NA,NA,FALSE,10,tree cover
NPDB,0283109,NA,NA,FALSE,10,tree cover
NPDB,0283111,NA,NA,FALSE,10,tree cover
NPDB,0283112,NA,NA,FALSE,10,tree cover
NPDB,0283113,NA,NA,FALSE,10,tree cover
NPDB,0283114,NA,NA,FALSE,10,tree cover
NPDB,0283115,NA,NA,FALSE,10,tree cover
NPDB,0283116,NA,NA,FALSE,10,tree cover
NPDB,0283117,NA,NA,FALSE,10,tree cover
NPDB,0283118,NA,NA,FALSE,10,tree cover
NPDB,0283119,NA,NA,FALSE,10,tree cover
NPDB,0283121,NA,NA,FALSE,10,tree cover
NPDB,0283122,NA,NA,FALSE,10,tree cover
NPDB,0283123,NA,NA,FALSE,10,tree cover
NPDB,0283124,NA,NA,FALSE,10,tree cover
NPDB,0283126,NA,NA,FALSE,10,tree cover
NPDB,0283127,NA,NA,FALSE,10,tree cover
NPDB,0283128,NA,NA,FALSE,10,tree cover
NPDB,0283129,NA,NA,FALSE,10,tree cover
NPDB,0283131,NA,NA,FALSE,10,tree cover
NPDB,0283132,NA,NA,FALSE,10,tree cover
NPDB,0283133,NA,NA,FALSE,10,tree cover
NPDB,0283134,NA,NA,FALSE,10,tree cover
NPDB,0283136,NA,NA,FALSE,10,tree cover
NPDB,0283137,NA,NA,FALSE,10,tree cover
NPDB,0283142,NA,NA,FALSE,10,tree cover
NPDB,0283143,NA,NA,FALSE,10,tree cover
NPDB,0283146,NA,NA,FALSE,10,tree cover
NPDB,0283147,NA,NA,FALSE,10,tree cover
NPDB,0283148,NA,NA,FALSE,10,tree cover
NPDB,0283149,NA,NA,FALSE,10,tree cover
NPDB,0283150,NA,NA,FALSE,10,tree cover
NPDB,0283152,NA,NA,FALSE,10,tree cover
NPDB,0283153,NA,NA,FALSE,10,tree cover
NPDB,0283154,NA,NA,FALSE,10,tree cover
NPDB,0283155,NA,NA,FALSE,100,moss and lichen
NPDB,0283156,NA,NA,FALSE,10,tree cover
NPDB,0283157,NA,NA,FALSE,20,shrubland
NPDB,0283158,NA,NA,FALSE,10,tree cover
NPDB,0283160,NA,NA,FALSE,30,grassland
NPDB,0283161,NA,NA,FALSE,30,grassland
NPDB,0283162,NA,NA,FALSE,10,tree cover
NPDB,0283164,NA,NA,FALSE,10,tree cover
NPDB,0283165,NA,NA,FALSE,10,tree cover
NPDB,0283166,NA,NA,FALSE,10,tree cover
NPDB,0283167,NA,NA,FALSE,10,tree cover
NPDB,0283168,NA,NA,FALSE,10,tree cover
NPDB,0283170,NA,NA,FALSE,10,tree cover
NPDB,0283173,NA,NA,FALSE,10,tree cover
NPDB,0283174,NA,NA,FALSE,10,tree cover
NPDB,0283175,NA,NA,FALSE,50,built-up
NPDB,0283176,NA,NA,FALSE,10,tree cover
NPDB,0283177,NA,NA,FALSE,10,tree cover
NPDB,0283178,NA,NA,FALSE,10,tree cover
NPDB,0283180,NA,NA,FALSE,80,permanent water
NPDB,0283181,NA,NA,FALSE,10,tree cover
NPDB,0283182,NA,NA,FALSE,10,tree cover
NPDB,0283184,NA,NA,FALSE,10,tree cover
NPDB,0283185,NA,NA,FALSE,10,tree cover
NPDB,0283186,NA,NA,FALSE,10,tree cover
NPDB,0283187,NA,NA,FALSE,10,tree cover
NPDB,0283188,NA,NA,FALSE,20,shrubland
NPDB,0283189,NA,NA,FALSE,10,tree cover
NPDB,0283190,181,permanent water,FALSE,10,tree cover
NPDB,0283191,180,non-wetland,FALSE,10,tree cover
NPDB,0283192,NA,NA,FALSE,10,tree cover
NPDB,0283193,NA,NA,FALSE,30,grassland
NPDB,0283194,NA,NA,FALSE,10,tree cover
NPDB,0283195,NA,NA,FALSE,10,tree cover
NPDB,0283196,NA,NA,FALSE,10,tree cover
NPDB,0283197,NA,NA,FALSE,10,tree cover
NPDB,0283198,NA,NA,FALSE,10,tree cover
NPDB,0283199,NA,NA,FALSE,10,tree cover
NPDB,0283200,180,non-wetland,FALSE,80,permanent water
NPDB,0283202,NA,NA,FALSE,10,tree cover
NPDB,0283205,NA,NA,FALSE,10,tree cover
NPDB,0283206,NA,NA,FALSE,10,tree cover
NPDB,0283207,NA,NA,FALSE,10,tree cover
NPDB,0283208,NA,NA,FALSE,10,tree cover
NPDB,0283209,NA,NA,FALSE,10,tree cover
NPDB,0283211,NA,NA,FALSE,10,tree cover
NPDB,0283212,NA,NA,FALSE,10,tree cover
NPDB,0283216,NA,NA,FALSE,10,tree cover
NPDB,0283217,NA,NA,FALSE,10,tree cover
NPDB,0283218,NA,NA,FALSE,10,tree cover
NPDB,0283219,NA,NA,FALSE,10,tree cover
NPDB,0283220,NA,NA,FALSE,10,tree cover
NPDB,0283221,NA,NA,FALSE,10,tree cover
NPDB,0283223,NA,NA,FALSE,10,tree cover
NPDB,0283224,NA,NA,FALSE,10,tree cover
NPDB,0283225,NA,NA,FALSE,10,tree cover
NPDB,0283226,NA,NA,FALSE,10,tree cover
NPDB,0283227,NA,NA,FALSE,10,tree cover
NPDB,0283228,NA,NA,FALSE,10,tree cover
NPDB,0283229,NA,NA,FALSE,30,grassland
NPDB,0283230,NA,NA,FALSE,10,tree cover
NPDB,0283231,NA,NA,FALSE,90,herbaceous wetland
NPDB,0283233,NA,NA,FALSE,10,tree cover
NPDB,0283236,180,non-wetland,FALSE,80,permanent water
NPDB,0283237,NA,NA,FALSE,10,tree cover
NPDB,0283238,NA,NA,FALSE,30,grassland
NPDB,0283240,NA,NA,FALSE,10,tree cover
NPDB,0283241,180,non-wetland,FALSE,80,permanent water
NPDB,0283243,NA,NA,FALSE,10,tree cover
NPDB,0283244,NA,NA,FALSE,10,tree cover
NPDB,0283245,NA,NA,FALSE,10,tree cover
NPDB,0283246,180,non-wetland,FALSE,80,permanent water
NPDB,0283247,NA,NA,FALSE,30,grassland
NPDB,0283249,NA,NA,FALSE,10,tree cover
NPDB,0283251,NA,NA,FALSE,10,tree cover
NPDB,0283252,NA,NA,FALSE,10,tree cover
NPDB,0283253,NA,NA,FALSE,10,tree cover
NPDB,0290001,NA,NA,FALSE,80,permanent water
NPDB,0290002,NA,NA,FALSE,60,bare/sparse
NPDB,0290003,NA,NA,FALSE,90,herbaceous wetland
NPDB,0290004,NA,NA,FALSE,100,moss and lichen
NPDB,0290005,NA,NA,FALSE,100,moss and lichen
NPDB,0290006,NA,NA,FALSE,60,bare/sparse
NPDB,0290007,NA,NA,FALSE,60,bare/sparse
NPDB,0290008,NA,NA,FALSE,100,moss and lichen
NPDB,0290009,NA,NA,FALSE,60,bare/sparse
NPDB,0290010,NA,NA,FALSE,100,moss and lichen
NPDB,0290011,NA,NA,FALSE,30,grassland
NPDB,0290012,NA,NA,FALSE,60,bare/sparse
NPDB,0290014,NA,NA,FALSE,60,bare/sparse
NPDB,0290015,NA,NA,FALSE,60,bare/sparse
NPDB,0290016,NA,NA,FALSE,100,moss and lichen
NPDB,0290017,NA,NA,FALSE,60,bare/sparse
NPDB,0290018,NA,NA,FALSE,30,grassland
NPDB,0290020,NA,NA,FALSE,80,permanent water
NPDB,0290021,NA,NA,FALSE,90,herbaceous wetland
NPDB,0290022,NA,NA,FALSE,100,moss and lichen
NPDB,0290023,NA,NA,FALSE,100,moss and lichen
NPDB,0290024,NA,NA,FALSE,100,moss and lichen
NPDB,0290025,NA,NA,FALSE,60,bare/sparse
NPDB,0290026,NA,NA,FALSE,60,bare/sparse
NPDB,0290027,NA,NA,FALSE,60,bare/sparse
NPDB,0300001,NA,NA,FALSE,100,moss and lichen
NPDB,0300002,NA,NA,FALSE,30,grassland
NPDB,0300003,NA,NA,FALSE,100,moss and lichen
NPDB,0300004,NA,NA,FALSE,100,moss and lichen
NPDB,0300005,NA,NA,FALSE,100,moss and lichen
NPDB,0300006,NA,NA,FALSE,60,bare/sparse
NPDB,0300007,NA,NA,FALSE,100,moss and lichen
NPDB,0300008,NA,NA,FALSE,100,moss and lichen
NPDB,0300009,NA,NA,FALSE,100,moss and lichen
NPDB,0300010,NA,NA,FALSE,30,grassland
NPDB,0300011,NA,NA,FALSE,80,permanent water
NPDB,0300013,NA,NA,FALSE,100,moss and lichen
NPDB,0300014,NA,NA,FALSE,100,moss and lichen
NPDB,0300015,NA,NA,FALSE,100,moss and lichen
NPDB,0300016,NA,NA,FALSE,100,moss and lichen
NPDB,0300017,NA,NA,FALSE,100,moss and lichen
NPDB,0300018,NA,NA,FALSE,100,moss and lichen
NPDB,0300019,NA,NA,FALSE,100,moss and lichen
NPDB,0300020,NA,NA,FALSE,90,herbaceous wetland
NPDB,0300022,NA,NA,FALSE,100,moss and lichen
NPDB,0300024,NA,NA,FALSE,90,herbaceous wetland
NPDB,0300025,NA,NA,FALSE,100,moss and lichen
NPDB,0300026,NA,NA,FALSE,100,moss and lichen
NPDB,0300027,NA,NA,FALSE,60,bare/sparse
NPDB,0310001,NA,NA,FALSE,80,permanent water
NPDB,0310002,NA,NA,FALSE,100,moss and lichen
NPDB,0310003,NA,NA,FALSE,100,moss and lichen
NPDB,0310004,NA,NA,FALSE,100,moss and lichen
NPDB,0310005,NA,NA,FALSE,60,bare/sparse
NPDB,0310006,NA,NA,FALSE,60,bare/sparse
NPDB,0400001,NA,NA,FALSE,30,grassland
NPDB,0400002,NA,NA,FALSE,10,tree cover
NPDB,0400003,NA,NA,FALSE,30,grassland
NPDB,0410001,NA,NA,FALSE,40,cropland
NPDB,0420001,NA,NA,FALSE,30,grassland
NPDB,0420002,NA,NA,FALSE,30,grassland
NPDB,0420003,NA,NA,FALSE,40,cropland
NPDB,0420004,NA,NA,FALSE,30,grassland
NPDB,0420005,NA,NA,FALSE,10,tree cover
NPDB,0430001,NA,NA,FALSE,30,grassland
NPDB,0430002,NA,NA,FALSE,30,grassland
NPDB,0430003,NA,NA,FALSE,10,tree cover
NPDB,0430004,NA,NA,FALSE,30,grassland
NPDB,0430005,NA,NA,FALSE,30,grassland
NPDB,0430006,NA,NA,FALSE,30,grassland
NPDB,0430007,NA,NA,FALSE,30,grassland
NPDB,0430008,NA,NA,FALSE,40,cropland
NPDB,0430009,NA,NA,FALSE,30,grassland
NPDB,0430010,NA,NA,FALSE,30,grassland
NPDB,0430011,NA,NA,FALSE,50,built-up
NPDB,0430012,NA,NA,FALSE,30,grassland
NPDB,0430013,NA,NA,FALSE,30,grassland
NPDB,0430014,NA,NA,FALSE,40,cropland
NPDB,0430015,NA,NA,FALSE,30,grassland
NPDB,0430016,NA,NA,FALSE,30,grassland
NPDB,0430017,NA,NA,FALSE,30,grassland
NPDB,0430018,NA,NA,FALSE,30,grassland
NPDB,0430019,NA,NA,FALSE,30,grassland
NPDB,0430020,NA,NA,FALSE,30,grassland
NPDB,0430021,NA,NA,FALSE,30,grassland
NPDB,0430022,NA,NA,FALSE,30,grassland
NPDB,0430023,NA,NA,FALSE,30,grassland
NPDB,0430024,NA,NA,FALSE,30,grassland
NPDB,0430025,NA,NA,FALSE,30,grassland
NPDB,0430026,NA,NA,FALSE,40,cropland
NPDB,0430027,NA,NA,FALSE,30,grassland
NPDB,0430028,NA,NA,FALSE,40,cropland
NPDB,0430029,NA,NA,FALSE,30,grassland
NPDB,0430030,NA,NA,FALSE,30,grassland
NPDB,0430031,NA,NA,FALSE,30,grassland
NPDB,0430032,NA,NA,FALSE,40,cropland
NPDB,0430033,NA,NA,FALSE,30,grassland
NPDB,0430034,NA,NA,FALSE,40,cropland
NPDB,0430035,NA,NA,FALSE,40,cropland
NPDB,0430036,NA,NA,FALSE,30,grassland
NPDB,0430037,NA,NA,FALSE,30,grassland
NPDB,0430038,NA,NA,FALSE,30,grassland
NPDB,0430039,NA,NA,FALSE,40,cropland
NPDB,0430040,NA,NA,FALSE,50,built-up
NPDB,0430041,NA,NA,FALSE,40,cropland
NPDB,0430042,NA,NA,FALSE,30,grassland
NPDB,0430043,NA,NA,FALSE,40,cropland
NPDB,0430044,NA,NA,FALSE,40,cropland
NPDB,0430045,NA,NA,FALSE,30,grassland
NPDB,0430046,NA,NA,FALSE,30,grassland
NPDB,0430047,NA,NA,FALSE,30,grassland
NPDB,0430048,NA,NA,FALSE,40,cropland
NPDB,0440001,NA,NA,FALSE,10,tree cover
NPDB,0440002,NA,NA,FALSE,10,tree cover
NPDB,0440003,NA,NA,FALSE,10,tree cover
NPDB,0440004,NA,NA,FALSE,10,tree cover
NPDB,0440005,NA,NA,FALSE,10,tree cover
NPDB,0440006,NA,NA,FALSE,10,tree cover
NPDB,0440007,NA,NA,FALSE,10,tree cover
NPDB,0440008,NA,NA,FALSE,10,tree cover
NPDB,0460001,NA,NA,FALSE,10,tree cover
NPDB,0460002,NA,NA,FALSE,10,tree cover
NPDB,0460003,NA,NA,FALSE,30,grassland
NPDB,0460004,NA,NA,FALSE,30,grassland
NPDB,0460005,NA,NA,FALSE,10,tree cover
NPDB,0460006,NA,NA,FALSE,10,tree cover
NPDB,0460007,NA,NA,FALSE,10,tree cover
NPDB,0460008,NA,NA,FALSE,30,grassland
NPDB,0460009,NA,NA,FALSE,10,tree cover
NPDB,0460010,NA,NA,FALSE,10,tree cover
NPDB,0460011,NA,NA,FALSE,100,moss and lichen
NPDB,0460012,NA,NA,FALSE,10,tree cover
NPDB,0460013,NA,NA,FALSE,10,tree cover
NPDB,0460014,NA,NA,FALSE,10,tree cover
NPDB,0470001,NA,NA,FALSE,10,tree cover
NPDB,0470002,181,permanent water,FALSE,30,grassland
NPDB,0470003,NA,NA,FALSE,20,shrubland
NPDB,0470004,NA,NA,FALSE,10,tree cover
NPDB,0470005,NA,NA,FALSE,20,shrubland
NPDB,0470006,NA,NA,FALSE,10,tree cover
NPDB,0470007,NA,NA,FALSE,10,tree cover
NPDB,0470008,NA,NA,FALSE,10,tree cover
NPDB,0470009,NA,NA,FALSE,30,grassland
NPDB,0470010,NA,NA,FALSE,100,moss and lichen
NPDB,0480001,NA,NA,FALSE,30,grassland
NPDB,0480002,NA,NA,FALSE,10,tree cover
NPDB,0480003,NA,NA,FALSE,10,tree cover
NPDB,0480004,NA,NA,FALSE,20,shrubland
NPDB,0480005,181,permanent water,FALSE,20,shrubland
NPDB,0480006,NA,NA,FALSE,10,tree cover
NPDB,0480007,NA,NA,FALSE,10,tree cover
NPDB,0480008,NA,NA,FALSE,10,tree cover
NPDB,0480009,NA,NA,FALSE,10,tree cover
NPDB,0480010,181,permanent water,FALSE,20,shrubland
NPDB,0490001,NA,NA,FALSE,10,tree cover
NPDB,0490002,NA,NA,FALSE,10,tree cover
NPDB,0490003,NA,NA,FALSE,10,tree cover
NPDB,0490004,NA,NA,FALSE,30,grassland
NPDB,0490005,182,swamp,TRUE,30,grassland
NPDB,0490006,NA,NA,FALSE,30,grassland
NPDB,0490007,NA,NA,FALSE,10,tree cover
NPDB,0490008,NA,NA,FALSE,30,grassland
NPDB,0490009,NA,NA,FALSE,100,moss and lichen
NPDB,0490010,NA,NA,FALSE,10,tree cover
NPDB,0490011,NA,NA,FALSE,30,grassland
NPDB,0490012,NA,NA,FALSE,10,tree cover
NPDB,0490013,NA,NA,FALSE,10,tree cover
NPDB,0490014,NA,NA,FALSE,10,tree cover
NPDB,0490015,NA,NA,FALSE,30,grassland
NPDB,0490016,NA,NA,FALSE,10,tree cover
NPDB,0490017,NA,NA,FALSE,30,grassland
NPDB,0490018,NA,NA,FALSE,30,grassland
NPDB,0490019,182,swamp,TRUE,80,permanent water
NPDB,0490020,NA,NA,FALSE,10,tree cover
NPDB,0490021,NA,NA,FALSE,100,moss and lichen
NPDB,0490022,NA,NA,FALSE,30,grassland
NPDB,0490023,NA,NA,FALSE,30,grassland
NPDB,0490024,NA,NA,FALSE,30,grassland
NPDB,0490025,NA,NA,FALSE,10,tree cover
NPDB,0490026,NA,NA,FALSE,100,moss and lichen
NPDB,0490027,NA,NA,FALSE,10,tree cover
NPDB,0500001,NA,NA,FALSE,30,grassland
NPDB,0500002,NA,NA,FALSE,30,grassland
NPDB,0500003,NA,NA,FALSE,30,grassland
NPDB,0500004,NA,NA,FALSE,30,grassland
NPDB,0500005,NA,NA,FALSE,30,grassland
NPDB,0500006,NA,NA,FALSE,30,grassland
NPDB,0500007,NA,NA,FALSE,30,grassland
NPDB,0500008,NA,NA,FALSE,30,grassland
NPDB,0500009,NA,NA,FALSE,30,grassland
NPDB,0500010,NA,NA,FALSE,30,grassland
NPDB,0500012,NA,NA,FALSE,30,grassland
NPDB,0500013,NA,NA,FALSE,30,grassland
NPDB,0500014,NA,NA,FALSE,10,tree cover
NPDB,0500015,NA,NA,FALSE,10,tree cover
NPDB,0500017,NA,NA,FALSE,10,tree cover
NPDB,0500018,NA,NA,FALSE,10,tree cover
NPDB,0500019,NA,NA,FALSE,10,tree cover
NPDB,0500020,NA,NA,FALSE,10,tree cover
NPDB,0500021,NA,NA,FALSE,10,tree cover
NPDB,0500022,NA,NA,FALSE,10,tree cover
NPDB,0500023,NA,NA,FALSE,10,tree cover
NPDB,0500024,NA,NA,FALSE,10,tree cover
NPDB,0500062,NA,NA,FALSE,10,tree cover
NPDB,0500084,NA,NA,FALSE,10,tree cover
NPDB,0500085,NA,NA,FALSE,10,tree cover
NPDB,0500086,NA,NA,FALSE,10,tree cover
NPDB,0500087,NA,NA,FALSE,10,tree cover
NPDB,0500090,NA,NA,FALSE,10,tree cover
NPDB,0500091,NA,NA,FALSE,10,tree cover
NPDB,0500092,NA,NA,FALSE,30,grassland
NPDB,0500093,NA,NA,FALSE,10,tree cover
NPDB,0500094,181,permanent water,FALSE,10,tree cover
NPDB,0500095,NA,NA,FALSE,10,tree cover
NPDB,0500096,181,permanent water,FALSE,10,tree cover
NPDB,0500097,NA,NA,FALSE,10,tree cover
NPDB,0500098,NA,NA,FALSE,10,tree cover
NPDB,0500099,NA,NA,FALSE,10,tree cover
NPDB,0500100,NA,NA,FALSE,10,tree cover
NPDB,0500101,NA,NA,FALSE,10,tree cover
NPDB,0500102,NA,NA,FALSE,10,tree cover
NPDB,0500103,181,permanent water,FALSE,20,shrubland
NPDB,0500104,NA,NA,FALSE,10,tree cover
NPDB,0500105,NA,NA,FALSE,30,grassland
NPDB,0500106,NA,NA,FALSE,10,tree cover
NPDB,0500107,NA,NA,FALSE,10,tree cover
NPDB,0500108,NA,NA,FALSE,10,tree cover
NPDB,0500109,NA,NA,FALSE,10,tree cover
NPDB,0500110,NA,NA,FALSE,10,tree cover
NPDB,0500111,NA,NA,FALSE,10,tree cover
NPDB,0500112,181,permanent water,FALSE,30,grassland
NPDB,0500113,NA,NA,FALSE,10,tree cover
NPDB,0500114,NA,NA,FALSE,10,tree cover
NPDB,0500115,NA,NA,FALSE,10,tree cover
NPDB,0500116,NA,NA,FALSE,10,tree cover
NPDB,0500117,NA,NA,FALSE,10,tree cover
NPDB,0500118,NA,NA,FALSE,10,tree cover
NPDB,0500119,NA,NA,FALSE,10,tree cover
NPDB,0500120,NA,NA,FALSE,10,tree cover
NPDB,0500121,NA,NA,FALSE,10,tree cover
NPDB,0500122,NA,NA,FALSE,10,tree cover
NPDB,0500123,181,permanent water,FALSE,30,grassland
NPDB,0500124,NA,NA,FALSE,30,grassland
NPDB,0500125,NA,NA,FALSE,10,tree cover
NPDB,0500126,181,permanent water,FALSE,30,grassland
NPDB,0500127,NA,NA,FALSE,30,grassland
NPDB,0500128,NA,NA,FALSE,10,tree cover
NPDB,0500129,181,permanent water,FALSE,30,grassland
NPDB,0500130,NA,NA,FALSE,10,tree cover
NPDB,0500131,NA,NA,FALSE,10,tree cover
NPDB,0500132,NA,NA,FALSE,10,tree cover
NPDB,0500133,NA,NA,FALSE,10,tree cover
NPDB,0500134,NA,NA,FALSE,10,tree cover
NPDB,0500135,181,permanent water,FALSE,10,tree cover
NPDB,0500136,181,permanent water,FALSE,10,tree cover
NPDB,0500137,NA,NA,FALSE,10,tree cover
NPDB,0500138,NA,NA,FALSE,10,tree cover
NPDB,0500139,181,permanent water,FALSE,20,shrubland
NPDB,0500140,NA,NA,FALSE,10,tree cover
NPDB,0500141,NA,NA,FALSE,10,tree cover
NPDB,0500142,NA,NA,FALSE,10,tree cover
NPDB,0500143,NA,NA,FALSE,10,tree cover
NPDB,0500144,NA,NA,FALSE,10,tree cover
NPDB,0500145,NA,NA,FALSE,10,tree cover
NPDB,0500146,NA,NA,FALSE,10,tree cover
NPDB,0500147,NA,NA,FALSE,10,tree cover
NPDB,0500148,NA,NA,FALSE,10,tree cover
NPDB,0500149,NA,NA,FALSE,10,tree cover
NPDB,0500150,NA,NA,FALSE,10,tree cover
NPDB,0500151,NA,NA,FALSE,10,tree cover
NPDB,0500152,181,permanent water,FALSE,20,shrubland
NPDB,0500153,NA,NA,FALSE,10,tree cover
NPDB,0500154,181,permanent water,FALSE,30,grassland
NPDB,0500155,NA,NA,FALSE,10,tree cover
NPDB,0500156,NA,NA,FALSE,10,tree cover
NPDB,0500157,NA,NA,FALSE,10,tree cover
NPDB,0500158,NA,NA,FALSE,10,tree cover
NPDB,0500159,NA,NA,FALSE,10,tree cover
NPDB,0500160,181,permanent water,FALSE,20,shrubland
NPDB,0500161,181,permanent water,FALSE,20,shrubland
NPDB,0500162,NA,NA,FALSE,30,grassland
NPDB,0500163,NA,NA,FALSE,10,tree cover
NPDB,0500164,181,permanent water,FALSE,20,shrubland
NPDB,0500165,NA,NA,FALSE,10,tree cover
NPDB,0500166,NA,NA,FALSE,30,grassland
NPDB,0500167,NA,NA,FALSE,30,grassland
NPDB,0500168,181,permanent water,FALSE,30,grassland
NPDB,0500169,NA,NA,FALSE,10,tree cover
NPDB,0500170,NA,NA,FALSE,10,tree cover
NPDB,0500171,NA,NA,FALSE,10,tree cover
NPDB,0500172,NA,NA,FALSE,10,tree cover
NPDB,0500247,NA,NA,FALSE,30,grassland
NPDB,0500248,182,swamp,TRUE,30,grassland
NPDB,0500249,NA,NA,FALSE,10,tree cover
NPDB,0500250,NA,NA,FALSE,10,tree cover
NPDB,0500251,181,permanent water,FALSE,10,tree cover
NPDB,0500252,NA,NA,FALSE,10,tree cover
NPDB,0500253,NA,NA,FALSE,10,tree cover
NPDB,0500254,NA,NA,FALSE,10,tree cover
NPDB,0500255,NA,NA,FALSE,10,tree cover
NPDB,0500256,NA,NA,FALSE,10,tree cover
NPDB,0500257,181,permanent water,FALSE,20,shrubland
NPDB,0500258,NA,NA,FALSE,10,tree cover
NPDB,0500259,NA,NA,FALSE,10,tree cover
NPDB,0500260,NA,NA,FALSE,10,tree cover
NPDB,0500261,NA,NA,FALSE,10,tree cover
NPDB,0500262,NA,NA,FALSE,10,tree cover
NPDB,0500263,181,permanent water,FALSE,20,shrubland
NPDB,0500264,181,permanent water,FALSE,10,tree cover
NPDB,0500265,NA,NA,FALSE,10,tree cover
NPDB,0500266,181,permanent water,FALSE,30,grassland
NPDB,0500267,181,permanent water,FALSE,30,grassland
NPDB,0500268,NA,NA,FALSE,10,tree cover
NPDB,0500269,180,non-wetland,FALSE,10,tree cover
NPDB,0500270,NA,NA,FALSE,10,tree cover
NPDB,0500271,NA,NA,FALSE,10,tree cover
NPDB,0500272,NA,NA,FALSE,30,grassland
NPDB,0500273,NA,NA,FALSE,10,tree cover
NPDB,0500274,181,permanent water,FALSE,10,tree cover
NPDB,0500275,NA,NA,FALSE,30,grassland
NPDB,0500276,181,permanent water,FALSE,30,grassland
NPDB,0500277,182,swamp,TRUE,30,grassland
NPDB,0500278,NA,NA,FALSE,10,tree cover
NPDB,0500279,181,permanent water,FALSE,10,tree cover
NPDB,0500280,181,permanent water,FALSE,10,tree cover
NPDB,0500281,NA,NA,FALSE,10,tree cover
NPDB,0500282,182,swamp,TRUE,30,grassland
NPDB,0500283,NA,NA,FALSE,30,grassland
NPDB,0500284,182,swamp,TRUE,30,grassland
NPDB,0500285,NA,NA,FALSE,30,grassland
NPDB,0500286,NA,NA,FALSE,10,tree cover
NPDB,0500287,NA,NA,FALSE,10,tree cover
NPDB,0500288,NA,NA,FALSE,10,tree cover
NPDB,0500289,NA,NA,FALSE,10,tree cover
NPDB,0500290,NA,NA,FALSE,10,tree cover
NPDB,0500291,NA,NA,FALSE,10,tree cover
NPDB,0500292,NA,NA,FALSE,10,tree cover
NPDB,0500293,NA,NA,FALSE,30,grassland
NPDB,0500294,NA,NA,FALSE,10,tree cover
NPDB,0500295,NA,NA,FALSE,10,tree cover
NPDB,0500296,NA,NA,FALSE,10,tree cover
NPDB,0500299,NA,NA,FALSE,10,tree cover
NPDB,0500304,NA,NA,FALSE,10,tree cover
NPDB,0500305,NA,NA,FALSE,10,tree cover
NPDB,0500307,183,marsh,TRUE,80,permanent water
NPDB,0500308,NA,NA,FALSE,10,tree cover
NPDB,0500309,NA,NA,FALSE,10,tree cover
NPDB,0500310,181,permanent water,FALSE,30,grassland
NPDB,0500345,NA,NA,FALSE,10,tree cover
NPDB,0500351,NA,NA,FALSE,10,tree cover
NPDB,0500352,NA,NA,FALSE,10,tree cover
NPDB,0500353,NA,NA,FALSE,10,tree cover
NPDB,0500354,NA,NA,FALSE,10,tree cover
NPDB,0500355,NA,NA,FALSE,10,tree cover
NPDB,0500358,NA,NA,FALSE,10,tree cover
NPDB,0500360,NA,NA,FALSE,10,tree cover
NPDB,0500362,NA,NA,FALSE,10,tree cover
NPDB,0500364,NA,NA,FALSE,10,tree cover
NPDB,0500365,NA,NA,FALSE,10,tree cover
NPDB,0500367,NA,NA,FALSE,30,grassland
NPDB,0500369,NA,NA,FALSE,30,grassland
NPDB,0500370,NA,NA,FALSE,10,tree cover
NPDB,0500371,NA,NA,FALSE,60,bare/sparse
NPDB,0500372,NA,NA,FALSE,10,tree cover
NPDB,0500373,NA,NA,FALSE,30,grassland
NPDB,0500374,NA,NA,FALSE,10,tree cover
NPDB,0500375,NA,NA,FALSE,10,tree cover
NPDB,0500376,NA,NA,FALSE,10,tree cover
NPDB,0500379,NA,NA,FALSE,10,tree cover
NPDB,0500380,NA,NA,FALSE,10,tree cover
NPDB,0500381,NA,NA,FALSE,30,grassland
NPDB,0500382,NA,NA,FALSE,10,tree cover
NPDB,0500383,NA,NA,FALSE,10,tree cover
NPDB,0500384,NA,NA,FALSE,10,tree cover
NPDB,0500390,NA,NA,FALSE,30,grassland
NPDB,0500392,NA,NA,FALSE,10,tree cover
NPDB,0500393,NA,NA,FALSE,10,tree cover
NPDB,0500395,NA,NA,FALSE,10,tree cover
NPDB,0500402,NA,NA,FALSE,10,tree cover
NPDB,0500403,NA,NA,FALSE,10,tree cover
NPDB,0500404,NA,NA,FALSE,10,tree cover
NPDB,0500406,NA,NA,FALSE,10,tree cover
NPDB,0500407,NA,NA,FALSE,30,grassland
NPDB,0500408,NA,NA,FALSE,10,tree cover
NPDB,0500409,NA,NA,FALSE,30,grassland
NPDB,0500410,NA,NA,FALSE,10,tree cover
NPDB,0500412,NA,NA,FALSE,10,tree cover
NPDB,0500413,NA,NA,FALSE,10,tree cover
NPDB,0500414,NA,NA,FALSE,10,tree cover
NPDB,0500415,NA,NA,FALSE,10,tree cover
NPDB,0500416,NA,NA,FALSE,30,grassland
NPDB,0500417,NA,NA,FALSE,10,tree cover
NPDB,0500419,NA,NA,FALSE,10,tree cover
NPDB,0500420,NA,NA,FALSE,60,bare/sparse
NPDB,0500421,NA,NA,FALSE,10,tree cover
NPDB,0500422,NA,NA,FALSE,10,tree cover
NPDB,0500423,NA,NA,FALSE,10,tree cover
NPDB,0500424,NA,NA,FALSE,30,grassland
NPDB,0500425,NA,NA,FALSE,10,tree cover
NPDB,0500426,NA,NA,FALSE,10,tree cover
NPDB,0500428,NA,NA,FALSE,10,tree cover
NPDB,0500429,NA,NA,FALSE,10,tree cover
NPDB,0500430,NA,NA,FALSE,10,tree cover
NPDB,0500431,NA,NA,FALSE,30,grassland
NPDB,0500433,NA,NA,FALSE,10,tree cover
NPDB,0500434,NA,NA,FALSE,10,tree cover
NPDB,0500435,NA,NA,FALSE,30,grassland
NPDB,0500436,NA,NA,FALSE,10,tree cover
NPDB,0500438,NA,NA,FALSE,10,tree cover
NPDB,0500439,NA,NA,FALSE,30,grassland
NPDB,0500440,NA,NA,FALSE,10,tree cover
NPDB,0500441,NA,NA,FALSE,10,tree cover
NPDB,0500442,NA,NA,FALSE,30,grassland
NPDB,0500443,NA,NA,FALSE,10,tree cover
NPDB,0500444,NA,NA,FALSE,10,tree cover
NPDB,0500445,NA,NA,FALSE,10,tree cover
NPDB,0500446,NA,NA,FALSE,10,tree cover
NPDB,0500447,NA,NA,FALSE,30,grassland
NPDB,0500448,NA,NA,FALSE,10,tree cover
NPDB,0500449,NA,NA,FALSE,10,tree cover
NPDB,0500451,NA,NA,FALSE,10,tree cover
NPDB,0500452,NA,NA,FALSE,10,tree cover
NPDB,0500453,NA,NA,FALSE,10,tree cover
NPDB,0500457,NA,NA,FALSE,30,grassland
NPDB,0500459,NA,NA,FALSE,10,tree cover
NPDB,0500462,NA,NA,FALSE,10,tree cover
NPDB,0500464,NA,NA,FALSE,10,tree cover
NPDB,0500465,NA,NA,FALSE,10,tree cover
NPDB,0500466,NA,NA,FALSE,10,tree cover
NPDB,0500467,NA,NA,FALSE,10,tree cover
NPDB,0500469,NA,NA,FALSE,10,tree cover
NPDB,0500470,NA,NA,FALSE,10,tree cover
NPDB,0500471,NA,NA,FALSE,10,tree cover
NPDB,0500472,NA,NA,FALSE,10,tree cover
NPDB,0500473,NA,NA,FALSE,10,tree cover
NPDB,0500474,NA,NA,FALSE,10,tree cover
NPDB,0500475,NA,NA,FALSE,10,tree cover
NPDB,0500476,NA,NA,FALSE,30,grassland
NPDB,0500477,NA,NA,FALSE,10,tree cover
NPDB,0500478,NA,NA,FALSE,30,grassland
NPDB,0500479,NA,NA,FALSE,10,tree cover
NPDB,0500480,NA,NA,FALSE,30,grassland
NPDB,0500481,NA,NA,FALSE,10,tree cover
NPDB,0500482,NA,NA,FALSE,10,tree cover
NPDB,0500483,NA,NA,FALSE,10,tree cover
NPDB,0500484,180,non-wetland,FALSE,10,tree cover
NPDB,0500485,NA,NA,FALSE,10,tree cover
NPDB,0500486,NA,NA,FALSE,10,tree cover
NPDB,0500487,NA,NA,FALSE,30,grassland
NPDB,0500488,NA,NA,FALSE,10,tree cover
NPDB,0500489,NA,NA,FALSE,30,grassland
NPDB,0500490,NA,NA,FALSE,10,tree cover
NPDB,0500491,NA,NA,FALSE,10,tree cover
NPDB,0500492,NA,NA,FALSE,10,tree cover
NPDB,0500493,NA,NA,FALSE,10,tree cover
NPDB,0500494,NA,NA,FALSE,10,tree cover
NPDB,0500495,NA,NA,FALSE,10,tree cover
NPDB,0500496,NA,NA,FALSE,10,tree cover
NPDB,0500497,NA,NA,FALSE,30,grassland
NPDB,0500498,NA,NA,FALSE,30,grassland
NPDB,0500499,NA,NA,FALSE,10,tree cover
NPDB,0500500,NA,NA,FALSE,10,tree cover
NPDB,0500501,NA,NA,FALSE,10,tree cover
NPDB,0500502,NA,NA,FALSE,10,tree cover
NPDB,0500503,NA,NA,FALSE,30,grassland
NPDB,0500504,180,non-wetland,FALSE,80,permanent water
NPDB,0500505,NA,NA,FALSE,10,tree cover
NPDB,0500506,NA,NA,FALSE,10,tree cover
NPDB,0500507,NA,NA,FALSE,30,grassland
NPDB,0500508,NA,NA,FALSE,10,tree cover
NPDB,0500509,NA,NA,FALSE,10,tree cover
NPDB,0500510,NA,NA,FALSE,10,tree cover
NPDB,0500511,NA,NA,FALSE,10,tree cover
NPDB,0500512,NA,NA,FALSE,10,tree cover
NPDB,0500513,NA,NA,FALSE,10,tree cover
NPDB,0500514,NA,NA,FALSE,10,tree cover
NPDB,0500515,NA,NA,FALSE,30,grassland
NPDB,0500516,NA,NA,FALSE,30,grassland
NPDB,0500519,NA,NA,FALSE,30,grassland
NPDB,0500520,NA,NA,FALSE,10,tree cover
NPDB,0500522,NA,NA,FALSE,10,tree cover
NPDB,0500523,NA,NA,FALSE,30,grassland
NPDB,0500524,NA,NA,FALSE,30,grassland
NPDB,0500525,NA,NA,FALSE,10,tree cover
NPDB,0500526,NA,NA,FALSE,10,tree cover
NPDB,0500527,NA,NA,FALSE,10,tree cover
NPDB,0500528,NA,NA,FALSE,10,tree cover
NPDB,0500529,NA,NA,FALSE,10,tree cover
NPDB,0500530,NA,NA,FALSE,30,grassland
NPDB,0500531,NA,NA,FALSE,30,grassland
NPDB,0500532,NA,NA,FALSE,30,grassland
NPDB,0500533,NA,NA,FALSE,30,grassland
NPDB,0500534,NA,NA,FALSE,10,tree cover
NPDB,0500535,NA,NA,FALSE,10,tree cover
NPDB,0500536,NA,NA,FALSE,10,tree cover
NPDB,0500537,NA,NA,FALSE,10,tree cover
NPDB,0500538,NA,NA,FALSE,10,tree cover
NPDB,0500539,NA,NA,FALSE,10,tree cover
NPDB,0500540,NA,NA,FALSE,10,tree cover
NPDB,0500541,NA,NA,FALSE,10,tree cover
NPDB,0500542,NA,NA,FALSE,10,tree cover
NPDB,0500543,NA,NA,FALSE,10,tree cover
NPDB,0500544,NA,NA,FALSE,10,tree cover
NPDB,0500545,NA,NA,FALSE,10,tree cover
NPDB,0500546,NA,NA,FALSE,10,tree cover
NPDB,0500547,NA,NA,FALSE,30,grassland
NPDB,0500548,NA,NA,FALSE,10,tree cover
NPDB,0500549,NA,NA,FALSE,10,tree cover
NPDB,0500550,NA,NA,FALSE,10,tree cover
NPDB,0500551,NA,NA,FALSE,10,tree cover
NPDB,0500552,NA,NA,FALSE,10,tree cover
NPDB,0500553,NA,NA,FALSE,20,shrubland
NPDB,0500554,NA,NA,FALSE,10,tree cover
NPDB,0500555,NA,NA,FALSE,10,tree cover
NPDB,0500556,NA,NA,FALSE,10,tree cover
NPDB,0500557,NA,NA,FALSE,10,tree cover
NPDB,0500558,NA,NA,FALSE,10,tree cover
NPDB,0500559,NA,NA,FALSE,10,tree cover
NPDB,0500560,NA,NA,FALSE,10,tree cover
NPDB,0500561,NA,NA,FALSE,10,tree cover
NPDB,0500562,NA,NA,FALSE,10,tree cover
NPDB,0500563,NA,NA,FALSE,10,tree cover
NPDB,0500564,NA,NA,FALSE,10,tree cover
NPDB,0500565,NA,NA,FALSE,10,tree cover
NPDB,0500566,NA,NA,FALSE,10,tree cover
NPDB,0500567,NA,NA,FALSE,10,tree cover
NPDB,0500568,NA,NA,FALSE,10,tree cover
NPDB,0500569,NA,NA,FALSE,10,tree cover
NPDB,0500570,NA,NA,FALSE,30,grassland
NPDB,0500571,NA,NA,FALSE,30,grassland
NPDB,0500572,NA,NA,FALSE,10,tree cover
NPDB,0500573,NA,NA,FALSE,10,tree cover
NPDB,0500574,NA,NA,FALSE,10,tree cover
NPDB,0500575,NA,NA,FALSE,10,tree cover
NPDB,0500576,NA,NA,FALSE,10,tree cover
NPDB,0500577,NA,NA,FALSE,10,tree cover
NPDB,0500578,NA,NA,FALSE,10,tree cover
NPDB,0500579,NA,NA,FALSE,10,tree cover
NPDB,0500583,NA,NA,FALSE,10,tree cover
NPDB,0500584,NA,NA,FALSE,10,tree cover
NPDB,0500585,NA,NA,FALSE,10,tree cover
NPDB,0500586,NA,NA,FALSE,10,tree cover
NPDB,0500589,NA,NA,FALSE,10,tree cover
NPDB,0500590,NA,NA,FALSE,10,tree cover
NPDB,0500591,NA,NA,FALSE,10,tree cover
NPDB,0500594,NA,NA,FALSE,10,tree cover
NPDB,0500595,NA,NA,FALSE,10,tree cover
NPDB,0500597,NA,NA,FALSE,10,tree cover
NPDB,0500598,NA,NA,FALSE,10,tree cover
NPDB,0500600,NA,NA,FALSE,40,cropland
NPDB,0500601,NA,NA,FALSE,30,grassland
NPDB,0500602,NA,NA,FALSE,10,tree cover
NPDB,0500603,181,permanent water,FALSE,10,tree cover
NPDB,0500604,NA,NA,FALSE,40,cropland
NPDB,0500605,NA,NA,FALSE,40,cropland
NPDB,0500606,NA,NA,FALSE,30,grassland
NPDB,0500607,NA,NA,FALSE,40,cropland
NPDB,0500608,NA,NA,FALSE,40,cropland
NPDB,0500609,NA,NA,FALSE,10,tree cover
NPDB,0500610,NA,NA,FALSE,10,tree cover
NPDB,0500611,NA,NA,FALSE,10,tree cover
NPDB,0500612,NA,NA,FALSE,10,tree cover
NPDB,0500613,NA,NA,FALSE,10,tree cover
NPDB,0500614,NA,NA,FALSE,10,tree cover
NPDB,0500615,NA,NA,FALSE,10,tree cover
NPDB,0500616,NA,NA,FALSE,10,tree cover
NPDB,0500617,NA,NA,FALSE,10,tree cover
NPDB,0500618,NA,NA,FALSE,10,tree cover
NPDB,0500619,NA,NA,FALSE,10,tree cover
NPDB,0500620,NA,NA,FALSE,10,tree cover
NPDB,0500622,NA,NA,FALSE,10,tree cover
NPDB,0500623,NA,NA,FALSE,10,tree cover
NPDB,0500624,NA,NA,FALSE,40,cropland
NPDB,0500625,NA,NA,FALSE,40,cropland
NPDB,0500626,NA,NA,FALSE,10,tree cover
NPDB,0500627,NA,NA,FALSE,10,tree cover
NPDB,0500628,NA,NA,FALSE,10,tree cover
NPDB,0500629,NA,NA,FALSE,10,tree cover
NPDB,0500630,NA,NA,FALSE,10,tree cover
NPDB,0500631,NA,NA,FALSE,40,cropland
NPDB,0500632,NA,NA,FALSE,40,cropland
NPDB,0500634,NA,NA,FALSE,10,tree cover
NPDB,0500636,NA,NA,FALSE,30,grassland
NPDB,0500637,NA,NA,FALSE,10,tree cover
NPDB,0500638,NA,NA,FALSE,10,tree cover
NPDB,0500639,NA,NA,FALSE,40,cropland
NPDB,0500640,NA,NA,FALSE,10,tree cover
NPDB,0500641,NA,NA,FALSE,10,tree cover
NPDB,0500643,NA,NA,FALSE,10,tree cover
NPDB,0500646,NA,NA,FALSE,10,tree cover
NPDB,0500647,NA,NA,FALSE,10,tree cover
NPDB,0500648,NA,NA,FALSE,10,tree cover
NPDB,0500649,NA,NA,FALSE,10,tree cover
NPDB,0500650,NA,NA,FALSE,10,tree cover
NPDB,0500651,NA,NA,FALSE,10,tree cover
NPDB,0500652,NA,NA,FALSE,30,grassland
NPDB,0500653,NA,NA,FALSE,10,tree cover
NPDB,0500654,NA,NA,FALSE,10,tree cover
NPDB,0500655,NA,NA,FALSE,10,tree cover
NPDB,0500656,NA,NA,FALSE,10,tree cover
NPDB,0500657,NA,NA,FALSE,10,tree cover
NPDB,0500658,NA,NA,FALSE,10,tree cover
NPDB,0500659,NA,NA,FALSE,30,grassland
NPDB,0500660,NA,NA,FALSE,40,cropland
NPDB,0500662,NA,NA,FALSE,40,cropland
NPDB,0500663,NA,NA,FALSE,10,tree cover
NPDB,0500664,NA,NA,FALSE,10,tree cover
NPDB,0500667,NA,NA,FALSE,10,tree cover
NPDB,0500671,NA,NA,FALSE,30,grassland
NPDB,0500674,NA,NA,FALSE,100,moss and lichen
NPDB,0500678,NA,NA,FALSE,10,tree cover
NPDB,0500679,NA,NA,FALSE,10,tree cover
NPDB,0500685,NA,NA,FALSE,100,moss and lichen
NPDB,0500687,NA,NA,FALSE,10,tree cover
NPDB,0500688,NA,NA,FALSE,30,grassland
NPDB,0500689,NA,NA,FALSE,10,tree cover
NPDB,0500691,181,permanent water,FALSE,90,herbaceous wetland
NPDB,0500692,181,permanent water,FALSE,10,tree cover
NPDB,0500694,NA,NA,FALSE,10,tree cover
NPDB,0500695,181,permanent water,FALSE,10,tree cover
NPDB,0500698,NA,NA,FALSE,20,shrubland
NPDB,0500700,NA,NA,FALSE,10,tree cover
NPDB,0500701,NA,NA,FALSE,10,tree cover
NPDB,0500703,NA,NA,FALSE,10,tree cover
NPDB,0500704,NA,NA,FALSE,10,tree cover
NPDB,0500705,NA,NA,FALSE,10,tree cover
NPDB,0500707,NA,NA,FALSE,30,grassland
NPDB,0500708,NA,NA,FALSE,10,tree cover
NPDB,0500709,NA,NA,FALSE,60,bare/sparse
NPDB,0500710,NA,NA,FALSE,10,tree cover
NPDB,0500711,NA,NA,FALSE,10,tree cover
NPDB,0500713,NA,NA,FALSE,10,tree cover
NPDB,0500714,NA,NA,FALSE,10,tree cover
NPDB,0500716,181,permanent water,FALSE,30,grassland
NPDB,0500719,NA,NA,FALSE,10,tree cover
NPDB,0500721,NA,NA,FALSE,10,tree cover
NPDB,0500723,180,non-wetland,FALSE,80,permanent water
NPDB,0500727,180,non-wetland,FALSE,80,permanent water
NPDB,0500732,NA,NA,FALSE,10,tree cover
NPDB,0500735,NA,NA,FALSE,30,grassland
NPDB,0500737,NA,NA,FALSE,10,tree cover
NPDB,0500740,NA,NA,FALSE,10,tree cover
NPDB,0500741,NA,NA,FALSE,10,tree cover
NPDB,0500745,NA,NA,FALSE,10,tree cover
NPDB,0500746,NA,NA,FALSE,10,tree cover
NPDB,0500747,NA,NA,FALSE,10,tree cover
NPDB,0500748,NA,NA,FALSE,30,grassland
NPDB,0500749,NA,NA,FALSE,10,tree cover
NPDB,0500750,NA,NA,FALSE,10,tree cover
NPDB,0500757,NA,NA,FALSE,10,tree cover
NPDB,0500761,NA,NA,FALSE,30,grassland
NPDB,0500762,NA,NA,FALSE,10,tree cover
NPDB,0500763,NA,NA,FALSE,30,grassland
NPDB,0500764,NA,NA,FALSE,10,tree cover
NPDB,0500766,NA,NA,FALSE,30,grassland
NPDB,0500767,NA,NA,FALSE,10,tree cover
NPDB,0500768,NA,NA,FALSE,30,grassland
NPDB,0500770,NA,NA,FALSE,10,tree cover
NPDB,0500772,NA,NA,FALSE,30,grassland
NPDB,0500773,NA,NA,FALSE,10,tree cover
NPDB,0500777,NA,NA,FALSE,10,tree cover
NPDB,0500778,NA,NA,FALSE,10,tree cover
NPDB,0500779,NA,NA,FALSE,10,tree cover
NPDB,0500780,NA,NA,FALSE,100,moss and lichen
NPDB,0500782,NA,NA,FALSE,10,tree cover
NPDB,0500784,NA,NA,FALSE,10,tree cover
NPDB,0500786,NA,NA,FALSE,10,tree cover
NPDB,0500793,NA,NA,FALSE,10,tree cover
NPDB,0500796,NA,NA,FALSE,10,tree cover
NPDB,0500797,NA,NA,FALSE,10,tree cover
NPDB,0500798,NA,NA,FALSE,10,tree cover
NPDB,0500801,NA,NA,FALSE,10,tree cover
NPDB,0500802,NA,NA,FALSE,30,grassland
NPDB,0500803,NA,NA,FALSE,30,grassland
NPDB,0500804,NA,NA,FALSE,30,grassland
NPDB,0500805,NA,NA,FALSE,30,grassland
NPDB,0500806,NA,NA,FALSE,30,grassland
NPDB,0500807,180,non-wetland,FALSE,80,permanent water
NPDB,0500808,NA,NA,FALSE,30,grassland
NPDB,0500809,NA,NA,FALSE,30,grassland
NPDB,0500810,NA,NA,FALSE,30,grassland
NPDB,0500811,NA,NA,FALSE,30,grassland
NPDB,0500812,NA,NA,FALSE,10,tree cover
NPDB,0500813,NA,NA,FALSE,30,grassland
NPDB,0500814,NA,NA,FALSE,30,grassland
NPDB,0500815,182,swamp,TRUE,30,grassland
NPDB,0500816,NA,NA,FALSE,30,grassland
NPDB,0500817,NA,NA,FALSE,30,grassland
NPDB,0500818,NA,NA,FALSE,30,grassland
NPDB,0500819,NA,NA,FALSE,30,grassland
NPDB,0500820,NA,NA,FALSE,30,grassland
NPDB,0500821,NA,NA,FALSE,30,grassland
NPDB,0500822,NA,NA,FALSE,10,tree cover
NPDB,0500823,NA,NA,FALSE,30,grassland
NPDB,0500824,NA,NA,FALSE,30,grassland
NPDB,0500825,NA,NA,FALSE,30,grassland
NPDB,0500826,NA,NA,FALSE,30,grassland
NPDB,0500827,NA,NA,FALSE,30,grassland
NPDB,0500828,NA,NA,FALSE,30,grassland
NPDB,0500829,NA,NA,FALSE,30,grassland
NPDB,0500830,NA,NA,FALSE,30,grassland
NPDB,0500831,NA,NA,FALSE,30,grassland
NPDB,0500832,NA,NA,FALSE,30,grassland
NPDB,0500833,NA,NA,FALSE,30,grassland
NPDB,0500834,NA,NA,FALSE,30,grassland
NPDB,0500835,NA,NA,FALSE,10,tree cover
NPDB,0500836,NA,NA,FALSE,30,grassland
NPDB,0500837,NA,NA,FALSE,30,grassland
NPDB,0500838,NA,NA,FALSE,10,tree cover
NPDB,0500839,NA,NA,FALSE,10,tree cover
NPDB,0500840,NA,NA,FALSE,10,tree cover
NPDB,0500841,NA,NA,FALSE,30,grassland
NPDB,0500842,NA,NA,FALSE,30,grassland
NPDB,0500843,NA,NA,FALSE,30,grassland
NPDB,0500844,NA,NA,FALSE,30,grassland
NPDB,0500845,NA,NA,FALSE,30,grassland
NPDB,0500846,NA,NA,FALSE,30,grassland
NPDB,0500847,NA,NA,FALSE,30,grassland
NPDB,0500848,NA,NA,FALSE,30,grassland
NPDB,0500849,NA,NA,FALSE,30,grassland
NPDB,0500850,NA,NA,FALSE,30,grassland
NPDB,0500851,NA,NA,FALSE,30,grassland
NPDB,0500852,NA,NA,FALSE,30,grassland
NPDB,0500853,NA,NA,FALSE,10,tree cover
NPDB,0500854,NA,NA,FALSE,30,grassland
NPDB,0500855,NA,NA,FALSE,30,grassland
NPDB,0500856,NA,NA,FALSE,30,grassland
NPDB,0500857,NA,NA,FALSE,30,grassland
NPDB,0500858,NA,NA,FALSE,30,grassland
NPDB,0500859,NA,NA,FALSE,30,grassland
NPDB,0500860,NA,NA,FALSE,30,grassland
NPDB,0500861,NA,NA,FALSE,30,grassland
NPDB,0500862,NA,NA,FALSE,30,grassland
NPDB,0500863,NA,NA,FALSE,30,grassland
NPDB,0500864,NA,NA,FALSE,30,grassland
NPDB,0500865,NA,NA,FALSE,30,grassland
NPDB,0500866,NA,NA,FALSE,10,tree cover
NPDB,0500867,NA,NA,FALSE,30,grassland
NPDB,0500868,NA,NA,FALSE,30,grassland
NPDB,0500869,NA,NA,FALSE,30,grassland
NPDB,0500870,NA,NA,FALSE,30,grassland
NPDB,0500871,NA,NA,FALSE,30,grassland
NPDB,0500872,NA,NA,FALSE,30,grassland
NPDB,0500873,NA,NA,FALSE,30,grassland
NPDB,0500874,NA,NA,FALSE,30,grassland
NPDB,0500875,NA,NA,FALSE,30,grassland
NPDB,0500876,NA,NA,FALSE,30,grassland
NPDB,0500877,NA,NA,FALSE,30,grassland
NPDB,0500878,NA,NA,FALSE,30,grassland
NPDB,0500879,NA,NA,FALSE,30,grassland
NPDB,0500880,NA,NA,FALSE,30,grassland
NPDB,0500881,NA,NA,FALSE,30,grassland
NPDB,0500882,NA,NA,FALSE,30,grassland
NPDB,0500883,NA,NA,FALSE,30,grassland
NPDB,0500884,NA,NA,FALSE,30,grassland
NPDB,0500885,NA,NA,FALSE,30,grassland
NPDB,0500886,NA,NA,FALSE,30,grassland
NPDB,0500887,NA,NA,FALSE,30,grassland
NPDB,0500888,NA,NA,FALSE,10,tree cover
NPDB,0500889,NA,NA,FALSE,10,tree cover
NPDB,0500890,NA,NA,FALSE,10,tree cover
NPDB,0500891,NA,NA,FALSE,10,tree cover
NPDB,0500892,NA,NA,FALSE,30,grassland
NPDB,0500893,NA,NA,FALSE,30,grassland
NPDB,0500894,NA,NA,FALSE,30,grassland
NPDB,0500895,NA,NA,FALSE,30,grassland
NPDB,0500896,NA,NA,FALSE,30,grassland
NPDB,0500897,NA,NA,FALSE,30,grassland
NPDB,0500898,NA,NA,FALSE,30,grassland
NPDB,0500899,NA,NA,FALSE,30,grassland
NPDB,0500900,NA,NA,FALSE,30,grassland
NPDB,0500901,NA,NA,FALSE,30,grassland
NPDB,0500902,NA,NA,FALSE,30,grassland
NPDB,0500903,NA,NA,FALSE,30,grassland
NPDB,0500904,NA,NA,FALSE,30,grassland
NPDB,0500905,NA,NA,FALSE,30,grassland
NPDB,0500906,NA,NA,FALSE,30,grassland
NPDB,0500907,NA,NA,FALSE,30,grassland
NPDB,0500908,NA,NA,FALSE,30,grassland
NPDB,0500909,NA,NA,FALSE,30,grassland
NPDB,0500910,NA,NA,FALSE,30,grassland
NPDB,0500911,NA,NA,FALSE,30,grassland
NPDB,0500912,NA,NA,FALSE,30,grassland
NPDB,0500913,NA,NA,FALSE,10,tree cover
NPDB,0500914,NA,NA,FALSE,30,grassland
NPDB,0500915,NA,NA,FALSE,10,tree cover
NPDB,0500916,NA,NA,FALSE,30,grassland
NPDB,0500917,183,marsh,TRUE,30,grassland
NPDB,0500918,NA,NA,FALSE,30,grassland
NPDB,0500920,NA,NA,FALSE,30,grassland
NPDB,0500921,NA,NA,FALSE,30,grassland
NPDB,0500922,NA,NA,FALSE,30,grassland
NPDB,0500923,182,swamp,TRUE,30,grassland
NPDB,0500924,182,swamp,TRUE,10,tree cover
NPDB,0500925,NA,NA,FALSE,10,tree cover
NPDB,0500926,NA,NA,FALSE,50,built-up
NPDB,0500927,NA,NA,FALSE,30,grassland
NPDB,0500928,NA,NA,FALSE,30,grassland
NPDB,0500929,NA,NA,FALSE,30,grassland
NPDB,0500930,NA,NA,FALSE,30,grassland
NPDB,0500931,NA,NA,FALSE,50,built-up
NPDB,0500932,180,non-wetland,FALSE,80,permanent water
NPDB,0500933,NA,NA,FALSE,80,permanent water
NPDB,0500934,NA,NA,FALSE,30,grassland
NPDB,0500935,NA,NA,FALSE,30,grassland
NPDB,0500936,182,swamp,TRUE,30,grassland
NPDB,0500937,182,swamp,TRUE,10,tree cover
NPDB,0500938,NA,NA,FALSE,10,tree cover
NPDB,0500939,NA,NA,FALSE,30,grassland
NPDB,0500940,NA,NA,FALSE,30,grassland
NPDB,0500941,NA,NA,FALSE,10,tree cover
NPDB,0500942,183,marsh,TRUE,60,bare/sparse
NPDB,0500943,NA,NA,FALSE,30,grassland
NPDB,0500944,182,swamp,TRUE,10,tree cover
NPDB,0500945,NA,NA,FALSE,30,grassland
NPDB,0500946,NA,NA,FALSE,30,grassland
NPDB,0500948,NA,NA,FALSE,30,grassland
NPDB,0500949,NA,NA,FALSE,30,grassland
NPDB,0500950,NA,NA,FALSE,30,grassland
NPDB,0500951,NA,NA,FALSE,30,grassland
NPDB,0500952,NA,NA,FALSE,40,cropland
NPDB,0500953,NA,NA,FALSE,30,grassland
NPDB,0500954,NA,NA,FALSE,30,grassland
NPDB,0500955,NA,NA,FALSE,30,grassland
NPDB,0500956,NA,NA,FALSE,10,tree cover
NPDB,0500957,NA,NA,FALSE,10,tree cover
NPDB,0500958,NA,NA,FALSE,30,grassland
NPDB,0500959,NA,NA,FALSE,10,tree cover
NPDB,0500960,NA,NA,FALSE,10,tree cover
NPDB,0500961,NA,NA,FALSE,30,grassland
NPDB,0500962,NA,NA,FALSE,30,grassland
NPDB,0500963,NA,NA,FALSE,80,permanent water
NPDB,0500964,NA,NA,FALSE,30,grassland
NPDB,0500965,NA,NA,FALSE,30,grassland
NPDB,0500966,NA,NA,FALSE,30,grassland
NPDB,0500967,182,swamp,TRUE,10,tree cover
NPDB,0500968,NA,NA,FALSE,10,tree cover
NPDB,0500969,NA,NA,FALSE,10,tree cover
NPDB,0500970,NA,NA,FALSE,10,tree cover
NPDB,0500971,NA,NA,FALSE,30,grassland
NPDB,0500972,NA,NA,FALSE,30,grassland
NPDB,0500973,NA,NA,FALSE,30,grassland
NPDB,0500974,NA,NA,FALSE,30,grassland
NPDB,0500975,NA,NA,FALSE,30,grassland
NPDB,0500976,NA,NA,FALSE,10,tree cover
NPDB,0500977,NA,NA,FALSE,30,grassland
NPDB,0500978,NA,NA,FALSE,30,grassland
NPDB,0500979,NA,NA,FALSE,30,grassland
NPDB,0500980,NA,NA,FALSE,30,grassland
NPDB,0500981,NA,NA,FALSE,10,tree cover
NPDB,0500982,NA,NA,FALSE,10,tree cover
NPDB,0500983,NA,NA,FALSE,30,grassland
NPDB,0500984,NA,NA,FALSE,10,tree cover
NPDB,0500985,NA,NA,FALSE,10,tree cover
NPDB,0500986,NA,NA,FALSE,30,grassland
NPDB,0500987,182,swamp,TRUE,30,grassland
NPDB,0500988,NA,NA,FALSE,10,tree cover
NPDB,0500989,NA,NA,FALSE,30,grassland
NPDB,0500990,NA,NA,FALSE,30,grassland
NPDB,0500991,NA,NA,FALSE,30,grassland
NPDB,0500992,NA,NA,FALSE,30,grassland
NPDB,0500993,NA,NA,FALSE,30,grassland
NPDB,0500994,NA,NA,FALSE,10,tree cover
NPDB,0500995,NA,NA,FALSE,30,grassland
NPDB,0500996,NA,NA,FALSE,10,tree cover
NPDB,0500997,182,swamp,TRUE,10,tree cover
NPDB,0500998,182,swamp,TRUE,10,tree cover
NPDB,0500999,NA,NA,FALSE,10,tree cover
NPDB,0501000,NA,NA,FALSE,10,tree cover
NPDB,0501001,NA,NA,FALSE,30,grassland
NPDB,0501002,NA,NA,FALSE,10,tree cover
NPDB,0501003,NA,NA,FALSE,30,grassland
NPDB,0501004,NA,NA,FALSE,10,tree cover
NPDB,0501005,NA,NA,FALSE,10,tree cover
NPDB,0501006,NA,NA,FALSE,10,tree cover
NPDB,0501007,NA,NA,FALSE,30,grassland
NPDB,0501008,NA,NA,FALSE,30,grassland
NPDB,0501009,NA,NA,FALSE,30,grassland
NPDB,0501010,180,non-wetland,FALSE,10,tree cover
NPDB,0501011,NA,NA,FALSE,30,grassland
NPDB,0501012,NA,NA,FALSE,30,grassland
NPDB,0501013,NA,NA,FALSE,10,tree cover
NPDB,0501014,NA,NA,FALSE,30,grassland
NPDB,0501015,NA,NA,FALSE,10,tree cover
NPDB,0501016,NA,NA,FALSE,30,grassland
NPDB,0501017,NA,NA,FALSE,10,tree cover
NPDB,0501018,NA,NA,FALSE,60,bare/sparse
NPDB,0501019,NA,NA,FALSE,30,grassland
NPDB,0501020,NA,NA,FALSE,30,grassland
NPDB,0501021,NA,NA,FALSE,50,built-up
NPDB,0501022,NA,NA,FALSE,10,tree cover
NPDB,0501023,NA,NA,FALSE,30,grassland
NPDB,0501024,NA,NA,FALSE,30,grassland
NPDB,0501025,NA,NA,FALSE,30,grassland
NPDB,0501026,NA,NA,FALSE,30,grassland
NPDB,0501027,NA,NA,FALSE,30,grassland
NPDB,0501028,182,swamp,TRUE,30,grassland
NPDB,0501029,NA,NA,FALSE,30,grassland
NPDB,0501030,NA,NA,FALSE,60,bare/sparse
NPDB,0501031,NA,NA,FALSE,30,grassland
NPDB,0501032,180,non-wetland,FALSE,80,permanent water
NPDB,0501033,NA,NA,FALSE,40,cropland
NPDB,0501034,NA,NA,FALSE,10,tree cover
NPDB,0501035,NA,NA,FALSE,10,tree cover
NPDB,0501036,NA,NA,FALSE,10,tree cover
NPDB,0501037,NA,NA,FALSE,10,tree cover
NPDB,0501038,NA,NA,FALSE,10,tree cover
NPDB,0501039,NA,NA,FALSE,10,tree cover
NPDB,0501040,NA,NA,FALSE,10,tree cover
NPDB,0501041,NA,NA,FALSE,10,tree cover
NPDB,0501042,NA,NA,FALSE,30,grassland
NPDB,0501043,NA,NA,FALSE,10,tree cover
NPDB,0501044,NA,NA,FALSE,10,tree cover
NPDB,0501045,NA,NA,FALSE,10,tree cover
NPDB,0501046,181,permanent water,FALSE,10,tree cover
NPDB,0501047,NA,NA,FALSE,10,tree cover
NPDB,0501048,NA,NA,FALSE,80,permanent water
NPDB,0501049,NA,NA,FALSE,30,grassland
NPDB,0501050,NA,NA,FALSE,30,grassland
NPDB,0501051,NA,NA,FALSE,10,tree cover
NPDB,0501052,NA,NA,FALSE,10,tree cover
NPDB,0501053,NA,NA,FALSE,10,tree cover
NPDB,0501054,NA,NA,FALSE,30,grassland
NPDB,0510001,NA,NA,FALSE,10,tree cover
NPDB,0510002,181,permanent water,FALSE,10,tree cover
NPDB,0510003,NA,NA,FALSE,10,tree cover
NPDB,0510004,NA,NA,FALSE,10,tree cover
NPDB,0510005,NA,NA,FALSE,30,grassland
NPDB,0510006,NA,NA,FALSE,10,tree cover
NPDB,0510007,NA,NA,FALSE,10,tree cover
NPDB,0510008,NA,NA,FALSE,10,tree cover
NPDB,0510009,NA,NA,FALSE,10,tree cover
NPDB,0510010,NA,NA,FALSE,10,tree cover
NPDB,0510011,NA,NA,FALSE,10,tree cover
NPDB,0510012,NA,NA,FALSE,10,tree cover
NPDB,0510013,NA,NA,FALSE,10,tree cover
NPDB,0520001,NA,NA,FALSE,10,tree cover
NPDB,0520002,NA,NA,FALSE,10,tree cover
NPDB,0520003,NA,NA,FALSE,10,tree cover
NPDB,0520004,NA,NA,FALSE,10,tree cover
NPDB,0520005,NA,NA,FALSE,10,tree cover
NPDB,0520006,NA,NA,FALSE,10,tree cover
NPDB,0520007,NA,NA,FALSE,10,tree cover
NPDB,0520008,NA,NA,FALSE,10,tree cover
NPDB,0520009,NA,NA,FALSE,20,shrubland
NPDB,0520010,NA,NA,FALSE,10,tree cover
NPDB,0530001,NA,NA,FALSE,10,tree cover
NPDB,0530002,NA,NA,FALSE,10,tree cover
NPDB,0530003,NA,NA,FALSE,60,bare/sparse
NPDB,0530004,NA,NA,FALSE,10,tree cover
NPDB,0530005,181,permanent water,FALSE,30,grassland
NPDB,0530006,NA,NA,FALSE,30,grassland
NPDB,0530007,NA,NA,FALSE,10,tree cover
NPDB,0530008,NA,NA,FALSE,10,tree cover
NPDB,0530009,NA,NA,FALSE,10,tree cover
NPDB,0530010,NA,NA,FALSE,10,tree cover
NPDB,0540001,NA,NA,FALSE,10,tree cover
NPDB,0540002,181,permanent water,FALSE,20,shrubland
NPDB,0540003,NA,NA,FALSE,10,tree cover
NPDB,0540004,NA,NA,FALSE,10,tree cover
NPDB,0540005,NA,NA,FALSE,10,tree cover
NPDB,0540006,NA,NA,FALSE,10,tree cover
NPDB,0540007,NA,NA,FALSE,10,tree cover
NPDB,0540008,NA,NA,FALSE,10,tree cover
NPDB,0540009,NA,NA,FALSE,10,tree cover
NPDB,0540010,NA,NA,FALSE,10,tree cover
NPDB,0540011,NA,NA,FALSE,10,tree cover
NPDB,0550001,NA,NA,FALSE,10,tree cover
NPDB,0550002,NA,NA,FALSE,10,tree cover
NPDB,0550003,NA,NA,FALSE,10,tree cover
NPDB,0550004,NA,NA,FALSE,10,tree cover
NPDB,0550005,NA,NA,FALSE,10,tree cover
NPDB,0550006,182,swamp,TRUE,30,grassland
NPDB,0550007,NA,NA,FALSE,10,tree cover
NPDB,0550008,NA,NA,FALSE,10,tree cover
NPDB,0550009,NA,NA,FALSE,10,tree cover
NPDB,0550010,NA,NA,FALSE,10,tree cover
NPDB,0550011,NA,NA,FALSE,10,tree cover
NPDB,0550012,NA,NA,FALSE,10,tree cover
NPDB,0550013,NA,NA,FALSE,30,grassland
NPDB,0550014,NA,NA,FALSE,30,grassland
NPDB,0550015,NA,NA,FALSE,10,tree cover
NPDB,0550016,NA,NA,FALSE,10,tree cover
NPDB,0550017,NA,NA,FALSE,10,tree cover
NPDB,0550018,NA,NA,FALSE,50,built-up
NPDB,0550019,NA,NA,FALSE,60,bare/sparse
NPDB,0560001,181,permanent water,FALSE,30,grassland
NPDB,0560002,181,permanent water,FALSE,10,tree cover
NPDB,0560003,NA,NA,FALSE,10,tree cover
NPDB,0560004,NA,NA,FALSE,10,tree cover
NPDB,0560005,NA,NA,FALSE,10,tree cover
NPDB,0560006,NA,NA,FALSE,10,tree cover
NPDB,0560007,181,permanent water,FALSE,10,tree cover
NPDB,0560008,NA,NA,FALSE,10,tree cover
NPDB,0560009,181,permanent water,FALSE,30,grassland
NPDB,0560010,NA,NA,FALSE,10,tree cover
NPDB,0560011,NA,NA,FALSE,30,grassland
NPDB,0560012,NA,NA,FALSE,10,tree cover
NPDB,0560013,NA,NA,FALSE,10,tree cover
NPDB,0560014,NA,NA,FALSE,10,tree cover
NPDB,0560015,NA,NA,FALSE,10,tree cover
NPDB,0560016,NA,NA,FALSE,30,grassland
NPDB,0560017,NA,NA,FALSE,20,shrubland
NPDB,0560018,NA,NA,FALSE,10,tree cover
NPDB,0560019,NA,NA,FALSE,10,tree cover
NPDB,0570001,NA,NA,FALSE,30,grassland
NPDB,0570002,NA,NA,FALSE,40,cropland
NPDB,0570003,NA,NA,FALSE,40,cropland
NPDB,0570004,NA,NA,FALSE,50,built-up
NPDB,0570005,NA,NA,FALSE,30,grassland
NPDB,0570006,NA,NA,FALSE,30,grassland
NPDB,0570007,NA,NA,FALSE,10,tree cover
NPDB,0570008,NA,NA,FALSE,30,grassland
NPDB,0570009,NA,NA,FALSE,10,tree cover
NPDB,0570010,NA,NA,FALSE,60,bare/sparse
NPDB,0570011,NA,NA,FALSE,10,tree cover
NPDB,0570012,NA,NA,FALSE,30,grassland
NPDB,0570013,NA,NA,FALSE,10,tree cover
NPDB,0570014,NA,NA,FALSE,30,grassland
NPDB,0570015,NA,NA,FALSE,30,grassland
NPDB,0570016,NA,NA,FALSE,10,tree cover
NPDB,0570017,NA,NA,FALSE,50,built-up
NPDB,0570018,NA,NA,FALSE,30,grassland
NPDB,0570019,NA,NA,FALSE,60,bare/sparse
NPDB,0570020,NA,NA,FALSE,30,grassland
NPDB,0570021,NA,NA,FALSE,30,grassland
NPDB,0570022,NA,NA,FALSE,10,tree cover
NPDB,0570023,NA,NA,FALSE,30,grassland
NPDB,0570024,NA,NA,FALSE,100,moss and lichen
NPDB,0570025,NA,NA,FALSE,10,tree cover
NPDB,0570026,NA,NA,FALSE,60,bare/sparse
NPDB,0570027,NA,NA,FALSE,30,grassland
NPDB,0570028,NA,NA,FALSE,50,built-up
NPDB,0570029,NA,NA,FALSE,30,grassland
NPDB,0580001,NA,NA,FALSE,10,tree cover
NPDB,0580002,NA,NA,FALSE,10,tree cover
NPDB,0580003,NA,NA,FALSE,30,grassland
NPDB,0580004,NA,NA,FALSE,30,grassland
NPDB,0580005,NA,NA,FALSE,10,tree cover
NPDB,0580006,NA,NA,FALSE,30,grassland
NPDB,0580007,NA,NA,FALSE,10,tree cover
NPDB,0580008,NA,NA,FALSE,10,tree cover
NPDB,0580009,NA,NA,FALSE,10,tree cover
NPDB,0580010,NA,NA,FALSE,10,tree cover
NPDB,0590001,NA,NA,FALSE,30,grassland
NPDB,0590002,NA,NA,FALSE,10,tree cover
NPDB,0590003,NA,NA,FALSE,10,tree cover
NPDB,0590004,NA,NA,FALSE,10,tree cover
NPDB,0590005,NA,NA,FALSE,30,grassland
NPDB,0590006,NA,NA,FALSE,10,tree cover
NPDB,0590007,NA,NA,FALSE,10,tree cover
NPDB,0590008,180,non-wetland,FALSE,80,permanent water
NPDB,0590009,NA,NA,FALSE,10,tree cover
NPDB,0590010,NA,NA,FALSE,10,tree cover
NPDB,0590011,NA,NA,FALSE,30,grassland
NPDB,0590012,NA,NA,FALSE,10,tree cover
NPDB,0590013,NA,NA,FALSE,10,tree cover
NPDB,0590014,NA,NA,FALSE,30,grassland
NPDB,0590015,NA,NA,FALSE,10,tree cover
NPDB,0590016,NA,NA,FALSE,10,tree cover
NPDB,0590017,NA,NA,FALSE,10,tree cover
NPDB,0590018,NA,NA,FALSE,30,grassland
NPDB,0590019,NA,NA,FALSE,30,grassland
NPDB,0590020,NA,NA,FALSE,40,cropland
NPDB,0590021,NA,NA,FALSE,10,tree cover
NPDB,0600001,NA,NA,FALSE,10,tree cover
NPDB,0600002,NA,NA,FALSE,10,tree cover
NPDB,0600003,NA,NA,FALSE,10,tree cover
NPDB,0600004,NA,NA,FALSE,10,tree cover
NPDB,0600005,NA,NA,FALSE,10,tree cover
NPDB,0600006,NA,NA,FALSE,10,tree cover
NPDB,0600007,NA,NA,FALSE,10,tree cover
NPDB,0600008,NA,NA,FALSE,10,tree cover
NPDB,0600009,NA,NA,FALSE,10,tree cover
NPDB,0600010,NA,NA,FALSE,10,tree cover
NPDB,0600011,NA,NA,FALSE,10,tree cover
NPDB,0600012,NA,NA,FALSE,30,grassland
NPDB,0600013,NA,NA,FALSE,10,tree cover
NPDB,0610001,NA,NA,FALSE,30,grassland
NPDB,0610002,NA,NA,FALSE,30,grassland
NPDB,0610003,NA,NA,FALSE,30,grassland
NPDB,0610004,NA,NA,FALSE,30,grassland
NPDB,0610005,NA,NA,FALSE,10,tree cover
NPDB,0610006,NA,NA,FALSE,10,tree cover
NPDB,0610007,NA,NA,FALSE,10,tree cover
NPDB,0610008,NA,NA,FALSE,10,tree cover
NPDB,0610009,NA,NA,FALSE,10,tree cover
NPDB,0610010,NA,NA,FALSE,10,tree cover
NPDB,0610011,NA,NA,FALSE,30,grassland
NPDB,0610012,NA,NA,FALSE,10,tree cover
NPDB,0610013,NA,NA,FALSE,10,tree cover
NPDB,0610014,NA,NA,FALSE,10,tree cover
NPDB,0610015,181,permanent water,FALSE,10,tree cover
NPDB,0610016,NA,NA,FALSE,10,tree cover
NPDB,0610017,NA,NA,FALSE,10,tree cover
NPDB,0610018,NA,NA,FALSE,10,tree cover
NPDB,0610019,NA,NA,FALSE,10,tree cover
NPDB,0610020,NA,NA,FALSE,10,tree cover
NPDB,0610021,181,permanent water,FALSE,10,tree cover
NPDB,0610022,NA,NA,FALSE,10,tree cover
NPDB,0610023,NA,NA,FALSE,10,tree cover
NPDB,0610024,NA,NA,FALSE,10,tree cover
NPDB,0610025,181,permanent water,FALSE,10,tree cover
NPDB,0620001,NA,NA,FALSE,40,cropland
NPDB,0620002,NA,NA,FALSE,40,cropland
NPDB,0630001,NA,NA,FALSE,40,cropland
NPDB,0630002,NA,NA,FALSE,40,cropland
NPDB,0640001,NA,NA,FALSE,40,cropland
NPDB,0640002,NA,NA,FALSE,40,cropland
NPDB,0640003,NA,NA,FALSE,40,cropland
NPDB,0650001,NA,NA,FALSE,40,cropland
NPDB,0650002,NA,NA,FALSE,40,cropland
NPDB,0660001,NA,NA,FALSE,30,grassland
NPDB,0660002,NA,NA,FALSE,30,grassland
NPDB,0670001,NA,NA,FALSE,10,tree cover
NPDB,0670002,NA,NA,FALSE,10,tree cover
NPDB,0670003,NA,NA,FALSE,10,tree cover
NPDB,0670004,NA,NA,FALSE,10,tree cover
NPDB,0670005,NA,NA,FALSE,10,tree cover
NPDB,0670006,NA,NA,FALSE,40,cropland
NPDB,0670007,NA,NA,FALSE,40,cropland
NPDB,0670008,NA,NA,FALSE,40,cropland
NPDB,0670009,NA,NA,FALSE,30,grassland
NPDB,0670010,NA,NA,FALSE,10,tree cover
NPDB,0680001,NA,NA,FALSE,10,tree cover
NPDB,0680002,NA,NA,FALSE,30,grassland
NPDB,0680003,NA,NA,FALSE,30,grassland
NPDB,0680004,NA,NA,FALSE,30,grassland
NPDB,0680005,NA,NA,FALSE,30,grassland
NPDB,0680006,NA,NA,FALSE,30,grassland
NPDB,0680007,NA,NA,FALSE,10,tree cover
NPDB,0680008,NA,NA,FALSE,10,tree cover
NPDB,0680009,180,non-wetland,FALSE,80,permanent water
NPDB,0680010,NA,NA,FALSE,10,tree cover
NPDB,0690001,NA,NA,FALSE,10,tree cover
NPDB,0690002,NA,NA,FALSE,30,grassland
NPDB,0690003,NA,NA,FALSE,10,tree cover
NPDB,0690004,NA,NA,FALSE,10,tree cover
NPDB,0690005,180,non-wetland,FALSE,80,permanent water
NPDB,0690006,NA,NA,FALSE,10,tree cover
NPDB,0690007,NA,NA,FALSE,40,cropland
NPDB,0690008,NA,NA,FALSE,40,cropland
NPDB,0690009,NA,NA,FALSE,30,grassland
NPDB,0690010,NA,NA,FALSE,30,grassland
NPDB,0690011,NA,NA,FALSE,40,cropland
NPDB,0690012,NA,NA,FALSE,30,grassland
NPDB,0700001,NA,NA,FALSE,10,tree cover
NPDB,0700002,NA,NA,FALSE,10,tree cover
NPDB,0710001,NA,NA,FALSE,40,cropland
NPDB,0720001,NA,NA,FALSE,40,cropland
NPDB,0720002,NA,NA,FALSE,40,cropland
NPDB,0720003,NA,NA,FALSE,10,tree cover
NPDB,0720004,NA,NA,FALSE,30,grassland
NPDB,0720005,NA,NA,FALSE,40,cropland
NPDB,0720006,NA,NA,FALSE,10,tree cover
NPDB,0720007,NA,NA,FALSE,40,cropland
NPDB,0720008,NA,NA,FALSE,10,tree cover
NPDB,0720009,NA,NA,FALSE,10,tree cover
NPDB,0720010,NA,NA,FALSE,30,grassland
NPDB,0720011,NA,NA,FALSE,10,tree cover
NPDB,0720012,NA,NA,FALSE,40,cropland
NPDB,0720014,NA,NA,FALSE,40,cropland
NPDB,0720015,NA,NA,FALSE,40,cropland
NPDB,0720016,NA,NA,FALSE,40,cropland
NPDB,0720017,NA,NA,FALSE,30,grassland
NPDB,0720018,NA,NA,FALSE,10,tree cover
NPDB,0720019,NA,NA,FALSE,40,cropland
NPDB,0730001,NA,NA,FALSE,40,cropland
NPDB,0730002,NA,NA,FALSE,50,built-up
NPDB,0730003,NA,NA,FALSE,10,tree cover
NPDB,0730004,NA,NA,FALSE,30,grassland
NPDB,0730005,NA,NA,FALSE,30,grassland
NPDB,0730006,NA,NA,FALSE,10,tree cover
NPDB,0730007,NA,NA,FALSE,10,tree cover
NPDB,0730008,NA,NA,FALSE,10,tree cover
NPDB,0730009,NA,NA,FALSE,60,bare/sparse
NPDB,0730010,NA,NA,FALSE,30,grassland
NPDB,0730011,NA,NA,FALSE,10,tree cover
NPDB,0730012,NA,NA,FALSE,50,built-up
NPDB,0730013,NA,NA,FALSE,10,tree cover
NPDB,0730014,NA,NA,FALSE,10,tree cover
NPDB,0730015,NA,NA,FALSE,30,grassland
NPDB,0730016,NA,NA,FALSE,30,grassland
NPDB,0730017,NA,NA,FALSE,30,grassland
NPDB,0730018,NA,NA,FALSE,30,grassland
NPDB,0730019,NA,NA,FALSE,30,grassland
NPDB,0730020,NA,NA,FALSE,40,cropland
NPDB,0730021,NA,NA,FALSE,40,cropland
NPDB,0730022,NA,NA,FALSE,30,grassland
NPDB,0730023,NA,NA,FALSE,30,grassland
NPDB,0730024,NA,NA,FALSE,30,grassland
NPDB,0730025,NA,NA,FALSE,30,grassland
NPDB,0730027,NA,NA,FALSE,30,grassland
NPDB,0730028,NA,NA,FALSE,40,cropland
NPDB,0730029,NA,NA,FALSE,40,cropland
NPDB,0730030,NA,NA,FALSE,30,grassland
NPDB,0730031,NA,NA,FALSE,10,tree cover
NPDB,0730032,NA,NA,FALSE,50,built-up
NPDB,0730033,NA,NA,FALSE,40,cropland
NPDB,0730034,NA,NA,FALSE,10,tree cover
NPDB,0730035,NA,NA,FALSE,10,tree cover
NPDB,0730036,NA,NA,FALSE,30,grassland
NPDB,0730037,NA,NA,FALSE,30,grassland
NPDB,0730038,NA,NA,FALSE,10,tree cover
NPDB,0730040,NA,NA,FALSE,10,tree cover
NPDB,0730041,NA,NA,FALSE,30,grassland
NPDB,0730042,NA,NA,FALSE,50,built-up
NPDB,0730043,NA,NA,FALSE,30,grassland
NPDB,0730044,NA,NA,FALSE,40,cropland
NPDB,0740001,NA,NA,FALSE,40,cropland
NPDB,0740002,NA,NA,FALSE,10,tree cover
NPDB,0740003,NA,NA,FALSE,40,cropland
NPDB,0740004,NA,NA,FALSE,30,grassland
NPDB,0740005,NA,NA,FALSE,40,cropland
NPDB,0740006,NA,NA,FALSE,30,grassland
NPDB,0740007,NA,NA,FALSE,40,cropland
NPDB,0740008,NA,NA,FALSE,40,cropland
NPDB,0740009,NA,NA,FALSE,10,tree cover
NPDB,0740010,NA,NA,FALSE,10,tree cover
NPDB,0740011,NA,NA,FALSE,30,grassland
NPDB,0740012,NA,NA,FALSE,40,cropland
NPDB,0750001,NA,NA,FALSE,30,grassland
NPDB,0750002,NA,NA,FALSE,30,grassland
NPDB,0750003,NA,NA,FALSE,30,grassland
NPDB,0750004,NA,NA,FALSE,30,grassland
NPDB,0750005,NA,NA,FALSE,30,grassland
NPDB,0750006,NA,NA,FALSE,30,grassland
NPDB,0750007,NA,NA,FALSE,30,grassland
NPDB,0750008,NA,NA,FALSE,40,cropland
NPDB,0750009,NA,NA,FALSE,30,grassland
NPDB,0750010,NA,NA,FALSE,30,grassland
NPDB,0750011,NA,NA,FALSE,40,cropland
NPDB,0750012,NA,NA,FALSE,40,cropland
NPDB,0750013,NA,NA,FALSE,30,grassland
NPDB,0750014,NA,NA,FALSE,30,grassland
NPDB,0760001,NA,NA,FALSE,40,cropland
NPDB,0760002,NA,NA,FALSE,30,grassland
NPDB,0760003,NA,NA,FALSE,30,grassland
NPDB,0760004,NA,NA,FALSE,30,grassland
NPDB,0760005,NA,NA,FALSE,30,grassland
NPDB,0760006,NA,NA,FALSE,30,grassland
NPDB,0760007,NA,NA,FALSE,40,cropland
NPDB,0770001,NA,NA,FALSE,30,grassland
NPDB,0770002,NA,NA,FALSE,40,cropland
NPDB,0770003,NA,NA,FALSE,30,grassland
NPDB,0770004,NA,NA,FALSE,40,cropland
NPDB,0770005,NA,NA,FALSE,40,cropland
NPDB,0780001,NA,NA,FALSE,10,tree cover
NPDB,0780002,NA,NA,FALSE,10,tree cover
NPDB,0780003,NA,NA,FALSE,50,built-up
NPDB,0780004,NA,NA,FALSE,10,tree cover
NPDB,0780005,NA,NA,FALSE,40,cropland
NPDB,0780006,NA,NA,FALSE,10,tree cover
NPDB,0780007,NA,NA,FALSE,30,grassland
NPDB,0780008,NA,NA,FALSE,30,grassland
NPDB,0780009,180,non-wetland,FALSE,80,permanent water
NPDB,0780010,NA,NA,FALSE,40,cropland
NPDB,0780011,NA,NA,FALSE,40,cropland
NPDB,0780012,NA,NA,FALSE,40,cropland
NPDB,0780013,NA,NA,FALSE,10,tree cover
NPDB,0780014,NA,NA,FALSE,10,tree cover
NPDB,0780015,NA,NA,FALSE,40,cropland
NPDB,0780016,NA,NA,FALSE,40,cropland
NPDB,0780017,NA,NA,FALSE,30,grassland
NPDB,0780018,NA,NA,FALSE,30,grassland
NPDB,0780019,NA,NA,FALSE,30,grassland
NPDB,0790001,NA,NA,FALSE,40,cropland
NPDB,0800001,NA,NA,FALSE,40,cropland
NPDB,0810001,NA,NA,FALSE,40,cropland
NPDB,0820001,NA,NA,FALSE,30,grassland
NPDB,0820002,NA,NA,FALSE,30,grassland
NPDB,0820003,NA,NA,FALSE,10,tree cover
NPDB,0820004,NA,NA,FALSE,10,tree cover
NPDB,0820005,NA,NA,FALSE,10,tree cover
NPDB,0820006,NA,NA,FALSE,30,grassland
NPDB,0820007,NA,NA,FALSE,10,tree cover
NPDB,0820008,NA,NA,FALSE,30,grassland
NPDB,0820009,NA,NA,FALSE,10,tree cover
NPDB,0820010,NA,NA,FALSE,10,tree cover
NPDB,0820011,NA,NA,FALSE,10,tree cover
NPDB,0820012,NA,NA,FALSE,10,tree cover
NPDB,0820013,NA,NA,FALSE,10,tree cover
NPDB,0820014,NA,NA,FALSE,30,grassland
NPDB,0820015,NA,NA,FALSE,30,grassland
NPDB,0820016,NA,NA,FALSE,10,tree cover
NPDB,0820017,NA,NA,FALSE,10,tree cover
NPDB,0820018,NA,NA,FALSE,10,tree cover
NPDB,0820019,NA,NA,FALSE,10,tree cover
NPDB,0820020,NA,NA,FALSE,10,tree cover
NPDB,0820021,NA,NA,FALSE,10,tree cover
NPDB,0820022,NA,NA,FALSE,10,tree cover
NPDB,0820023,NA,NA,FALSE,10,tree cover
NPDB,0820024,NA,NA,FALSE,10,tree cover
NPDB,0820025,NA,NA,FALSE,30,grassland
NPDB,0820026,NA,NA,FALSE,10,tree cover
NPDB,0820027,NA,NA,FALSE,30,grassland
NPDB,0820028,NA,NA,FALSE,30,grassland
NPDB,0820029,NA,NA,FALSE,10,tree cover
NPDB,0820030,NA,NA,FALSE,10,tree cover
NPDB,0820031,NA,NA,FALSE,10,tree cover
NPDB,0820032,NA,NA,FALSE,10,tree cover
NPDB,0820033,NA,NA,FALSE,10,tree cover
NPDB,0820034,NA,NA,FALSE,10,tree cover
NPDB,0820035,NA,NA,FALSE,100,moss and lichen
NPDB,0820036,NA,NA,FALSE,10,tree cover
NPDB,0820037,NA,NA,FALSE,30,grassland
NPDB,0820039,NA,NA,FALSE,10,tree cover
NPDB,0820040,NA,NA,FALSE,30,grassland
NPDB,0820041,NA,NA,FALSE,10,tree cover
NPDB,0820042,NA,NA,FALSE,10,tree cover
NPDB,0820044,182,swamp,TRUE,10,tree cover
NPDB,0820045,NA,NA,FALSE,10,tree cover
NPDB,0820046,NA,NA,FALSE,10,tree cover
NPDB,0820047,NA,NA,FALSE,10,tree cover
NPDB,0820048,180,non-wetland,FALSE,80,permanent water
NPDB,0820049,NA,NA,FALSE,10,tree cover
NPDB,0820050,181,permanent water,FALSE,30,grassland
NPDB,0820051,NA,NA,FALSE,10,tree cover
NPDB,0820052,NA,NA,FALSE,30,grassland
NPDB,0820053,NA,NA,FALSE,10,tree cover
NPDB,0820054,NA,NA,FALSE,30,grassland
NPDB,0820056,NA,NA,FALSE,10,tree cover
NPDB,0820057,NA,NA,FALSE,10,tree cover
NPDB,0820058,NA,NA,FALSE,10,tree cover
NPDB,0820059,181,permanent water,FALSE,30,grassland
NPDB,0820060,NA,NA,FALSE,30,grassland
NPDB,0820062,NA,NA,FALSE,10,tree cover
NPDB,0820063,181,permanent water,FALSE,20,shrubland
NPDB,0820064,NA,NA,FALSE,10,tree cover
NPDB,0820065,181,permanent water,FALSE,30,grassland
NPDB,0820066,180,non-wetland,FALSE,80,permanent water
NPDB,0820067,181,permanent water,FALSE,10,tree cover
NPDB,0820068,NA,NA,FALSE,10,tree cover
NPDB,0820069,NA,NA,FALSE,10,tree cover
NPDB,0820070,NA,NA,FALSE,10,tree cover
NPDB,0820071,NA,NA,FALSE,10,tree cover
NPDB,0820072,NA,NA,FALSE,10,tree cover
NPDB,0820073,181,permanent water,FALSE,10,tree cover
NPDB,0820074,NA,NA,FALSE,10,tree cover
NPDB,0820075,NA,NA,FALSE,10,tree cover
NPDB,0820076,NA,NA,FALSE,10,tree cover
NPDB,0820077,NA,NA,FALSE,10,tree cover
NPDB,0820078,NA,NA,FALSE,10,tree cover
NPDB,0820079,NA,NA,FALSE,10,tree cover
NPDB,0820080,NA,NA,FALSE,10,tree cover
NPDB,0820081,NA,NA,FALSE,10,tree cover
NPDB,0820082,NA,NA,FALSE,10,tree cover
NPDB,0820083,181,permanent water,FALSE,10,tree cover
NPDB,0820084,NA,NA,FALSE,10,tree cover
NPDB,0820085,NA,NA,FALSE,10,tree cover
NPDB,0820086,NA,NA,FALSE,10,tree cover
NPDB,0820087,NA,NA,FALSE,30,grassland
NPDB,0820088,NA,NA,FALSE,10,tree cover
NPDB,0820089,NA,NA,FALSE,10,tree cover
NPDB,0820090,NA,NA,FALSE,10,tree cover
NPDB,0820091,NA,NA,FALSE,10,tree cover
NPDB,0820092,NA,NA,FALSE,10,tree cover
NPDB,0820093,NA,NA,FALSE,10,tree cover
NPDB,0820094,NA,NA,FALSE,20,shrubland
NPDB,0820095,181,permanent water,FALSE,20,shrubland
NPDB,0820096,NA,NA,FALSE,30,grassland
NPDB,0820097,NA,NA,FALSE,10,tree cover
NPDB,0820098,NA,NA,FALSE,10,tree cover
NPDB,0820099,NA,NA,FALSE,30,grassland
NPDB,0820100,NA,NA,FALSE,50,built-up
NPDB,0820101,NA,NA,FALSE,10,tree cover
NPDB,0820102,NA,NA,FALSE,30,grassland
NPDB,0820103,NA,NA,FALSE,10,tree cover
NPDB,0820104,181,permanent water,FALSE,30,grassland
NPDB,0820105,181,permanent water,FALSE,30,grassland
NPDB,0820106,NA,NA,FALSE,10,tree cover
NPDB,0820107,NA,NA,FALSE,30,grassland
NPDB,0820108,NA,NA,FALSE,30,grassland
NPDB,0820109,NA,NA,FALSE,10,tree cover
NPDB,0820110,NA,NA,FALSE,20,shrubland
NPDB,0820111,NA,NA,FALSE,10,tree cover
NPDB,0820112,NA,NA,FALSE,30,grassland
NPDB,0820113,NA,NA,FALSE,30,grassland
NPDB,0820114,181,permanent water,FALSE,20,shrubland
NPDB,0820115,NA,NA,FALSE,10,tree cover
NPDB,0820116,NA,NA,FALSE,10,tree cover
NPDB,0820117,181,permanent water,FALSE,10,tree cover
NPDB,0820118,NA,NA,FALSE,10,tree cover
NPDB,0820119,181,permanent water,FALSE,20,shrubland
NPDB,0820120,180,non-wetland,FALSE,30,grassland
NPDB,0820121,NA,NA,FALSE,10,tree cover
NPDB,0820122,NA,NA,FALSE,30,grassland
NPDB,0820123,NA,NA,FALSE,30,grassland
NPDB,0820124,NA,NA,FALSE,30,grassland
NPDB,0820125,NA,NA,FALSE,30,grassland
NPDB,0820126,NA,NA,FALSE,10,tree cover
NPDB,0830001,NA,NA,FALSE,30,grassland
NPDB,0830002,NA,NA,FALSE,100,moss and lichen
NPDB,0830003,NA,NA,FALSE,100,moss and lichen
NPDB,0830004,NA,NA,FALSE,100,moss and lichen
NPDB,0830005,NA,NA,FALSE,10,tree cover
NPDB,0830006,NA,NA,FALSE,30,grassland
NPDB,0830007,NA,NA,FALSE,30,grassland
NPDB,0830008,NA,NA,FALSE,30,grassland
NPDB,0830009,NA,NA,FALSE,30,grassland
NPDB,0830010,NA,NA,FALSE,10,tree cover
NPDB,0830011,NA,NA,FALSE,10,tree cover
NPDB,0830012,NA,NA,FALSE,30,grassland
NPDB,0830013,NA,NA,FALSE,30,grassland
NPDB,0830014,NA,NA,FALSE,30,grassland
NPDB,0830015,NA,NA,FALSE,10,tree cover
NPDB,0830016,NA,NA,FALSE,10,tree cover
NPDB,0830017,NA,NA,FALSE,10,tree cover
NPDB,0830018,NA,NA,FALSE,30,grassland
NPDB,0830019,NA,NA,FALSE,10,tree cover
NPDB,0830020,NA,NA,FALSE,30,grassland
NPDB,0830021,NA,NA,FALSE,30,grassland
NPDB,0830022,NA,NA,FALSE,10,tree cover
NPDB,0840001,NA,NA,FALSE,30,grassland
NPDB,0840002,NA,NA,FALSE,10,tree cover
NPDB,0840003,181,permanent water,FALSE,10,tree cover
NPDB,0840004,NA,NA,FALSE,10,tree cover
NPDB,0840005,NA,NA,FALSE,10,tree cover
NPDB,0840006,NA,NA,FALSE,10,tree cover
NPDB,0840007,181,permanent water,FALSE,10,tree cover
NPDB,0840008,NA,NA,FALSE,10,tree cover
NPDB,0840009,NA,NA,FALSE,10,tree cover
NPDB,0840010,NA,NA,FALSE,10,tree cover
NPDB,0840011,NA,NA,FALSE,30,grassland
NPDB,0840012,NA,NA,FALSE,10,tree cover
NPDB,0840013,NA,NA,FALSE,50,built-up
NPDB,0840014,NA,NA,FALSE,10,tree cover
NPDB,0840015,NA,NA,FALSE,10,tree cover
NPDB,0850001,NA,NA,FALSE,10,tree cover
NPDB,0850002,NA,NA,FALSE,30,grassland
NPDB,0850003,NA,NA,FALSE,10,tree cover
NPDB,0850004,NA,NA,FALSE,30,grassland
NPDB,0850005,NA,NA,FALSE,10,tree cover
NPDB,0850006,NA,NA,FALSE,10,tree cover
NPDB,0860001,NA,NA,FALSE,10,tree cover
NPDB,0860002,NA,NA,FALSE,10,tree cover
NPDB,0860003,NA,NA,FALSE,10,tree cover
NPDB,0860004,NA,NA,FALSE,10,tree cover
NPDB,0860005,NA,NA,FALSE,30,grassland
NPDB,0860006,NA,NA,FALSE,10,tree cover
NPDB,0860007,NA,NA,FALSE,10,tree cover
NPDB,0860008,181,permanent water,FALSE,30,grassland
NPDB,0860009,NA,NA,FALSE,10,tree cover
NPDB,0860010,NA,NA,FALSE,10,tree cover
NPDB,0860011,NA,NA,FALSE,10,tree cover
NPDB,0860012,NA,NA,FALSE,10,tree cover
NPDB,0860013,NA,NA,FALSE,10,tree cover
NPDB,0860014,NA,NA,FALSE,10,tree cover
NPDB,0870001,NA,NA,FALSE,30,grassland
NPDB,0870002,NA,NA,FALSE,30,grassland
NPDB,0870003,NA,NA,FALSE,10,tree cover
NPDB,0870004,NA,NA,FALSE,10,tree cover
NPDB,0870005,NA,NA,FALSE,40,cropland
NPDB,0870006,NA,NA,FALSE,10,tree cover
NPDB,0870007,NA,NA,FALSE,40,cropland
NPDB,0870008,NA,NA,FALSE,10,tree cover
NPDB,0870009,NA,NA,FALSE,30,grassland
NPDB,0870010,NA,NA,FALSE,30,grassland
NPDB,0870011,NA,NA,FALSE,40,cropland
NPDB,0870012,NA,NA,FALSE,10,tree cover
NPDB,0870013,NA,NA,FALSE,40,cropland
NPDB,0870014,NA,NA,FALSE,30,grassland
NPDB,0870015,NA,NA,FALSE,10,tree cover
NPDB,0870016,NA,NA,FALSE,10,tree cover
NPDB,0870017,NA,NA,FALSE,10,tree cover
NPDB,0870018,NA,NA,FALSE,40,cropland
NPDB,0870022,NA,NA,FALSE,30,grassland
NPDB,0870023,NA,NA,FALSE,10,tree cover
NPDB,0870024,NA,NA,FALSE,10,tree cover
NPDB,0870025,NA,NA,FALSE,10,tree cover
NPDB,0870026,NA,NA,FALSE,10,tree cover
NPDB,0870027,NA,NA,FALSE,10,tree cover
NPDB,0870028,NA,NA,FALSE,20,shrubland
NPDB,0870029,NA,NA,FALSE,80,permanent water
NPDB,0870030,NA,NA,FALSE,10,tree cover
NPDB,0870031,NA,NA,FALSE,60,bare/sparse
NPDB,0870032,NA,NA,FALSE,10,tree cover
NPDB,0870033,NA,NA,FALSE,10,tree cover
NPDB,0870034,NA,NA,FALSE,10,tree cover
NPDB,0870035,NA,NA,FALSE,10,tree cover
NPDB,0870036,NA,NA,FALSE,10,tree cover
NPDB,0870037,NA,NA,FALSE,10,tree cover
NPDB,0870045,NA,NA,FALSE,10,tree cover
NPDB,0870046,NA,NA,FALSE,10,tree cover
NPDB,0870047,NA,NA,FALSE,10,tree cover
NPDB,0870048,NA,NA,FALSE,10,tree cover
NPDB,0870049,NA,NA,FALSE,30,grassland
NPDB,0870050,NA,NA,FALSE,30,grassland
NPDB,0870051,NA,NA,FALSE,10,tree cover
NPDB,0870052,NA,NA,FALSE,30,grassland
NPDB,0870053,NA,NA,FALSE,30,grassland
NPDB,0870054,NA,NA,FALSE,10,tree cover
NPDB,0870055,NA,NA,FALSE,10,tree cover
NPDB,0870056,NA,NA,FALSE,10,tree cover
NPDB,0870057,NA,NA,FALSE,30,grassland
NPDB,0870058,NA,NA,FALSE,30,grassland
NPDB,0870059,NA,NA,FALSE,10,tree cover
NPDB,0870060,NA,NA,FALSE,10,tree cover
NPDB,0870061,NA,NA,FALSE,10,tree cover
NPDB,0870062,NA,NA,FALSE,10,tree cover
NPDB,0870063,NA,NA,FALSE,10,tree cover
NPDB,0870064,NA,NA,FALSE,10,tree cover
NPDB,0870065,NA,NA,FALSE,30,grassland
NPDB,0870066,NA,NA,FALSE,10,tree cover
NPDB,0870067,NA,NA,FALSE,10,tree cover
NPDB,0870068,NA,NA,FALSE,10,tree cover
NPDB,0870069,180,non-wetland,FALSE,80,permanent water
NPDB,0870070,NA,NA,FALSE,30,grassland
NPDB,0870071,NA,NA,FALSE,30,grassland
NPDB,0870072,NA,NA,FALSE,10,tree cover
NPDB,0870073,NA,NA,FALSE,10,tree cover
NPDB,0870074,NA,NA,FALSE,10,tree cover
NPDB,0870075,NA,NA,FALSE,10,tree cover
NPDB,0870076,NA,NA,FALSE,30,grassland
NPDB,0870077,NA,NA,FALSE,10,tree cover
NPDB,0870078,NA,NA,FALSE,10,tree cover
NPDB,0870079,NA,NA,FALSE,30,grassland
NPDB,0870080,NA,NA,FALSE,10,tree cover
NPDB,0870081,NA,NA,FALSE,10,tree cover
NPDB,0870082,NA,NA,FALSE,50,built-up
NPDB,0870083,NA,NA,FALSE,10,tree cover
NPDB,0870084,NA,NA,FALSE,10,tree cover
NPDB,0870085,NA,NA,FALSE,10,tree cover
NPDB,0870086,NA,NA,FALSE,10,tree cover
NPDB,0870087,NA,NA,FALSE,10,tree cover
NPDB,0870088,NA,NA,FALSE,10,tree cover
NPDB,0870089,181,permanent water,FALSE,10,tree cover
NPDB,0870094,NA,NA,FALSE,10,tree cover
NPDB,0870095,NA,NA,FALSE,60,bare/sparse
NPDB,0870096,NA,NA,FALSE,10,tree cover
NPDB,0870097,NA,NA,FALSE,10,tree cover
NPDB,0870098,NA,NA,FALSE,10,tree cover
NPDB,0870099,NA,NA,FALSE,10,tree cover
NPDB,0870100,NA,NA,FALSE,10,tree cover
NPDB,0870102,NA,NA,FALSE,60,bare/sparse
NPDB,0870103,NA,NA,FALSE,10,tree cover
NPDB,0870104,NA,NA,FALSE,10,tree cover
NPDB,0870106,NA,NA,FALSE,10,tree cover
NPDB,0870107,NA,NA,FALSE,30,grassland
NPDB,0870109,NA,NA,FALSE,10,tree cover
NPDB,0870110,NA,NA,FALSE,10,tree cover
NPDB,0870111,NA,NA,FALSE,60,bare/sparse
NPDB,0870113,NA,NA,FALSE,10,tree cover
NPDB,0870114,NA,NA,FALSE,10,tree cover
NPDB,0870115,NA,NA,FALSE,30,grassland
NPDB,0870116,NA,NA,FALSE,30,grassland
NPDB,0870117,NA,NA,FALSE,10,tree cover
NPDB,0870118,NA,NA,FALSE,10,tree cover
NPDB,0870119,NA,NA,FALSE,100,moss and lichen
NPDB,0870120,NA,NA,FALSE,100,moss and lichen
NPDB,0870121,NA,NA,FALSE,10,tree cover
NPDB,0870122,NA,NA,FALSE,30,grassland
NPDB,0870123,NA,NA,FALSE,10,tree cover
NPDB,0870124,NA,NA,FALSE,30,grassland
NPDB,0870125,NA,NA,FALSE,50,built-up
NPDB,0870126,NA,NA,FALSE,30,grassland
NPDB,0870127,NA,NA,FALSE,30,grassland
NPDB,0870128,NA,NA,FALSE,80,permanent water
NPDB,0870129,NA,NA,FALSE,10,tree cover
NPDB,0870131,NA,NA,FALSE,10,tree cover
NPDB,0870132,NA,NA,FALSE,30,grassland
NPDB,0870133,NA,NA,FALSE,10,tree cover
NPDB,0870134,NA,NA,FALSE,10,tree cover
NPDB,0870135,NA,NA,FALSE,10,tree cover
NPDB,0870143,NA,NA,FALSE,10,tree cover
NPDB,0870147,NA,NA,FALSE,10,tree cover
NPDB,0870148,NA,NA,FALSE,10,tree cover
NPDB,0870149,NA,NA,FALSE,10,tree cover
NPDB,0870150,NA,NA,FALSE,30,grassland
NPDB,0870151,NA,NA,FALSE,10,tree cover
NPDB,0870152,NA,NA,FALSE,10,tree cover
NPDB,0870153,NA,NA,FALSE,30,grassland
NPDB,0870209,NA,NA,FALSE,10,tree cover
NPDB,0870263,NA,NA,FALSE,10,tree cover
NPDB,0880001,NA,NA,FALSE,10,tree cover
NPDB,0880002,NA,NA,FALSE,10,tree cover
NPDB,0880003,NA,NA,FALSE,100,moss and lichen
NPDB,0880004,NA,NA,FALSE,10,tree cover
NPDB,0880005,NA,NA,FALSE,10,tree cover
NPDB,0880006,NA,NA,FALSE,30,grassland
NPDB,0880007,NA,NA,FALSE,10,tree cover
NPDB,0880008,NA,NA,FALSE,10,tree cover
NPDB,0880009,NA,NA,FALSE,30,grassland
NPDB,0880010,NA,NA,FALSE,10,tree cover
NPDB,0880011,NA,NA,FALSE,10,tree cover
NPDB,0880012,NA,NA,FALSE,10,tree cover
NPDB,0880013,NA,NA,FALSE,10,tree cover
NPDB,0880014,NA,NA,FALSE,10,tree cover
NPDB,0880015,NA,NA,FALSE,30,grassland
NPDB,0880016,NA,NA,FALSE,10,tree cover
NPDB,0880017,NA,NA,FALSE,10,tree cover
NPDB,0880018,NA,NA,FALSE,10,tree cover
NPDB,0880019,NA,NA,FALSE,30,grassland
NPDB,0880020,NA,NA,FALSE,10,tree cover
NPDB,0880021,NA,NA,FALSE,30,grassland
NPDB,0880022,NA,NA,FALSE,10,tree cover
NPDB,0880023,NA,NA,FALSE,30,grassland
NPDB,0880024,NA,NA,FALSE,10,tree cover
NPDB,0880025,NA,NA,FALSE,10,tree cover
NPDB,0880026,NA,NA,FALSE,10,tree cover
NPDB,0880027,NA,NA,FALSE,10,tree cover
NPDB,0880028,NA,NA,FALSE,10,tree cover
NPDB,0880029,NA,NA,FALSE,30,grassland
NPDB,0880030,NA,NA,FALSE,10,tree cover
NPDB,0880031,NA,NA,FALSE,30,grassland
NPDB,0880032,NA,NA,FALSE,10,tree cover
NPDB,0880033,NA,NA,FALSE,10,tree cover
WOSIS Canada,1144107,NA,NA,FALSE,30,grassland
WOSIS Canada,1176745,NA,NA,FALSE,10,tree cover
WOSIS Canada,1181763,NA,NA,FALSE,30,grassland
WOSIS Canada,1181821,NA,NA,FALSE,40,cropland
WOSIS Canada,1182604,NA,NA,FALSE,30,grassland
WOSIS Canada,1211731,NA,NA,FALSE,10,tree cover
WOSIS Canada,1211732,NA,NA,FALSE,10,tree cover
WOSIS Canada,1216582,NA,NA,FALSE,10,tree cover
WOSIS Canada,1216583,NA,NA,FALSE,10,tree cover
WOSIS Canada,1216584,NA,NA,FALSE,10,tree cover
WOSIS Canada,1283790,NA,NA,FALSE,100,moss and lichen
WOSIS Canada,1321702,NA,NA,FALSE,10,tree cover
WOSIS Canada,1348929,NA,NA,FALSE,10,tree cover
WOSIS Canada,1350602,NA,NA,FALSE,10,tree cover
WOSIS Canada,1352896,NA,NA,FALSE,100,moss and lichen
WOSIS Canada,1385425,NA,NA,FALSE,10,tree cover
WOSIS Canada,1420110,NA,NA,FALSE,10,tree cover
WOSIS Canada,1425092,NA,NA,FALSE,40,cropland
WOSIS Canada,1453074,NA,NA,FALSE,10,tree cover
WOSIS Canada,1492154,NA,NA,FALSE,60,bare/sparse
WOSIS Canada,1529276,NA,NA,FALSE,40,cropland
WOSIS Canada,1557189,NA,NA,FALSE,10,tree cover
WOSIS Canada,1599771,NA,NA,FALSE,30,grassland
WOSIS Canada,1627031,NA,NA,FALSE,10,tree cover
WOSIS Canada,1631106,NA,NA,FALSE,100,moss and lichen
WOSIS Canada,1631298,NA,NA,FALSE,100,moss and lichen
WOSIS Canada,1668457,NA,NA,FALSE,30,grassland
WOSIS Canada,1668458,NA,NA,FALSE,40,cropland
WOSIS Canada,1696197,NA,NA,FALSE,10,tree cover
